{"detailsV2":{"tabs":[{"id":"summary","name":"Legacy Summary","type":"summary"},{"id":"caseinfoid","name":"Incident Info","sections":[{"displayType":"CARD","h":5,"i":"caseinfoid-fce71720-98b0-11e9-97d7-ed26ef9e46c8","isVisible":true,"items":[{"endCol":2,"fieldId":"type","height":53,"id":"incident-type-field","index":0,"sectionItemType":"field","startCol":0},{"endCol":2,"fieldId":"gatewatchereventmodule","height":53,"id":"c30110e0-acc0-11ef-9202-89fa98701c99","index":1,"sectionItemType":"field","startCol":0},{"dropEffect":"move","endCol":2,"fieldId":"severity","height":53,"id":"incident-severity-field","index":2,"listId":"caseinfoid-fce71720-98b0-11e9-97d7-ed26ef9e46c8","sectionItemType":"field","startCol":0},{"endCol":2,"fieldId":"gatewatcherflowid","height":53,"id":"255ad3c0-ac08-11ef-9ad9-09a766893e47","index":3,"sectionItemType":"field","startCol":0},{"dropEffect":"move","endCol":2,"fieldId":"gatewatchersourceip","height":53,"id":"50f2d410-abe0-11ef-ad0a-79f77443cdb4","index":4,"listId":"caseinfoid-fce71720-98b0-11e9-97d7-ed26ef9e46c8","sectionItemType":"field","startCol":0},{"endCol":2,"fieldId":"gatewatchersourceport","height":53,"id":"4e76d790-abe0-11ef-ad0a-79f77443cdb4","index":5,"sectionItemType":"field","startCol":0},{"dropEffect":"move","endCol":2,"fieldId":"gatewatcherdestinationip","height":53,"id":"53cc32d0-abe0-11ef-ad0a-79f77443cdb4","index":6,"listId":"caseinfoid-fce71720-98b0-11e9-97d7-ed26ef9e46c8","sectionItemType":"field","startCol":0},{"endCol":2,"fieldId":"gatewatcherdestinationport","height":53,"id":"52e1f9e0-abe0-11ef-ad0a-79f77443cdb4","index":7,"sectionItemType":"field","startCol":0},{"endCol":2,"fieldId":"gatewatcherprotocol","height":53,"id":"14eca890-aca5-11ef-9202-89fa98701c99","index":8,"sectionItemType":"field","startCol":0},{"endCol":2,"fieldId":"gatewatchertransport","height":53,"id":"1fe90180-aca5-11ef-9202-89fa98701c99","index":8,"sectionItemType":"field","startCol":0},{"dropEffect":"move","endCol":2,"fieldId":"sourcebrand","height":53,"id":"incident-sourceBrand-field","index":8,"listId":"caseinfoid-fce71720-98b0-11e9-97d7-ed26ef9e46c8","sectionItemType":"field","startCol":0},{"dropEffect":"move","endCol":2,"fieldId":"sourceinstance","height":53,"id":"incident-sourceInstance-field","index":9,"listId":"caseinfoid-fce71720-98b0-11e9-97d7-ed26ef9e46c8","sectionItemType":"field","startCol":0}],"maxW":3,"minH":1,"moved":false,"name":"Quick info","static":false,"w":1,"x":0,"y":0},{"displayType":"CARD","h":2,"i":"caseinfoid-ac32f620-a0b0-11e9-b27f-13ae1773d289","items":[{"endCol":1,"fieldId":"occurred","height":53,"id":"incident-occurred-field","index":0,"sectionItemType":"field","startCol":0},{"endCol":1,"fieldId":"dbotmodified","height":53,"id":"incident-modified-field","index":1,"sectionItemType":"field","startCol":0},{"endCol":2,"fieldId":"dbotduedate","height":53,"id":"incident-dueDate-field","index":2,"sectionItemType":"field","startCol":0},{"endCol":2,"fieldId":"dbotcreated","height":53,"id":"incident-created-field","index":0,"sectionItemType":"field","startCol":1},{"endCol":2,"fieldId":"dbotclosed","height":53,"id":"incident-closed-field","index":1,"sectionItemType":"field","startCol":1}],"maxW":3,"minH":1,"moved":false,"name":"Timeline Information","static":false,"w":1,"x":2,"y":0},{"displayType":"ROW","h":3,"i":"caseinfoid-88e6bf70-a0b1-11e9-b27f-13ae1773d289","isVisible":true,"items":[{"endCol":2,"fieldId":"dbotclosed","height":22,"id":"incident-dbotClosed-field","index":0,"sectionItemType":"field","startCol":0},{"endCol":2,"fieldId":"closereason","height":22,"id":"incident-closeReason-field","index":1,"sectionItemType":"field","startCol":0},{"endCol":2,"fieldId":"closenotes","height":44,"id":"incident-closeNotes-field","index":2,"sectionItemType":"field","startCol":0}],"maxW":3,"minH":1,"moved":false,"name":"Closing Information","static":false,"w":1,"x":1,"y":2},{"displayType":"CARD","h":2,"hideName":false,"i":"caseinfoid-be07dc40-abf8-11ef-ad0a-79f77443cdb4","items":[{"endCol":2,"fieldId":"gatewatchergcap","height":53,"id":"cb7fbc80-abf8-11ef-ad0a-79f77443cdb4","index":0,"sectionItemType":"field","startCol":0},{"endCol":2,"fieldId":"gatewatchergcapinterface","height":53,"id":"713a75e0-aca6-11ef-9202-89fa98701c99","index":1,"sectionItemType":"field","startCol":0},{"endCol":2,"fieldId":"gatewatchergcenter","height":53,"id":"ce715e30-abf8-11ef-ad0a-79f77443cdb4","index":2,"sectionItemType":"field","startCol":0}],"maxW":3,"minH":1,"moved":false,"name":"Gatewatcher equipment","static":false,"w":1,"x":1,"y":0},{"description":"","displayType":"CARD","h":3,"hideName":false,"i":"caseinfoid-3d374550-abfe-11ef-ad0a-79f77443cdb4","items":[{"endCol":2,"fieldId":"gatewatchermalcoredetailthreatfound","height":53,"id":"5c11b0b0-ac02-11ef-83f4-298a82dc7d0c","index":0,"sectionItemType":"field","startCol":0},{"dropEffect":"move","endCol":2,"fieldId":"gatewatchermalcorestate","height":53,"id":"6032f8c0-ac02-11ef-83f4-298a82dc7d0c","index":1,"listId":"caseinfoid-3d374550-abfe-11ef-ad0a-79f77443cdb4","sectionItemType":"field","startCol":0},{"endCol":2,"fieldId":"gatewatchermalcoremagicdetails","height":53,"id":"5ec2ee00-ac02-11ef-83f4-298a82dc7d0c","index":2,"sectionItemType":"field","startCol":0},{"dropEffect":"move","endCol":2,"fieldId":"gatewatchermalcoretotalfound","height":53,"id":"6122fe10-ac02-11ef-83f4-298a82dc7d0c","index":3,"listId":"caseinfoid-3d374550-abfe-11ef-ad0a-79f77443cdb4","sectionItemType":"field","startCol":0},{"dropEffect":"move","endCol":2,"fieldId":"gatewatchermalcoreengineslastupdatedate","height":53,"id":"5d736390-ac02-11ef-83f4-298a82dc7d0c","index":4,"listId":"caseinfoid-3d374550-abfe-11ef-ad0a-79f77443cdb4","sectionItemType":"field","startCol":0}],"maxW":3,"minH":1,"moved":false,"name":"Malcore engine","static":false,"w":1,"x":2,"y":5},{"displayType":"CARD","h":3,"hideName":false,"i":"caseinfoid-42f62c40-ac08-11ef-9ad9-09a766893e47","items":[{"endCol":2,"fieldId":"gatewatcherrawevent","height":22,"id":"5603a510-ac08-11ef-9ad9-09a766893e47","index":0,"sectionItemType":"field","startCol":0}],"maxW":3,"minH":1,"moved":false,"name":"Raw Event","static":false,"w":1,"x":0,"y":14},{"displayType":"CARD","h":3,"hideName":false,"i":"caseinfoid-7bb942f0-acbd-11ef-9202-89fa98701c99","items":[{"endCol":2,"fieldId":"gatewatchermaliciouspowershellprobaobfuscated","height":53,"id":"acfa0e80-acbd-11ef-9202-89fa98701c99","index":0,"sectionItemType":"field","startCol":0},{"endCol":2,"fieldId":"gatewatchermaliciouspowershellscore","height":53,"id":"b18a1df0-acbd-11ef-9202-89fa98701c99","index":1,"sectionItemType":"field","startCol":0}],"maxW":3,"minH":1,"moved":false,"name":"Malicious Powershell detect engine","static":false,"w":1,"x":0,"y":8},{"displayType":"CARD","h":3,"hideName":false,"i":"caseinfoid-d01c3280-acbd-11ef-9202-89fa98701c99","items":[{"endCol":2,"fieldId":"gatewatchershellcodesubtype","height":53,"id":"235a0300-acbe-11ef-9202-89fa98701c99","index":0,"sectionItemType":"field","startCol":0},{"endCol":2,"fieldId":"gatewatchershellcodeencodings","height":53,"id":"0dda5600-ada0-11ef-9be1-5d2604062cce","index":1,"sectionItemType":"field","startCol":0}],"maxW":3,"minH":1,"moved":false,"name":"Shellcode detect engine","static":false,"w":1,"x":2,"y":8},{"displayType":"CARD","h":3,"hideName":false,"i":"caseinfoid-233ac8f0-acc3-11ef-9202-89fa98701c99","items":[{"endCol":2,"fieldId":"gatewatcherfilename","height":53,"id":"346ca3f0-acc3-11ef-9202-89fa98701c99","index":0,"sectionItemType":"field","startCol":0},{"endCol":2,"fieldId":"gatewatcherfilemagic","height":53,"id":"3670d860-acc3-11ef-9202-89fa98701c99","index":1,"sectionItemType":"field","startCol":0},{"endCol":2,"fieldId":"gatewatcherfilehash","height":53,"id":"3772b800-acc3-11ef-9202-89fa98701c99","index":2,"sectionItemType":"field","startCol":0}],"maxW":3,"minH":1,"moved":false,"name":"file","static":false,"w":1,"x":1,"y":11},{"displayType":"CARD","h":3,"hideItemTitleOnlyOne":false,"hideName":false,"i":"caseinfoid-acee1c10-acc7-11ef-9202-89fa98701c99","items":[{"endCol":2,"fieldId":"signature","height":53,"id":"cb0ed130-acc7-11ef-9202-89fa98701c99","index":0,"sectionItemType":"field","startCol":0},{"dropEffect":"move","endCol":2,"fieldId":"gatewatchersigflowaction","height":53,"id":"b7e50150-acc8-11ef-9202-89fa98701c99","index":1,"listId":"caseinfoid-acee1c10-acc7-11ef-9202-89fa98701c99","sectionItemType":"field","startCol":0},{"endCol":2,"fieldId":"gatewatchersigflowcategory","height":53,"id":"d12643f0-acc7-11ef-9202-89fa98701c99","index":2,"sectionItemType":"field","startCol":0},{"endCol":2,"fieldId":"gatewatchersigflowpayloadprintable","height":53,"id":"d382d190-acc7-11ef-9202-89fa98701c99","index":3,"sectionItemType":"field","startCol":0},{"dropEffect":"move","endCol":2,"fieldId":"gatewatchersigflowpayload","height":53,"id":"d471c570-acc7-11ef-9202-89fa98701c99","index":4,"listId":"caseinfoid-acee1c10-acc7-11ef-9202-89fa98701c99","sectionItemType":"field","startCol":0}],"maxW":3,"minH":1,"moved":false,"name":"Sigflow engine","static":false,"w":1,"x":0,"y":11},{"displayType":"CARD","h":3,"hideName":false,"i":"caseinfoid-2fdf5590-ad71-11ef-a64e-e91401017d2c","items":[{"endCol":2,"fieldId":"gatewatcherhttpaccept","height":53,"id":"6efcf6f0-ae30-11ef-9710-ffe19afa0fac","index":0,"sectionItemType":"field","startCol":0},{"dropEffect":"move","endCol":2,"fieldId":"gatewatcherhttpdate","height":53,"id":"71ecc3e0-ae30-11ef-9710-ffe19afa0fac","index":1,"listId":"caseinfoid-2fdf5590-ad71-11ef-a64e-e91401017d2c","sectionItemType":"field","startCol":0},{"dropEffect":"move","endCol":2,"fieldId":"gatewatcherhttphostname","height":53,"id":"755e1ce0-ae30-11ef-9710-ffe19afa0fac","index":2,"listId":"caseinfoid-2fdf5590-ad71-11ef-a64e-e91401017d2c","sectionItemType":"field","startCol":0},{"dropEffect":"move","endCol":2,"fieldId":"gatewatcherhttphttprefer","height":53,"id":"466fb390-ad71-11ef-a64e-e91401017d2c","index":3,"listId":"caseinfoid-2fdf5590-ad71-11ef-a64e-e91401017d2c","sectionItemType":"field","startCol":0},{"endCol":2,"fieldId":"gatewatcherhttphttp2","height":53,"id":"a91158f0-ae39-11ef-9710-ffe19afa0fac","index":4,"sectionItemType":"field","startCol":0},{"dropEffect":"move","endCol":2,"fieldId":"gatewatcherhttplastmodified","height":53,"id":"7a923480-ae30-11ef-9710-ffe19afa0fac","index":5,"listId":"caseinfoid-2fdf5590-ad71-11ef-a64e-e91401017d2c","sectionItemType":"field","startCol":0},{"dropEffect":"move","endCol":2,"fieldId":"gatewatcherhttprequestmethod","height":53,"id":"83621080-ae30-11ef-9710-ffe19afa0fac","index":6,"listId":"caseinfoid-2fdf5590-ad71-11ef-a64e-e91401017d2c","sectionItemType":"field","startCol":0},{"dropEffect":"move","endCol":2,"fieldId":"gatewatcherhttprequestmimetype","height":53,"id":"84c98fc0-ae30-11ef-9710-ffe19afa0fac","index":7,"listId":"caseinfoid-2fdf5590-ad71-11ef-a64e-e91401017d2c","sectionItemType":"field","startCol":0},{"endCol":2,"fieldId":"gatewatcherhttpresponsemimetype","height":53,"id":"7d51fe90-ad71-11ef-a64e-e91401017d2c","index":8,"sectionItemType":"field","startCol":0},{"dropEffect":"move","endCol":2,"fieldId":"gatewatcherhttpresponsestatus","height":53,"id":"622de7a0-ad71-11ef-a64e-e91401017d2c","index":9,"listId":"caseinfoid-2fdf5590-ad71-11ef-a64e-e91401017d2c","sectionItemType":"field","startCol":0},{"endCol":2,"fieldId":"gatewatcherhttpversion","height":53,"id":"7e904af0-ad71-11ef-a64e-e91401017d2c","index":10,"sectionItemType":"field","startCol":0}],"maxW":3,"minH":1,"moved":false,"name":"http","static":false,"w":1,"x":2,"y":11},{"displayType":"CARD","h":3,"hideName":false,"i":"caseinfoid-adedd390-ad9d-11ef-9be1-5d2604062cce","items":[{"endCol":2,"fieldId":"gatewatcherdgadgacount","height":53,"id":"cbce9980-ad9d-11ef-9be1-5d2604062cce","index":0,"sectionItemType":"field","startCol":0},{"endCol":2,"fieldId":"gatewatcherdgadgaratio","height":53,"id":"ce126f00-ad9d-11ef-9be1-5d2604062cce","index":1,"sectionItemType":"field","startCol":0},{"endCol":2,"fieldId":"gatewatcherdgamalwarebehaviorconfidence","height":53,"id":"d490e0f0-ad9d-11ef-9be1-5d2604062cce","index":2,"sectionItemType":"field","startCol":0},{"dropEffect":"move","endCol":2,"fieldId":"gatewatcherdganxdomaincount","height":53,"id":"d88f85d0-ad9d-11ef-9be1-5d2604062cce","index":3,"listId":"caseinfoid-adedd390-ad9d-11ef-9be1-5d2604062cce","sectionItemType":"field","startCol":0},{"endCol":2,"fieldId":"gatewatcherdgatopdga","height":22,"id":"ddd15910-ad9d-11ef-9be1-5d2604062cce","index":4,"sectionItemType":"field","startCol":0}],"maxW":3,"minH":1,"moved":false,"name":"DGA detect engine","static":false,"w":1,"x":1,"y":5},{"displayType":"CARD","h":3,"hideName":false,"i":"caseinfoid-e28432c0-ad9d-11ef-9be1-5d2604062cce","items":[{"endCol":2,"fieldId":"gatewatcherransomwarealertthreshold","height":53,"id":"87a5c200-ad9e-11ef-9be1-5d2604062cce","index":0,"sectionItemType":"field","startCol":0},{"endCol":2,"fieldId":"gatewatcherransomwaremaliciousbehaviorconfidence","height":53,"id":"89510100-ad9e-11ef-9be1-5d2604062cce","index":1,"sectionItemType":"field","startCol":0},{"endCol":2,"fieldId":"gatewatcherransomwaresessionscore","height":53,"id":"89510100-ad9e-11ef-9be1-5d2604062cce","index":2,"sectionItemType":"field","startCol":0}],"maxW":3,"minH":1,"moved":false,"name":"Ransomware detect engine","static":false,"w":1,"x":1,"y":8},{"displayType":"CARD","h":3,"hideName":false,"i":"caseinfoid-6f0f1740-ad9f-11ef-9be1-5d2604062cce","items":[{"endCol":2,"fieldId":"gatewatcherbeaconactive","height":53,"id":"7bcea400-ad9f-11ef-9be1-5d2604062cce","index":0,"sectionItemType":"field","startCol":0},{"endCol":2,"fieldId":"gatewatcherbeaconhostnameresolution","height":53,"id":"7df18400-ad9f-11ef-9be1-5d2604062cce","index":1,"sectionItemType":"field","startCol":0},{"endCol":2,"fieldId":"gatewatcherbeaconid","height":53,"id":"7f4c3200-ad9f-11ef-9be1-5d2604062cce","index":2,"sectionItemType":"field","startCol":0},{"dropEffect":"move","endCol":2,"fieldId":"gatewatcherbeaconmeantimeinterval","height":53,"id":"8488ae10-ad9f-11ef-9be1-5d2604062cce","index":3,"listId":"caseinfoid-6f0f1740-ad9f-11ef-9be1-5d2604062cce","sectionItemType":"field","startCol":0},{"endCol":2,"fieldId":"gatewatcherbeaconpossiblecnc","height":53,"id":"890c8880-ad9f-11ef-9be1-5d2604062cce","index":4,"sectionItemType":"field","startCol":0},{"endCol":2,"fieldId":"gatewatcherbeaconsessioncount","height":53,"id":"8b601570-ad9f-11ef-9be1-5d2604062cce","index":5,"sectionItemType":"field","startCol":0},{"endCol":2,"fieldId":"gatewatcherbeacontype","height":53,"id":"8d722c90-ad9f-11ef-9be1-5d2604062cce","index":6,"sectionItemType":"field","startCol":0}],"maxW":3,"minH":1,"moved":false,"name":"Beacon detect engine","static":false,"w":1,"x":0,"y":5},{"displayType":"CARD","h":3,"hideName":false,"i":"caseinfoid-c13c2390-b24b-11ef-86fa-f531a86fa4b7","items":[{"endCol":2,"fieldId":"gatewatcherioccampaigns","height":53,"id":"ca8dab50-b24e-11ef-86fa-f531a86fa4b7","index":0,"sectionItemType":"field","startCol":0},{"endCol":2,"fieldId":"gatewatcherioccaseid","height":53,"id":"cbaadb20-b24e-11ef-86fa-f531a86fa4b7","index":1,"sectionItemType":"field","startCol":0},{"endCol":2,"fieldId":"gatewatcherioccategories","height":53,"id":"cc9eff20-b24e-11ef-86fa-f531a86fa4b7","index":2,"sectionItemType":"field","startCol":0},{"endCol":2,"fieldId":"gatewatcherioccreationdate","height":53,"id":"cda2da90-b24e-11ef-86fa-f531a86fa4b7","index":3,"sectionItemType":"field","startCol":0},{"endCol":2,"fieldId":"gatewatcheriocdescription","height":53,"id":"cebeaad0-b24e-11ef-86fa-f531a86fa4b7","index":4,"sectionItemType":"field","startCol":0},{"endCol":2,"fieldId":"gatewatcheriocexternallinks","height":53,"id":"cfc25f30-b24e-11ef-86fa-f531a86fa4b7","index":5,"sectionItemType":"field","startCol":0},{"endCol":2,"fieldId":"gatewatcheriocfamilies","height":53,"id":"d1132220-b24e-11ef-86fa-f531a86fa4b7","index":6,"sectionItemType":"field","startCol":0},{"endCol":2,"fieldId":"gatewatcheriockillchainphases","height":53,"id":"d26544a0-b24e-11ef-86fa-f531a86fa4b7","index":7,"sectionItemType":"field","startCol":0},{"endCol":2,"fieldId":"gatewatcheriocmetadata","height":53,"id":"d39957d0-b24e-11ef-86fa-f531a86fa4b7","index":8,"sectionItemType":"field","startCol":0},{"endCol":2,"fieldId":"gatewatcheriocpackagedate","height":53,"id":"d5cf2390-b24e-11ef-86fa-f531a86fa4b7","index":9,"sectionItemType":"field","startCol":0},{"endCol":2,"fieldId":"gatewatcheriocrelations","height":53,"id":"d7dd6a20-b24e-11ef-86fa-f531a86fa4b7","index":10,"sectionItemType":"field","startCol":0},{"endCol":2,"fieldId":"gatewatcheriocsignature","height":53,"id":"d99f6570-b24e-11ef-86fa-f531a86fa4b7","index":11,"sectionItemType":"field","startCol":0},{"endCol":2,"fieldId":"gatewatcherioctags","height":53,"id":"db9e1ba0-b24e-11ef-86fa-f531a86fa4b7","index":12,"sectionItemType":"field","startCol":0},{"endCol":2,"fieldId":"gatewatcherioctargetedcountries","height":53,"id":"de301120-b24e-11ef-86fa-f531a86fa4b7","index":13,"sectionItemType":"field","startCol":0},{"endCol":2,"fieldId":"gatewatcherioctargetedorganizations","height":53,"id":"e3742e50-b24e-11ef-86fa-f531a86fa4b7","index":14,"sectionItemType":"field","startCol":0},{"endCol":2,"fieldId":"gatewatcherioctargetedplatforms","height":53,"id":"e69851b0-b24e-11ef-86fa-f531a86fa4b7","index":15,"sectionItemType":"field","startCol":0},{"endCol":2,"fieldId":"gatewatcherioctargetedsectors","height":53,"id":"e8950c10-b24e-11ef-86fa-f531a86fa4b7","index":16,"sectionItemType":"field","startCol":0},{"endCol":2,"fieldId":"gatewatcheriocthreatactor","height":53,"id":"f1d97bd0-b24e-11ef-86fa-f531a86fa4b7","index":17,"sectionItemType":"field","startCol":0},{"endCol":2,"fieldId":"gatewatcherioctlp","height":53,"id":"f3c06440-b24e-11ef-86fa-f531a86fa4b7","index":18,"sectionItemType":"field","startCol":0},{"endCol":2,"fieldId":"gatewatcheriocttp","height":53,"id":"f5ffa5e0-b24e-11ef-86fa-f531a86fa4b7","index":19,"sectionItemType":"field","startCol":0},{"endCol":2,"fieldId":"gatewatcherioctype","height":53,"id":"f83c9d90-b24e-11ef-86fa-f531a86fa4b7","index":20,"sectionItemType":"field","startCol":0},{"endCol":2,"fieldId":"gatewatcheriocupdateddate","height":53,"id":"fa881430-b24e-11ef-86fa-f531a86fa4b7","index":21,"sectionItemType":"field","startCol":0},{"endCol":2,"fieldId":"gatewatcheriocusagemode","height":53,"id":"ff6b9ad0-b24e-11ef-86fa-f531a86fa4b7","index":22,"sectionItemType":"field","startCol":0},{"endCol":2,"fieldId":"gatewatcheriocvalue","height":53,"id":"045059f0-b24f-11ef-86fa-f531a86fa4b7","index":23,"sectionItemType":"field","startCol":0},{"endCol":2,"fieldId":"gatewatcheriocvulnerabilities","height":53,"id":"062e68c0-b24f-11ef-86fa-f531a86fa4b7","index":24,"sectionItemType":"field","startCol":0}],"maxW":3,"minH":1,"moved":false,"name":"Active CTI engine","static":false,"w":1,"x":2,"y":2}],"type":"custom"},{"id":"warRoom","name":"War Room","type":"warRoom"},{"id":"workPlan","name":"Work Plan","type":"workPlan"}]},"group":"incident","id":"Gatewatcher Alert Incident Layout","name":"Gatewatcher Alert Incident Layout","system":false,"version":-1,"fromVersion":"6.5.0","description":"","fromServerVersion":"6.5.0","toServerVersion":"99.99.99"}