{
    "associatedToAll": false,
    "associatedTypes": [
        "SafeNet Trusted Access Push Reject Alert"
    ],
    "caseInsensitive": true,
    "cliName": "safenettrustedaccessunusualactivitygroup",
    "closeForm": false,
    "content": true,
    "description": "Name of the Unusual Activity Group.",
    "editForm": true,
    "group": 0,
    "hidden": false,
    "id": "incident_safenettrustedaccessunusualactivitygroup",
    "isReadOnly": false,
    "locked": false,
    "name": "SafeNet Trusted Access - Unusual Activity Group",
    "neverSetAsRequired": false,
    "ownerOnly": false,
    "required": false,
    "sla": 0,
    "system": false,
    "threshold": 72,
    "type": "shortText",
    "unmapped": false,
    "unsearchable": false,
    "useAsKpi": false,
    "version": -1,
    "fromVersion": "6.0.0"
}