{
	"id": "77f5c616-cf36-417a-8b20-2928d85549e4",
	"version": 0,
	"cacheVersn": 0,
	"modified": "0001-01-01T00:00:00Z",
	"sizeInBytes": 0,
	"packID": "",
	"packName": "",
	"itemVersion": "",
	"fromServerVersion": "",
	"toServerVersion": "",
	"definitionId": "",
	"vcShouldIgnore": false,
	"vcShouldKeepItemLegacyProdMachine": false,
	"commitMessage": "",
	"shouldCommit": false,
	"currentVersion": "",
	"name": "O365 - Search and Delete Last Week",
	"description": "",
	"updated": "0001-01-01T00:00:00Z",
	"created": "2024-04-04T23:14:09.477581923Z",
	"support": "internalContribution",
	"author": "Angel Menendez",
	"authorImage": "",
	"supportDetails": {
		"url": "",
		"email": "amenendez@paloaltonetworks.com"
	},
	"beta": false,
	"deprecated": false,
	"certification": "none",
	"serverMinVersion": "",
	"serverMaxVersion": "",
	"general": null,
	"tags": null,
	"rawTags": null,
	"categories": null,
	"contentItems": {
		"integration": null,
		"automation": null,
		"incidentfield": null,
		"incidenttype": null,
		"indicatorfield": null,
		"reputation": null,
		"report": null,
		"dashboard": null,
		"playbook": null,
		"classifier": null,
		"layoutscontainer": null,
		"widget": null,
		"list": null,
		"generictype": null,
		"genericfield": null,
		"wizard": null
	},
	"contentItemTypes": null,
	"integrations": null,
	"useCases": null,
	"rawUseCases": null,
	"keywords": null,
	"rawKeywords": null,
	"dependencies": {
		"CommonPlaybooks": {
			"mandatory": true,
			"minVersion": "2.6.26",
			"name": "Common Playbooks",
			"certification": "certified",
			"author": "Cortex XSOAR"
		},
		"CommonScripts": {
			"mandatory": true,
			"minVersion": "1.14.25",
			"name": "Common Scripts",
			"certification": "certified",
			"author": "Cortex XSOAR"
		},
		"MicrosoftExchangeOnline": {
			"mandatory": true,
			"minVersion": "1.3.0",
			"name": "Microsoft Exchange Online",
			"certification": "certified",
			"author": "Cortex XSOAR"
		}
	},
	"legacy": false,
	"price": 0,
	"premium": false,
	"installMessage": "",
	"versionInfo": "",
	"eulaLink": "",
	"previewOnly": false,
	"downloads": 0,
	"searchRank": 0,
	"videos": null,
	"prevName": "",
	"modules": null
}