{
    "description": "Deprecated - Please use SafeNet Trusted Access – Alert Classifier instead.",
    "feed": false,
    "id": "SafeNet Trusted Access – Push Reject Alert Classifier",
    "keyTypeMap": {
        "Fwd: SafeNet Authentication Service Push Notification Rejection Alert": "STA - Email Alert",
        "Push Notification Rejection Alert": "SafeNet Trusted Access Push Reject Alert",
        "Re: SafeNet Authentication Service Push Notification Rejection Alert": "STA - Email Alert"
    },
    "name": "SafeNet Trusted Access – Push Reject Alert Classifier",
    "transformer": {
        "complex": {
            "accessor": "",
            "filters": [
                [
                    {
                        "ignoreCase": false,
                        "left": {
                            "isContext": true,
                            "value": {
                                "complex": null,
                                "simple": "subject"
                            }
                        },
                        "operator": "containsGeneral",
                        "right": {
                            "isContext": false,
                            "value": {
                                "complex": null,
                                "simple": "Push Notification Rejection Alert"
                            }
                        }
                    }
                ]
            ],
            "root": "subject",
            "transformers": [
                {
                    "args": {
                        "limit": {
                            "isContext": false,
                            "value": null
                        },
                        "replaceWith": {
                            "isContext": false,
                            "value": {
                                "complex": null,
                                "simple": "Push Notification Rejection Alert"
                            }
                        },
                        "toReplace": {
                            "isContext": true,
                            "value": {
                                "complex": null,
                                "simple": "subject"
                            }
                        }
                    },
                    "operator": "replace"
                }
            ]
        },
        "simple": ""
    },
    "type": "classification",
    "version": -1,
    "fromVersion": "6.0.0"
}