{
	"id": "75a21f35-4a16-4b12-8e3e-f49172f1b3d1",
	"version": 0,
	"cacheVersn": 0,
	"modified": "0001-01-01T00:00:00Z",
	"created": "2024-03-21T11:29:38.302632635Z",
	"sizeInBytes": 0,
	"packID": "",
	"packName": "",
	"itemVersion": "",
	"fromServerVersion": "",
	"toServerVersion": "",
	"definitionId": "",
	"vcShouldIgnore": false,
	"vcShouldKeepItemLegacyProdMachine": false,
	"commitMessage": "",
	"shouldCommit": false,
	"currentVersion": "",
	"name": "DummyNewPack",
	"description": "",
	"updated": "0001-01-01T00:00:00Z",
	"support": "internalContribution",
	"author": "Admin",
	"authorImage": "",
	"supportDetails": {
		"url": "",
		"email": "kgal@paloaltonetworks.com"
	},
	"beta": false,
	"deprecated": false,
	"certification": "none",
	"serverMinVersion": "",
	"serverMaxVersion": "",
	"general": null,
	"tags": null,
	"rawTags": null,
	"categories": null,
	"contentItems": {
		"integration": null,
		"automation": null,
		"incidentfield": null,
		"incidenttype": null,
		"indicatorfield": null,
		"reputation": null,
		"report": null,
		"dashboard": null,
		"playbook": null,
		"classifier": null,
		"layoutscontainer": null,
		"widget": null,
		"list": null,
		"generictype": null,
		"genericfield": null,
		"wizard": null
	},
	"contentItemTypes": null,
	"integrations": null,
	"useCases": null,
	"rawUseCases": null,
	"keywords": null,
	"rawKeywords": null,
	"dependencies": {
		"CommonScripts": {
			"mandatory": true,
			"minVersion": "1.13.39",
			"name": "Common Scripts",
			"certification": "certified",
			"author": "Cortex XSOAR"
		}
	},
	"legacy": false,
	"price": 0,
	"premium": false,
	"installMessage": "",
	"versionInfo": "",
	"eulaLink": "",
	"previewOnly": false,
	"downloads": 0,
	"searchRank": 0,
	"videos": null,
	"prevName": "",
	"disabledMonthly": false
}