{"id":"incident_crowdstrikefalconplatformname","version":-1,"modified":"2023-06-14T13:50:25.28823161Z","name":"CrowdStrike Falcon Platform Name","ownerOnly":false,"cliName":"crowdstrikefalconplatformname","type":"shortText","closeForm":false,"editForm":true,"required":false,"neverSetAsRequired":false,"isReadOnly":false,"useAsKpi":false,"locked":false,"system":false,"content":true,"group":0,"hidden":false,"openEnded":false,"associatedTypes":["CrowdStrike Falcon On-Demand Scans Detection","CrowdStrike Falcon OFP Detection"],"associatedToAll":false,"unmapped":false,"unsearchable":true,"caseInsensitive":true,"sla":0,"threshold":72,"fromVersion":"5.0.0","marketplaces":["xsoar"]}