{"id":"incident_crowdstrikefalconsecuritypatchlevel","version":-1,"modified":"2024-02-25T15:49:12.710595921Z","name":"CrowdStrike Falcon Security patch level","ownerOnly":false,"cliName":"crowdstrikefalconsecuritypatchlevel","type":"shortText","closeForm":false,"editForm":true,"required":false,"neverSetAsRequired":false,"isReadOnly":false,"useAsKpi":false,"locked":false,"system":false,"content":true,"group":0,"hidden":false,"openEnded":false,"associatedTypes":["CrowdStrike Falcon Mobile Detection"],"associatedToAll":false,"unmapped":false,"unsearchable":true,"caseInsensitive":true,"sla":0,"threshold":72,"fromVersion":"6.10.0","marketplaces":["xsoar"]}