{"id":"incident_crowdstrikefalconvertexid","version":-1,"modified":"2023-08-31T17:20:14.308310857Z","name":"CrowdStrike Falcon Vertex ID","ownerOnly":false,"cliName":"crowdstrikefalconvertexid","type":"shortText","closeForm":false,"editForm":true,"required":false,"neverSetAsRequired":false,"isReadOnly":false,"useAsKpi":false,"locked":false,"system":false,"content":true,"group":0,"hidden":false,"openEnded":false,"associatedTypes":["CrowdStrike Falcon IOA Event"],"associatedToAll":false,"unmapped":false,"unsearchable":true,"caseInsensitive":true,"sla":0,"threshold":72,"fromVersion":"5.0.0","marketplaces":["xsoar"]}