{"associatedToAll":false,"associatedTypes":["CrowdStrike Falcon Detection","CrowdStrike Falcon IDP Detection","CrowdStrike Falcon Mobile Detection","CrowdStrike Falcon On-Demand Scans Detection","CrowdStrike Falcon OFP Detection"],"breachScript":"","caseInsensitive":true,"cliName":"behaviourobjective","closeForm":false,"columns":null,"content":true,"defaultRows":null,"description":"Behaviour Objective","editForm":true,"fieldCalcScript":"","group":0,"hidden":false,"id":"incident_behaviourobjective","isReadOnly":false,"locked":false,"name":"Behaviour Objective","neverSetAsRequired":false,"ownerOnly":false,"placeholder":"","required":false,"script":"","selectValues":[],"sla":0,"system":false,"systemAssociatedTypes":null,"threshold":72,"type":"shortText","unmapped":false,"unsearchable":false,"useAsKpi":false,"validationRegex":"","version":-1,"fromVersion":"5.0.0","marketplaces":["xsoar"]}