{"id":"incident_crowdstrikefalconpatternid","version":-1,"modified":"2023-06-14T13:56:35.287509044Z","name":"CrowdStrike Falcon Pattern ID","ownerOnly":false,"cliName":"crowdstrikefalconpatternid","type":"shortText","closeForm":false,"editForm":true,"required":false,"neverSetAsRequired":false,"isReadOnly":false,"useAsKpi":false,"locked":false,"system":false,"content":true,"group":0,"hidden":false,"openEnded":false,"associatedTypes":["CrowdStrike Falcon IDP Detection","CrowdStrike Falcon On-Demand Scans Detection","CrowdStrike Falcon OFP Detection","CrowdStrike Falcon NGSIEM Detection"],"associatedToAll":false,"unmapped":false,"unsearchable":true,"caseInsensitive":true,"sla":0,"threshold":72,"fromVersion":"5.0.0","marketplaces":["xsoar"]}