{"id":"incident_crowdstrikefalconuseridentity","version":-1,"modified":"2023-09-03T21:57:16.959165854Z","name":"CrowdStrike Falcon User Identity","ownerOnly":false,"cliName":"crowdstrikefalconuseridentity","type":"shortText","closeForm":false,"editForm":true,"required":false,"neverSetAsRequired":false,"isReadOnly":false,"useAsKpi":false,"locked":false,"system":false,"content":true,"group":0,"hidden":false,"openEnded":false,"associatedTypes":["CrowdStrike Falcon IOA Event"],"associatedToAll":false,"unmapped":false,"unsearchable":true,"caseInsensitive":true,"sla":0,"threshold":72,"fromVersion":"5.0.0","marketplaces":["xsoar"]}