{"id":"incident_crowdstrikefalconfirmwarebuildtime","version":-1,"modified":"2024-02-25T15:47:43.680520106Z","name":"CrowdStrike Falcon Firmware Build Time","ownerOnly":false,"cliName":"crowdstrikefalconfirmwarebuildtime","type":"date","closeForm":false,"editForm":true,"required":false,"neverSetAsRequired":false,"isReadOnly":false,"useAsKpi":false,"locked":false,"system":false,"content":true,"group":0,"hidden":false,"openEnded":false,"associatedTypes":["CrowdStrike Falcon Mobile Detection"],"associatedToAll":false,"unmapped":false,"unsearchable":true,"caseInsensitive":true,"sla":0,"threshold":72,"fromVersion":"6.10.0","marketplaces":["xsoar"]}