{"id":"incident_crowdstrikefalconservicetype","version":-1,"modified":"2023-09-26T08:59:56.102369491Z","name":"CrowdStrike Falcon Service Type","ownerOnly":false,"cliName":"crowdstrikefalconservicetype","type":"shortText","closeForm":false,"editForm":true,"required":false,"neverSetAsRequired":false,"isReadOnly":false,"useAsKpi":false,"locked":false,"system":false,"content":true,"group":0,"hidden":false,"openEnded":false,"associatedTypes":["CrowdStrike Falcon IOA Event"],"associatedToAll":false,"unmapped":false,"unsearchable":true,"caseInsensitive":true,"sla":0,"threshold":72,"fromVersion":"5.0.0","marketplaces":["xsoar"]}