{"id":"incident_crowdstrikefalconmobileplatformversion","version":-1,"modified":"2024-02-25T15:48:24.075185814Z","name":"CrowdStrike Falcon Mobile platform version","ownerOnly":false,"cliName":"crowdstrikefalconmobileplatformversion","type":"shortText","closeForm":false,"editForm":true,"required":false,"neverSetAsRequired":false,"isReadOnly":false,"useAsKpi":false,"locked":false,"system":false,"content":true,"group":0,"hidden":false,"openEnded":false,"associatedTypes":["CrowdStrike Falcon Mobile Detection"],"associatedToAll":false,"unmapped":false,"unsearchable":true,"caseInsensitive":true,"sla":0,"threshold":72,"fromVersion":"6.10.0","marketplaces":["xsoar"]}