{"id":"incident_crowdstrikefalconresourceattributes","version":-1,"modified":"2023-08-31T17:18:40.081216986Z","name":"CrowdStrike Falcon Resource Attributes","ownerOnly":false,"cliName":"crowdstrikefalconresourceattributes","type":"longText","closeForm":false,"editForm":true,"required":false,"neverSetAsRequired":false,"isReadOnly":false,"useAsKpi":false,"locked":false,"system":false,"content":true,"group":0,"hidden":false,"openEnded":false,"associatedTypes":["CrowdStrike Falcon IOM Event"],"associatedToAll":false,"unmapped":false,"unsearchable":true,"caseInsensitive":true,"sla":0,"threshold":72,"fromVersion":"5.0.0","marketplaces":["xsoar"]}