{"id":"incident_crowdstrikefalcondetectiontype","version":-1,"modified":"2023-06-14T14:10:11.019166021Z","name":"CrowdStrike Falcon Detection Type","ownerOnly":false,"cliName":"crowdstrikefalcondetectiontype","type":"shortText","closeForm":false,"editForm":true,"required":false,"neverSetAsRequired":false,"isReadOnly":false,"useAsKpi":false,"locked":false,"system":false,"content":true,"group":0,"hidden":false,"openEnded":false,"associatedTypes":["CrowdStrike Falcon IDP Detection","CrowdStrike Falcon Mobile Detection","CrowdStrike Falcon On-Demand Scans Detection","CrowdStrike Falcon OFP Detection"],"associatedToAll":false,"unmapped":false,"unsearchable":true,"caseInsensitive":true,"sla":0,"threshold":72,"fromVersion":"5.0.0","marketplaces":["xsoar"]}