{"description":"Maps outgoing ServiceNow incidents fields for ServiceNow create ticket and mirror playbook","feed":false,"id":"c650b1a2-8f36-4f97-8bea-2dc4eb478ef7","mapping":{"dbot_classification_incident_type_all":{"dontMapEventToLabels":true,"internalMapping":{"description":{"complex":null,"simple":"details"},"opened_at":{"complex":{"accessor":"[0]","filters":[],"root":"created","transformers":[{"args":{"limit":{"isContext":false,"value":null},"replaceWith":{"isContext":false,"value":{"complex":null,"simple":" "}},"toReplace":{"isContext":false,"value":{"complex":null,"simple":"T"}}},"operator":"replace"},{"args":{"limit":{"isContext":false,"value":null},"replaceWith":{"isContext":false,"value":null},"toReplace":{"isContext":false,"value":{"complex":null,"simple":"Z"}}},"operator":"replace"},{"args":{"delimiter":{"isContext":false,"value":{"complex":null,"simple":"."}}},"operator":"split"},{"args":{"index":{"isContext":false,"value":{"complex":null,"simple":"0"}}},"operator":"atIndex"}]},"simple":""},"short_description":{"complex":null,"simple":"name"}}}},"name":"ServiceNow Create Ticket - Outgoing Mapper","type":"mapping-outgoing","version":-1,"fromVersion":"6.0.0"}