{
    "close": {
        "sections": [
            {
                "description": "",
                "fields": [
                    {
                        "fieldId": "incident_safenettrustedaccessremoveuserfromunusualactivitygroup",
                        "isVisible": true
                    },
                    {
                        "fieldId": "incident_closereason",
                        "isVisible": true
                    },
                    {
                        "fieldId": "incident_closenotes",
                        "isVisible": true
                    }
                ],
                "isVisible": true,
                "name": "Basic Information",
                "query": null,
                "queryType": "",
                "readOnly": false,
                "type": ""
            }
        ]
    },
    "description": "SafeNet Trusted Access Alert Incident Layout",
    "details": {
        "sections": [
            {
                "description": "More information on the access attempts ",
                "fields": [
                    {
                        "fieldId": "incident_app",
                        "isVisible": true
                    },
                    {
                        "fieldId": "incident_src",
                        "isVisible": true
                    },
                    {
                        "fieldId": "incident_srcntdomain",
                        "isVisible": true
                    },
                    {
                        "fieldId": "incident_srcuser",
                        "isVisible": true
                    },
                    {
                        "fieldId": "incident_dest",
                        "isVisible": true
                    },
                    {
                        "fieldId": "incident_destntdomain",
                        "isVisible": true
                    },
                    {
                        "fieldId": "incident_duration",
                        "isVisible": true
                    }
                ],
                "isVisible": true,
                "name": "Access Info",
                "query": null,
                "queryType": "",
                "readOnly": false,
                "type": ""
            },
            {
                "description": "",
                "fields": [
                    {
                        "fieldId": "incident_type",
                        "isVisible": true
                    },
                    {
                        "fieldId": "incident_severity",
                        "isVisible": true
                    },
                    {
                        "fieldId": "incident_owner",
                        "isVisible": true
                    },
                    {
                        "fieldId": "incident_dbotstatus",
                        "isVisible": true
                    },
                    {
                        "fieldId": "incident_sourcebrand",
                        "isVisible": true
                    },
                    {
                        "fieldId": "incident_sourceinstance",
                        "isVisible": true
                    },
                    {
                        "fieldId": "incident_playbookid",
                        "isVisible": true
                    },
                    {
                        "fieldId": "incident_phase",
                        "isVisible": true
                    },
                    {
                        "fieldId": "incident_roles",
                        "isVisible": true
                    }
                ],
                "isVisible": true,
                "name": "Basic Information",
                "query": null,
                "queryType": "",
                "readOnly": false,
                "type": ""
            },
            {
                "description": "",
                "isVisible": true,
                "name": "Work Plan",
                "query": null,
                "queryType": "",
                "readOnly": true,
                "type": "workplan"
            },
            {
                "description": "",
                "fields": [
                    {
                        "fieldId": "incident_dbotcreated",
                        "isVisible": true
                    },
                    {
                        "fieldId": "incident_occurred",
                        "isVisible": true
                    },
                    {
                        "fieldId": "incident_dbotduedate",
                        "isVisible": true
                    },
                    {
                        "fieldId": "incident_dbotmodified",
                        "isVisible": true
                    },
                    {
                        "fieldId": "incident_dbottotaltime",
                        "isVisible": true
                    }
                ],
                "isVisible": true,
                "name": "Timeline Information",
                "query": null,
                "queryType": "",
                "readOnly": false,
                "type": ""
            },
            {
                "description": "",
                "isVisible": true,
                "name": "Custom Fields",
                "query": null,
                "queryType": "",
                "readOnly": false,
                "type": ""
            },
            {
                "description": "",
                "fields": [
                    {
                        "fieldId": "incident_details",
                        "isVisible": true
                    }
                ],
                "isVisible": true,
                "name": "Details",
                "query": null,
                "queryType": "",
                "readOnly": true,
                "type": ""
            },
            {
                "description": "",
                "fields": [
                    {
                        "fieldId": "incident_labels",
                        "isVisible": true
                    }
                ],
                "isVisible": true,
                "name": "Labels",
                "query": null,
                "queryType": "",
                "readOnly": true,
                "type": "labels"
            },
            {
                "description": "",
                "fields": [
                    {
                        "fieldId": "incident_attachment",
                        "isVisible": true
                    }
                ],
                "isVisible": true,
                "name": "Attachments",
                "query": null,
                "queryType": "",
                "readOnly": true,
                "type": ""
            },
            {
                "description": "",
                "isVisible": true,
                "name": "Bad or Suspicious Indicators",
                "query": "reputation:Bad or reputation:Suspicious",
                "queryType": "input",
                "readOnly": true,
                "type": "indicators"
            },
            {
                "description": "",
                "isVisible": true,
                "name": "Evidence",
                "query": null,
                "queryType": "",
                "readOnly": true,
                "type": "evidence"
            },
            {
                "description": "",
                "isVisible": true,
                "name": "Notes",
                "query": null,
                "queryType": "",
                "readOnly": true,
                "type": "notes"
            },
            {
                "description": "",
                "isVisible": true,
                "name": "Linked Incidents",
                "query": null,
                "queryType": "",
                "readOnly": true,
                "type": "linkedIncidents"
            },
            {
                "description": "",
                "isVisible": true,
                "name": "Incident Timeline",
                "query": {
                    "categories": [
                        "incidentInfo"
                    ],
                    "lastId": "",
                    "pageSize": 100,
                    "tags": [],
                    "users": []
                },
                "queryType": "warRoomFilter",
                "readOnly": true,
                "type": "invTimeline"
            },
            {
                "description": "",
                "isVisible": true,
                "name": "Incident Files",
                "query": {
                    "categories": [
                        "attachments"
                    ],
                    "lastId": "",
                    "pageSize": 100,
                    "tags": [],
                    "users": []
                },
                "queryType": "warRoomFilter",
                "readOnly": true,
                "type": "invTimeline"
            },
            {
                "description": "",
                "isVisible": true,
                "name": "Team",
                "query": null,
                "queryType": "",
                "readOnly": true,
                "type": "team"
            },
            {
                "description": "",
                "isVisible": true,
                "name": "Child Incidents",
                "query": null,
                "queryType": "",
                "readOnly": true,
                "type": "childInv"
            },
            {
                "description": "",
                "isVisible": true,
                "name": "Automation Highlights",
                "query": null,
                "queryType": "",
                "readOnly": true,
                "type": "findings"
            }
        ]
    },
    "detailsV2": {
        "tabs": [
            {
                "id": "summary",
                "name": "Legacy Summary",
                "type": "summary"
            },
            {
                "id": "caseinfoid",
                "name": "Incident Info",
                "sections": [
                    {
                        "displayType": "ROW",
                        "h": 2,
                        "i": "caseinfoid-fce71720-98b0-11e9-97d7-ed26ef9e46c8",
                        "isVisible": true,
                        "items": [
                            {
                                "endCol": 2,
                                "fieldId": "type",
                                "height": 22,
                                "id": "incident-type-field",
                                "index": 0,
                                "sectionItemType": "field",
                                "startCol": 0
                            },
                            {
                                "dropEffect": "move",
                                "endCol": 2,
                                "fieldId": "severity",
                                "height": 22,
                                "id": "7404fd90-cdde-11eb-a894-3bf8b179b2c8",
                                "index": 1,
                                "listId": "caseinfoid-fce71720-98b0-11e9-97d7-ed26ef9e46c8",
                                "sectionItemType": "field",
                                "startCol": 0
                            },
                            {
                                "endCol": 2,
                                "fieldId": "owner",
                                "height": 22,
                                "id": "incident-owner-field",
                                "index": 2,
                                "sectionItemType": "field",
                                "startCol": 0
                            },
                            {
                                "endCol": 2,
                                "fieldId": "sourceinstance",
                                "height": 22,
                                "id": "incident-sourceInstance-field",
                                "index": 3,
                                "sectionItemType": "field",
                                "startCol": 0
                            },
                            {
                                "endCol": 2,
                                "fieldId": "sourcebrand",
                                "height": 22,
                                "id": "incident-sourceBrand-field",
                                "index": 4,
                                "sectionItemType": "field",
                                "startCol": 0
                            },
                            {
                                "endCol": 2,
                                "fieldId": "playbookid",
                                "height": 22,
                                "id": "incident-playbookId-field",
                                "index": 5,
                                "sectionItemType": "field",
                                "startCol": 0
                            },
                            {
                                "endCol": 2,
                                "fieldId": "tenantname",
                                "height": 22,
                                "id": "c8d9d800-cc4d-11eb-803c-0b5681d56847",
                                "index": 6,
                                "sectionItemType": "field",
                                "startCol": 0
                            }
                        ],
                        "maxW": 3,
                        "minH": 1,
                        "minW": 1,
                        "moved": false,
                        "name": "Case Details",
                        "static": false,
                        "w": 1,
                        "x": 0,
                        "y": 0
                    },
                    {
                        "displayType": "ROW",
                        "h": 2,
                        "i": "caseinfoid-6aabad20-98b1-11e9-97d7-ed26ef9e46c8",
                        "maxW": 3,
                        "minH": 1,
                        "minW": 1,
                        "moved": false,
                        "name": "Work Plan",
                        "static": false,
                        "type": "workplan",
                        "w": 1,
                        "x": 1,
                        "y": 0
                    },
                    {
                        "displayType": "CARD",
                        "h": 3,
                        "i": "caseinfoid-ac32f620-a0b0-11e9-b27f-13ae1773d289",
                        "items": [
                            {
                                "endCol": 1,
                                "fieldId": "occurred",
                                "height": 53,
                                "id": "incident-occurred-field",
                                "index": 0,
                                "sectionItemType": "field",
                                "startCol": 0
                            },
                            {
                                "endCol": 1,
                                "fieldId": "dbotmodified",
                                "height": 53,
                                "id": "incident-modified-field",
                                "index": 1,
                                "sectionItemType": "field",
                                "startCol": 0
                            },
                            {
                                "endCol": 2,
                                "fieldId": "dbotduedate",
                                "height": 53,
                                "id": "incident-dueDate-field",
                                "index": 2,
                                "sectionItemType": "field",
                                "startCol": 0
                            },
                            {
                                "endCol": 2,
                                "fieldId": "dbotcreated",
                                "height": 53,
                                "id": "incident-created-field",
                                "index": 0,
                                "sectionItemType": "field",
                                "startCol": 1
                            },
                            {
                                "dropEffect": "move",
                                "endCol": 2,
                                "fieldId": "dbotclosed",
                                "height": 53,
                                "id": "incident-closed-field",
                                "index": 1,
                                "listId": "caseinfoid-ac32f620-a0b0-11e9-b27f-13ae1773d289",
                                "sectionItemType": "field",
                                "startCol": 1
                            }
                        ],
                        "maxW": 3,
                        "minH": 1,
                        "minW": 1,
                        "moved": false,
                        "name": "Timeline Information",
                        "static": false,
                        "w": 1,
                        "x": 0,
                        "y": 2
                    },
                    {
                        "displayType": "ROW",
                        "h": 2,
                        "i": "caseinfoid-88e6bf70-a0b1-11e9-b27f-13ae1773d289",
                        "isVisible": true,
                        "items": [
                            {
                                "endCol": 2,
                                "fieldId": "dbotclosed",
                                "height": 22,
                                "id": "incident-dbotClosed-field",
                                "index": 0,
                                "sectionItemType": "field",
                                "startCol": 0
                            },
                            {
                                "endCol": 2,
                                "fieldId": "closereason",
                                "height": 22,
                                "id": "incident-closeReason-field",
                                "index": 1,
                                "sectionItemType": "field",
                                "startCol": 0
                            },
                            {
                                "endCol": 2,
                                "fieldId": "closenotes",
                                "height": 22,
                                "id": "incident-closeNotes-field",
                                "index": 2,
                                "sectionItemType": "field",
                                "startCol": 0
                            }
                        ],
                        "maxW": 3,
                        "minH": 1,
                        "minW": 1,
                        "moved": false,
                        "name": "Closing Information",
                        "static": false,
                        "w": 1,
                        "x": 2,
                        "y": 0
                    },
                    {
                        "displayType": "CARD",
                        "h": 3,
                        "i": "caseinfoid-e54b1770-a0b1-11e9-b27f-13ae1773d289",
                        "isVisible": true,
                        "items": [
                            {
                                "endCol": 2,
                                "fieldId": "safenettrustedaccessusername",
                                "height": 53,
                                "id": "f2da0e00-eba5-11eb-b40c-a1ebcf84e839",
                                "index": 0,
                                "sectionItemType": "field",
                                "startCol": 0
                            },
                            {
                                "endCol": 2,
                                "fieldId": "safenettrustedaccessinstancename",
                                "height": 53,
                                "id": "00eaabd0-eba6-11eb-b40c-a1ebcf84e839",
                                "index": 1,
                                "sectionItemType": "field",
                                "startCol": 0
                            },
                            {
                                "endCol": 2,
                                "fieldId": "safenettrustedaccessunusualactivitygroup",
                                "height": 53,
                                "id": "f64ed610-0978-11ec-83ff-1b27f6ded04d",
                                "index": 2,
                                "sectionItemType": "field",
                                "startCol": 0
                            },
                            {
                                "endCol": 2,
                                "fieldId": "safenettrustedaccessuserinunusualactivitygrouphours",
                                "height": 53,
                                "id": "f8e20410-0978-11ec-83ff-1b27f6ded04d",
                                "index": 3,
                                "sectionItemType": "field",
                                "startCol": 0
                            }
                        ],
                        "maxW": 3,
                        "minH": 1,
                        "minW": 1,
                        "moved": false,
                        "name": "Investigation Data",
                        "static": false,
                        "w": 1,
                        "x": 2,
                        "y": 2
                    },
                    {
                        "displayType": "ROW",
                        "h": 3,
                        "hideItemTitleOnlyOne": true,
                        "hideName": false,
                        "i": "caseinfoid-499aa8f0-dffb-11eb-a25e-57e4dd65627b",
                        "items": [
                            {
                                "dropEffect": "move",
                                "endCol": 2,
                                "fieldId": "details",
                                "height": 106,
                                "id": "incident-details-field",
                                "index": 0,
                                "listId": "caseinfoid-e54b1770-a0b1-11e9-b27f-13ae1773d289",
                                "sectionItemType": "field",
                                "startCol": 0
                            }
                        ],
                        "maxW": 3,
                        "minH": 1,
                        "minW": 1,
                        "moved": false,
                        "name": "Email Alert Body",
                        "static": false,
                        "w": 1,
                        "x": 1,
                        "y": 2
                    }
                ],
                "type": "custom"
            },
            {
                "id": "warRoom",
                "name": "War Room",
                "type": "warRoom"
            },
            {
                "id": "workPlan",
                "name": "Work Plan",
                "type": "workPlan"
            },
            {
                "id": "evidenceBoard",
                "name": "Evidence Board",
                "type": "evidenceBoard"
            },
            {
                "id": "relatedIncidents",
                "name": "Related Incidents",
                "type": "relatedIncidents"
            },
            {
                "id": "canvas",
                "name": "Canvas",
                "type": "canvas"
            }
        ]
    },
    "edit": {
        "sections": [
            {
                "description": "",
                "fields": [
                    {
                        "fieldId": "incident_name",
                        "isVisible": true
                    },
                    {
                        "fieldId": "incident_occurred",
                        "isVisible": true
                    },
                    {
                        "fieldId": "incident_reminder",
                        "isVisible": true
                    },
                    {
                        "fieldId": "incident_owner",
                        "isVisible": true
                    },
                    {
                        "fieldId": "incident_roles",
                        "isVisible": true
                    },
                    {
                        "fieldId": "incident_type",
                        "isVisible": true
                    },
                    {
                        "fieldId": "incident_severity",
                        "isVisible": true
                    },
                    {
                        "fieldId": "incident_playbookid",
                        "isVisible": true
                    },
                    {
                        "fieldId": "incident_labels",
                        "isVisible": true
                    },
                    {
                        "fieldId": "incident_phase",
                        "isVisible": true
                    },
                    {
                        "fieldId": "incident_details",
                        "isVisible": true
                    },
                    {
                        "fieldId": "incident_attachment",
                        "isVisible": true
                    }
                ],
                "isVisible": true,
                "name": "Basic Information",
                "query": null,
                "queryType": "",
                "readOnly": false,
                "type": ""
            },
            {
                "description": "",
                "fields": [
                    {
                        "fieldId": "incident_agentid",
                        "isVisible": true
                    },
                    {
                        "fieldId": "incident_agentsid",
                        "isVisible": true
                    },
                    {
                        "fieldId": "incident_alertcategory",
                        "isVisible": true
                    },
                    {
                        "fieldId": "incident_alertid",
                        "isVisible": true
                    },
                    {
                        "fieldId": "incident_alertname",
                        "isVisible": true
                    },
                    {
                        "fieldId": "incident_app",
                        "isVisible": true
                    },
                    {
                        "fieldId": "incident_appchannelname",
                        "isVisible": true
                    },
                    {
                        "fieldId": "incident_appmessage",
                        "isVisible": true
                    },
                    {
                        "fieldId": "incident_assigneduser",
                        "isVisible": true
                    },
                    {
                        "fieldId": "incident_assignmentgroup",
                        "isVisible": true
                    },
                    {
                        "fieldId": "incident_caller",
                        "isVisible": true
                    },
                    {
                        "fieldId": "incident_categories",
                        "isVisible": true
                    },
                    {
                        "fieldId": "incident_changed",
                        "isVisible": true
                    },
                    {
                        "fieldId": "incident_childprocess",
                        "isVisible": true
                    },
                    {
                        "fieldId": "incident_classification",
                        "isVisible": true
                    },
                    {
                        "fieldId": "incident_cmd",
                        "isVisible": true
                    },
                    {
                        "fieldId": "incident_cmdline",
                        "isVisible": true
                    },
                    {
                        "fieldId": "incident_commandline",
                        "isVisible": true
                    },
                    {
                        "fieldId": "incident_comment",
                        "isVisible": true
                    },
                    {
                        "fieldId": "incident_country",
                        "isVisible": true
                    },
                    {
                        "fieldId": "incident_description",
                        "isVisible": true
                    },
                    {
                        "fieldId": "incident_destinationhostname",
                        "isVisible": true
                    },
                    {
                        "fieldId": "incident_destinationip",
                        "isVisible": true
                    },
                    {
                        "fieldId": "incident_destinationnetwork",
                        "isVisible": true
                    },
                    {
                        "fieldId": "incident_destinationport",
                        "isVisible": true
                    },
                    {
                        "fieldId": "incident_detectedips",
                        "isVisible": true
                    },
                    {
                        "fieldId": "incident_detecteduser",
                        "isVisible": true
                    },
                    {
                        "fieldId": "incident_detectionurl",
                        "isVisible": true
                    },
                    {
                        "fieldId": "incident_deviceexternalip",
                        "isVisible": true
                    },
                    {
                        "fieldId": "incident_devicehash",
                        "isVisible": true
                    },
                    {
                        "fieldId": "incident_deviceid",
                        "isVisible": true
                    },
                    {
                        "fieldId": "incident_devicelocalip",
                        "isVisible": true
                    },
                    {
                        "fieldId": "incident_devicemodel",
                        "isVisible": true
                    },
                    {
                        "fieldId": "incident_devicename",
                        "isVisible": true
                    },
                    {
                        "fieldId": "incident_deviceusername",
                        "isVisible": true
                    },
                    {
                        "fieldId": "incident_dsts",
                        "isVisible": true
                    },
                    {
                        "fieldId": "incident_endpoint",
                        "isVisible": true
                    },
                    {
                        "fieldId": "incident_escalation",
                        "isVisible": true
                    },
                    {
                        "fieldId": "incident_eventid",
                        "isVisible": true
                    },
                    {
                        "fieldId": "incident_eventtype",
                        "isVisible": true
                    },
                    {
                        "fieldId": "incident_filehash",
                        "isVisible": true
                    },
                    {
                        "fieldId": "incident_filemd5",
                        "isVisible": true
                    },
                    {
                        "fieldId": "incident_filename",
                        "isVisible": true
                    },
                    {
                        "fieldId": "incident_filenames",
                        "isVisible": true
                    },
                    {
                        "fieldId": "incident_filepath",
                        "isVisible": true
                    },
                    {
                        "fieldId": "incident_filepaths",
                        "isVisible": true
                    },
                    {
                        "fieldId": "incident_filesha1",
                        "isVisible": true
                    },
                    {
                        "fieldId": "incident_filesha256",
                        "isVisible": true
                    },
                    {
                        "fieldId": "incident_filesize",
                        "isVisible": true
                    },
                    {
                        "fieldId": "incident_firstname",
                        "isVisible": true
                    },
                    {
                        "fieldId": "incident_hostnames",
                        "isVisible": true
                    },
                    {
                        "fieldId": "incident_incomingmirrorerror",
                        "isVisible": true
                    },
                    {
                        "fieldId": "incident_investigationstage",
                        "isVisible": true
                    },
                    {
                        "fieldId": "incident_isactive",
                        "isVisible": true
                    },
                    {
                        "fieldId": "incident_lastname",
                        "isVisible": true
                    },
                    {
                        "fieldId": "incident_logsource",
                        "isVisible": true
                    },
                    {
                        "fieldId": "incident_lowlevelcategoriesevents",
                        "isVisible": true
                    },
                    {
                        "fieldId": "incident_macaddress",
                        "isVisible": true
                    },
                    {
                        "fieldId": "incident_md5",
                        "isVisible": true
                    },
                    {
                        "fieldId": "incident_mobiledevicemodel",
                        "isVisible": true
                    },
                    {
                        "fieldId": "incident_objective",
                        "isVisible": true
                    },
                    {
                        "fieldId": "incident_os",
                        "isVisible": true
                    },
                    {
                        "fieldId": "incident_osversion",
                        "isVisible": true
                    },
                    {
                        "fieldId": "incident_outgoingmirrorerror",
                        "isVisible": true
                    },
                    {
                        "fieldId": "incident_parentcmdline",
                        "isVisible": true
                    },
                    {
                        "fieldId": "incident_parentprocess",
                        "isVisible": true
                    },
                    {
                        "fieldId": "incident_phonenumber",
                        "isVisible": true
                    },
                    {
                        "fieldId": "incident_pid",
                        "isVisible": true
                    },
                    {
                        "fieldId": "incident_protocol",
                        "isVisible": true
                    },
                    {
                        "fieldId": "incident_rulename",
                        "isVisible": true
                    },
                    {
                        "fieldId": "incident_scenario",
                        "isVisible": true
                    },
                    {
                        "fieldId": "incident_sha1",
                        "isVisible": true
                    },
                    {
                        "fieldId": "incident_sha256",
                        "isVisible": true
                    },
                    {
                        "fieldId": "incident_sha512",
                        "isVisible": true
                    },
                    {
                        "fieldId": "incident_similarincidents",
                        "isVisible": true
                    },
                    {
                        "fieldId": "incident_similarincidentsdbot",
                        "isVisible": true
                    },
                    {
                        "fieldId": "incident_sourcehostname",
                        "isVisible": true
                    },
                    {
                        "fieldId": "incident_sourceip",
                        "isVisible": true
                    },
                    {
                        "fieldId": "incident_sourcenetwork",
                        "isVisible": true
                    },
                    {
                        "fieldId": "incident_sourceport",
                        "isVisible": true
                    },
                    {
                        "fieldId": "incident_sourceusername",
                        "isVisible": true
                    },
                    {
                        "fieldId": "incident_srcs",
                        "isVisible": true
                    },
                    {
                        "fieldId": "incident_state",
                        "isVisible": true
                    },
                    {
                        "fieldId": "incident_subcategory",
                        "isVisible": true
                    },
                    {
                        "fieldId": "incident_tactic",
                        "isVisible": true
                    },
                    {
                        "fieldId": "incident_tacticid",
                        "isVisible": true
                    },
                    {
                        "fieldId": "incident_tags",
                        "isVisible": true
                    },
                    {
                        "fieldId": "incident_teamname",
                        "isVisible": true
                    },
                    {
                        "fieldId": "incident_technique",
                        "isVisible": true
                    },
                    {
                        "fieldId": "incident_techniqueid",
                        "isVisible": true
                    },
                    {
                        "fieldId": "incident_tenantname",
                        "isVisible": true
                    },
                    {
                        "fieldId": "incident_threathuntingdetectedhostnames",
                        "isVisible": true
                    },
                    {
                        "fieldId": "incident_threathuntingdetectedip",
                        "isVisible": true
                    },
                    {
                        "fieldId": "incident_ticketacknowledgeddate",
                        "isVisible": true
                    },
                    {
                        "fieldId": "incident_ticketcloseddate",
                        "isVisible": true
                    },
                    {
                        "fieldId": "incident_ticketnumber",
                        "isVisible": true
                    },
                    {
                        "fieldId": "incident_ticketopeneddate",
                        "isVisible": true
                    },
                    {
                        "fieldId": "incident_urlsslverification",
                        "isVisible": true
                    },
                    {
                        "fieldId": "incident_useraccountcontrol",
                        "isVisible": true
                    },
                    {
                        "fieldId": "incident_users",
                        "isVisible": true
                    }
                ],
                "isVisible": true,
                "name": "Custom Fields",
                "query": null,
                "queryType": "",
                "readOnly": false,
                "type": ""
            }
        ]
    },
    "group": "incident",
    "id": "SafeNet Trusted Access - Incident Layout",
    "name": "SafeNet Trusted Access - Incident Layout",
    "quickView": {
        "sections": [
            {
                "description": "",
                "fields": [
                    {
                        "fieldId": "incident_type",
                        "isVisible": true
                    },
                    {
                        "fieldId": "incident_severity",
                        "isVisible": true
                    },
                    {
                        "fieldId": "incident_owner",
                        "isVisible": true
                    },
                    {
                        "fieldId": "incident_dbotstatus",
                        "isVisible": true
                    },
                    {
                        "fieldId": "incident_sourcebrand",
                        "isVisible": true
                    },
                    {
                        "fieldId": "incident_sourceinstance",
                        "isVisible": true
                    },
                    {
                        "fieldId": "incident_playbookid",
                        "isVisible": true
                    },
                    {
                        "fieldId": "incident_phase",
                        "isVisible": true
                    },
                    {
                        "fieldId": "incident_roles",
                        "isVisible": true
                    }
                ],
                "isVisible": true,
                "name": "Basic Information",
                "query": null,
                "queryType": "",
                "readOnly": false,
                "type": ""
            },
            {
                "description": "",
                "fields": [
                    {
                        "fieldId": "incident_occurred",
                        "isVisible": true
                    },
                    {
                        "fieldId": "incident_dbotcreated",
                        "isVisible": true
                    },
                    {
                        "fieldId": "incident_dbotduedate",
                        "isVisible": true
                    },
                    {
                        "fieldId": "incident_dbotmodified",
                        "isVisible": true
                    },
                    {
                        "fieldId": "incident_dbottotaltime",
                        "isVisible": true
                    }
                ],
                "isVisible": true,
                "name": "Timeline Information",
                "query": null,
                "queryType": "",
                "readOnly": false,
                "type": ""
            },
            {
                "description": "",
                "fields": [
                    {
                        "fieldId": "incident_agentid",
                        "isVisible": true
                    },
                    {
                        "fieldId": "incident_agentsid",
                        "isVisible": true
                    },
                    {
                        "fieldId": "incident_alertcategory",
                        "isVisible": true
                    },
                    {
                        "fieldId": "incident_alertid",
                        "isVisible": true
                    },
                    {
                        "fieldId": "incident_alertname",
                        "isVisible": true
                    },
                    {
                        "fieldId": "incident_app",
                        "isVisible": true
                    },
                    {
                        "fieldId": "incident_appchannelname",
                        "isVisible": true
                    },
                    {
                        "fieldId": "incident_appmessage",
                        "isVisible": true
                    },
                    {
                        "fieldId": "incident_assigneduser",
                        "isVisible": true
                    },
                    {
                        "fieldId": "incident_assignmentgroup",
                        "isVisible": true
                    },
                    {
                        "fieldId": "incident_caller",
                        "isVisible": true
                    },
                    {
                        "fieldId": "incident_categories",
                        "isVisible": true
                    },
                    {
                        "fieldId": "incident_changed",
                        "isVisible": true
                    },
                    {
                        "fieldId": "incident_childprocess",
                        "isVisible": true
                    },
                    {
                        "fieldId": "incident_classification",
                        "isVisible": true
                    },
                    {
                        "fieldId": "incident_cmd",
                        "isVisible": true
                    },
                    {
                        "fieldId": "incident_cmdline",
                        "isVisible": true
                    },
                    {
                        "fieldId": "incident_commandline",
                        "isVisible": true
                    },
                    {
                        "fieldId": "incident_comment",
                        "isVisible": true
                    },
                    {
                        "fieldId": "incident_country",
                        "isVisible": true
                    },
                    {
                        "fieldId": "incident_description",
                        "isVisible": true
                    },
                    {
                        "fieldId": "incident_destinationhostname",
                        "isVisible": true
                    },
                    {
                        "fieldId": "incident_destinationip",
                        "isVisible": true
                    },
                    {
                        "fieldId": "incident_destinationnetwork",
                        "isVisible": true
                    },
                    {
                        "fieldId": "incident_destinationport",
                        "isVisible": true
                    },
                    {
                        "fieldId": "incident_detectedips",
                        "isVisible": true
                    },
                    {
                        "fieldId": "incident_detecteduser",
                        "isVisible": true
                    },
                    {
                        "fieldId": "incident_detectionsla",
                        "isVisible": true
                    },
                    {
                        "fieldId": "incident_detectionurl",
                        "isVisible": true
                    },
                    {
                        "fieldId": "incident_deviceexternalip",
                        "isVisible": true
                    },
                    {
                        "fieldId": "incident_devicehash",
                        "isVisible": true
                    },
                    {
                        "fieldId": "incident_deviceid",
                        "isVisible": true
                    },
                    {
                        "fieldId": "incident_devicelocalip",
                        "isVisible": true
                    },
                    {
                        "fieldId": "incident_devicemodel",
                        "isVisible": true
                    },
                    {
                        "fieldId": "incident_devicename",
                        "isVisible": true
                    },
                    {
                        "fieldId": "incident_deviceusername",
                        "isVisible": true
                    },
                    {
                        "fieldId": "incident_dsts",
                        "isVisible": true
                    },
                    {
                        "fieldId": "incident_endpoint",
                        "isVisible": true
                    },
                    {
                        "fieldId": "incident_escalation",
                        "isVisible": true
                    },
                    {
                        "fieldId": "incident_eventid",
                        "isVisible": true
                    },
                    {
                        "fieldId": "incident_eventtype",
                        "isVisible": true
                    },
                    {
                        "fieldId": "incident_filehash",
                        "isVisible": true
                    },
                    {
                        "fieldId": "incident_filemd5",
                        "isVisible": true
                    },
                    {
                        "fieldId": "incident_filename",
                        "isVisible": true
                    },
                    {
                        "fieldId": "incident_filenames",
                        "isVisible": true
                    },
                    {
                        "fieldId": "incident_filepath",
                        "isVisible": true
                    },
                    {
                        "fieldId": "incident_filepaths",
                        "isVisible": true
                    },
                    {
                        "fieldId": "incident_filesha1",
                        "isVisible": true
                    },
                    {
                        "fieldId": "incident_filesha256",
                        "isVisible": true
                    },
                    {
                        "fieldId": "incident_filesize",
                        "isVisible": true
                    },
                    {
                        "fieldId": "incident_firstname",
                        "isVisible": true
                    },
                    {
                        "fieldId": "incident_hostnames",
                        "isVisible": true
                    },
                    {
                        "fieldId": "incident_incomingmirrorerror",
                        "isVisible": true
                    },
                    {
                        "fieldId": "incident_investigationstage",
                        "isVisible": true
                    },
                    {
                        "fieldId": "incident_isactive",
                        "isVisible": true
                    },
                    {
                        "fieldId": "incident_lastname",
                        "isVisible": true
                    },
                    {
                        "fieldId": "incident_logsource",
                        "isVisible": true
                    },
                    {
                        "fieldId": "incident_lowlevelcategoriesevents",
                        "isVisible": true
                    },
                    {
                        "fieldId": "incident_macaddress",
                        "isVisible": true
                    },
                    {
                        "fieldId": "incident_md5",
                        "isVisible": true
                    },
                    {
                        "fieldId": "incident_mobiledevicemodel",
                        "isVisible": true
                    },
                    {
                        "fieldId": "incident_objective",
                        "isVisible": true
                    },
                    {
                        "fieldId": "incident_os",
                        "isVisible": true
                    },
                    {
                        "fieldId": "incident_osversion",
                        "isVisible": true
                    },
                    {
                        "fieldId": "incident_outgoingmirrorerror",
                        "isVisible": true
                    },
                    {
                        "fieldId": "incident_parentcmdline",
                        "isVisible": true
                    },
                    {
                        "fieldId": "incident_parentprocess",
                        "isVisible": true
                    },
                    {
                        "fieldId": "incident_phonenumber",
                        "isVisible": true
                    },
                    {
                        "fieldId": "incident_pid",
                        "isVisible": true
                    },
                    {
                        "fieldId": "incident_protocol",
                        "isVisible": true
                    },
                    {
                        "fieldId": "incident_remediationsla",
                        "isVisible": true
                    },
                    {
                        "fieldId": "incident_rulename",
                        "isVisible": true
                    },
                    {
                        "fieldId": "incident_scenario",
                        "isVisible": true
                    },
                    {
                        "fieldId": "incident_sha1",
                        "isVisible": true
                    },
                    {
                        "fieldId": "incident_sha256",
                        "isVisible": true
                    },
                    {
                        "fieldId": "incident_sha512",
                        "isVisible": true
                    },
                    {
                        "fieldId": "incident_similarincidents",
                        "isVisible": true
                    },
                    {
                        "fieldId": "incident_similarincidentsdbot",
                        "isVisible": true
                    },
                    {
                        "fieldId": "incident_sourcehostname",
                        "isVisible": true
                    },
                    {
                        "fieldId": "incident_sourceip",
                        "isVisible": true
                    },
                    {
                        "fieldId": "incident_sourcenetwork",
                        "isVisible": true
                    },
                    {
                        "fieldId": "incident_sourceport",
                        "isVisible": true
                    },
                    {
                        "fieldId": "incident_sourceusername",
                        "isVisible": true
                    },
                    {
                        "fieldId": "incident_srcs",
                        "isVisible": true
                    },
                    {
                        "fieldId": "incident_state",
                        "isVisible": true
                    },
                    {
                        "fieldId": "incident_subcategory",
                        "isVisible": true
                    },
                    {
                        "fieldId": "incident_tactic",
                        "isVisible": true
                    },
                    {
                        "fieldId": "incident_tacticid",
                        "isVisible": true
                    },
                    {
                        "fieldId": "incident_tags",
                        "isVisible": true
                    },
                    {
                        "fieldId": "incident_teamname",
                        "isVisible": true
                    },
                    {
                        "fieldId": "incident_technique",
                        "isVisible": true
                    },
                    {
                        "fieldId": "incident_techniqueid",
                        "isVisible": true
                    },
                    {
                        "fieldId": "incident_tenantname",
                        "isVisible": true
                    },
                    {
                        "fieldId": "incident_threathuntingdetectedhostnames",
                        "isVisible": true
                    },
                    {
                        "fieldId": "incident_threathuntingdetectedip",
                        "isVisible": true
                    },
                    {
                        "fieldId": "incident_ticketacknowledgeddate",
                        "isVisible": true
                    },
                    {
                        "fieldId": "incident_ticketcloseddate",
                        "isVisible": true
                    },
                    {
                        "fieldId": "incident_ticketnumber",
                        "isVisible": true
                    },
                    {
                        "fieldId": "incident_ticketopeneddate",
                        "isVisible": true
                    },
                    {
                        "fieldId": "incident_timetoassignment",
                        "isVisible": true
                    },
                    {
                        "fieldId": "incident_urlsslverification",
                        "isVisible": true
                    },
                    {
                        "fieldId": "incident_useraccountcontrol",
                        "isVisible": true
                    },
                    {
                        "fieldId": "incident_users",
                        "isVisible": true
                    }
                ],
                "isVisible": true,
                "name": "Custom Fields",
                "query": null,
                "queryType": "",
                "readOnly": false,
                "type": ""
            },
            {
                "description": "",
                "fields": [
                    {
                        "fieldId": "incident_labels",
                        "isVisible": true
                    }
                ],
                "isVisible": true,
                "name": "Labels",
                "query": null,
                "queryType": "",
                "readOnly": true,
                "type": "labels"
            }
        ]
    },
    "system": false,
    "version": -1,
    "fromVersion": "6.0.0"
}
