{"id":"PAN-OS Wildfire Submissions Log Incident","version":-1,"vcShouldIgnore":false,"locked":false,"name":"PAN-OS Wildfire Submissions Log Incident","prevName":"PAN-OS Wildfire Submissions Log Incident","color":"#f1dd12","hours":0,"days":0,"weeks":0,"hoursR":0,"daysR":0,"weeksR":0,"system":false,"readonly":false,"default":false,"autorun":false,"disabled":false,"reputationCalc":0,"onChangeRepAlg":0,"detached":false,"extractSettings":{"mode":"Specific","fieldCliNameToExtractSettings":{}},"fromVersion":"6.10.0"}