{"id":"Prisma Cloud Compute Compliance v2","version":-1,"vcShouldIgnore":false,"locked":false,"name":"Prisma Cloud Compute Compliance v2","prevName":"Prisma Cloud Compute Compliance v2","color":"#03B0FF","playbookId":"Prisma Cloud Compute - Compliance Alert v2","hours":0,"days":0,"weeks":0,"hoursR":0,"daysR":0,"weeksR":0,"system":false,"readonly":false,"default":false,"autorun":false,"disabled":false,"reputationCalc":0,"onChangeRepAlg":1,"layout":"Prisma Cloud Compute Compliance Incident v2","detached":false,"extractSettings":{"mode":"All","fieldCliNameToExtractSettings":{}},"fromVersion":"6.10.0"}