{"autorun":true,"color":"#A3C9FF","days":0,"daysR":0,"default":false,"detached":false,"disabled":false,"extractSettings":{"fieldCliNameToExtractSettings":{},"mode":"All"},"hours":0,"hoursR":0,"id":"Prisma Cloud Compute Audit v2","layout":"Prisma Cloud Compute Audit Layout v2","locked":false,"name":"Prisma Cloud Compute Audit v2","onChangeRepAlg":1,"playbookId":"Prisma Cloud Compute - Audit Alert v2","readonly":false,"reputationCalc":0,"system":false,"version":-1,"weeks":0,"weeksR":0,"fromVersion":"6.5.0"}