{"id":"Policy Optimizer","version":-1,"vcShouldIgnore":false,"locked":false,"name":"Policy Optimizer","prevName":"Policy Optimizer","color":"#7D28A7","playbookId":"Policy Optimizer - Generic","hours":0,"days":0,"weeks":0,"hoursR":0,"daysR":0,"weeksR":0,"system":false,"readonly":false,"default":false,"autorun":true,"disabled":false,"reputationCalc":0,"onChangeRepAlg":0,"layout":"Policy Optimizer Layout","detached":false,"extractSettings":{"mode":"Specific","fieldCliNameToExtractSettings":{}},"fromVersion":"6.0.0"}