{"id":"incident_gatewatchergcap","version":-1,"modified":"2024-11-27T17:39:09.010531303+01:00","name":"Gatewatcher GCap","ownerOnly":false,"cliName":"gatewatchergcap","type":"shortText","closeForm":true,"editForm":true,"required":false,"neverSetAsRequired":false,"isReadOnly":false,"useAsKpi":false,"locked":false,"system":false,"content":true,"group":0,"hidden":false,"openEnded":false,"associatedTypes":["Gatewatcher Incident"],"associatedToAll":false,"unmapped":false,"unsearchable":false,"caseInsensitive":true,"sla":0,"threshold":72,"fromVersion":"6.5.0"}