{"id":"incident_gatewatchernfshhash","version":-1,"modified":"2024-12-03T17:57:47.315482897+01:00","name":"Gatewatcher nfs.hhash","ownerOnly":false,"cliName":"gatewatchernfshhash","type":"shortText","closeForm":true,"editForm":true,"required":false,"neverSetAsRequired":false,"isReadOnly":false,"useAsKpi":false,"locked":false,"system":false,"content":true,"group":0,"hidden":false,"openEnded":false,"associatedTypes":["Gatewatcher Incident"],"associatedToAll":false,"unmapped":false,"unsearchable":false,"caseInsensitive":true,"sla":0,"threshold":72,"fromVersion":"6.5.0"}