{"id":"incident_gatewatcherransomwaremaliciousbehaviorconfidence","version":-1,"modified":"2024-11-28T16:34:18.49510543+01:00","name":"Gatewatcher ransomware.malicious_behavior_confidence","ownerOnly":false,"cliName":"gatewatcherransomwaremaliciousbehaviorconfidence","type":"number","closeForm":true,"editForm":true,"required":false,"neverSetAsRequired":false,"isReadOnly":false,"useAsKpi":false,"locked":false,"system":false,"content":true,"group":0,"hidden":false,"openEnded":false,"associatedTypes":["Gatewatcher Incident"],"associatedToAll":false,"unmapped":false,"unsearchable":false,"caseInsensitive":true,"sla":0,"threshold":72,"fromVersion":"6.5.0"}