{"id":"incident_gatewatcherikev2algenc","version":-1,"modified":"2024-12-04T14:05:34.69559797+01:00","name":"Gatewatcher ikev2.alg_enc","ownerOnly":false,"cliName":"gatewatcherikev2algenc","type":"shortText","closeForm":true,"editForm":true,"required":false,"neverSetAsRequired":false,"isReadOnly":false,"useAsKpi":false,"locked":false,"system":false,"content":true,"group":0,"hidden":false,"openEnded":false,"associatedTypes":["Gatewatcher Incident"],"associatedToAll":false,"unmapped":false,"unsearchable":false,"caseInsensitive":true,"sla":0,"threshold":72,"fromVersion":"6.5.0"}