{"id":"incident_gatewatcheriocupdateddate","version":-1,"modified":"2024-12-04T15:46:44.693924804+01:00","name":"Gatewatcher ioc.updated_date","ownerOnly":false,"cliName":"gatewatcheriocupdateddate","type":"shortText","closeForm":true,"editForm":true,"required":false,"neverSetAsRequired":false,"isReadOnly":false,"useAsKpi":false,"locked":false,"system":false,"content":true,"group":0,"hidden":false,"openEnded":false,"associatedTypes":["Gatewatcher Incident"],"associatedToAll":false,"unmapped":false,"unsearchable":false,"caseInsensitive":true,"sla":0,"threshold":72,"fromVersion":"6.5.0"}