{"id":"incident_gatewatcherkrbrealm","version":-1,"modified":"2024-12-03T18:16:42.715944498+01:00","name":"Gatewatcher krb.realm","ownerOnly":false,"cliName":"gatewatcherkrbrealm","type":"shortText","closeForm":true,"editForm":true,"required":false,"neverSetAsRequired":false,"isReadOnly":false,"useAsKpi":false,"locked":false,"system":false,"content":true,"group":0,"hidden":false,"openEnded":false,"associatedTypes":["Gatewatcher Incident"],"associatedToAll":false,"unmapped":false,"unsearchable":false,"caseInsensitive":true,"sla":0,"threshold":72,"fromVersion":"6.5.0"}