{"id":"incident_gatewatchersourceip","version":-1,"modified":"2024-11-28T15:43:53.704562412+01:00","name":"Gatewatcher source.ip","ownerOnly":false,"cliName":"gatewatchersourceip","type":"shortText","closeForm":true,"editForm":true,"required":false,"neverSetAsRequired":false,"isReadOnly":false,"useAsKpi":false,"locked":false,"system":false,"content":true,"group":0,"hidden":false,"openEnded":false,"associatedTypes":["Gatewatcher Incident"],"associatedToAll":false,"unmapped":false,"unsearchable":false,"caseInsensitive":true,"sla":0,"threshold":72,"fromVersion":"6.5.0"}