{"id":"incident_gatewatcherhttpversion","version":-1,"modified":"2024-11-28T11:10:08.645656027+01:00","name":"Gatewatcher http.version","ownerOnly":false,"cliName":"gatewatcherhttpversion","type":"shortText","closeForm":true,"editForm":true,"required":false,"neverSetAsRequired":false,"isReadOnly":false,"useAsKpi":false,"locked":false,"system":false,"content":true,"group":0,"hidden":false,"openEnded":false,"associatedTypes":["Gatewatcher Incident"],"associatedToAll":false,"unmapped":false,"unsearchable":false,"caseInsensitive":true,"sla":0,"threshold":72,"fromVersion":"6.5.0"}