{
	"id": "c51ed6ea-3b89-4a07-8bd7-8eaf0749e1e6",
	"version": 0,
	"modified": "0001-01-01T00:00:00Z",
	"sortValues": null,
	"packID": "",
	"itemVersion": "",
	"fromServerVersion": "",
	"toServerVersion": "",
	"vcShouldIgnore": false,
	"vcShouldKeepItemLegacyProdMachine": false,
	"commitMessage": "",
	"shouldCommit": false,
	"currentVersion": "",
	"name": "Contribution Test Pack",
	"description": "This section describes the pack's functionality and use-cases.",
	"updated": "0001-01-01T00:00:00Z",
	"created": "2020-06-30T10:35:51.24973515Z",
	"support": "internalContribution",
	"author": "Octocat Smith",
	"authorImage": "",
	"supportDetails": {
		"url": "",
		"email": "osmith@paloaltonetworks.com"
	},
	"beta": false,
	"deprecated": false,
	"certification": "none",
	"serverMinVersion": "",
	"serverMaxVersion": "",
	"general": null,
	"tags": null,
	"rawTags": null,
	"categories": null,
	"contentItems": {
		"integration": null,
		"automation": null,
		"incidentfield": null,
		"incidenttype": null,
		"indicatorfield": null,
		"reputation": null,
		"report": null,
		"dashboard": null,
		"playbook": null,
		"classifier": null,
		"layoutscontainer": null,
		"widget": null
	},
	"contentItemTypes": null,
	"integrations": null,
	"useCases": null,
	"rawUseCases": null,
	"keywords": null,
	"rawKeywords": null,
	"dependencies": {
		"CommonScripts": {
			"mandatory": true,
			"minVersion": "1.1.1",
			"name": "Common Scripts",
			"certification": "certified",
			"author": "Cortex XSOAR"
		},
		"ShiftManagement": {
			"mandatory": false,
			"minVersion": "1.0.0",
			"name": "Shift Management",
			"certification": "certified",
			"author": "Cortex XSOAR"
		}
	},
	"legacy": false,
	"price": 0,
	"premium": false,
	"installMessage": "",
	"versionInfo": "",
	"eulaLink": "",
	"previewOnly": false
}