{
    "autorun": true,
    "color": "#B7E7FF",
    "days": 0,
    "daysR": 0,
    "default": false,
    "detached": false,
    "disabled": false,
    "extractSettings": {
        "fieldCliNameToExtractSettings": {},
        "mode": "Specific"
    },
    "hours": 0,
    "hoursR": 0,
    "id": "SafeNet Trusted Access Account Lockout Alert",
    "layout": "SafeNet Trusted Access – Account Lockout Incident Layout",
    "locked": false,
    "name": "SafeNet Trusted Access Account Lockout Alert",
    "onChangeRepAlg": 0,
    "playbookId": "SafeNet Trusted Access - Terminate User SSO Sessions",
    "readonly": false,
    "reputationCalc": 0,
    "system": false,
    "version": -1,
    "weeks": 0,
    "weeksR": 0,
    "fromVersion": "6.0.0"
}