{"id":"CrowdStrike Falcon IOA Event","version":-1,"vcShouldIgnore":false,"locked":false,"name":"CrowdStrike Falcon IOA Event","prevName":"CrowdStrike Falcon IOA Event","color":"#E3FF88","hours":0,"days":0,"weeks":0,"hoursR":0,"daysR":0,"weeksR":0,"system":false,"readonly":false,"default":false,"autorun":false,"disabled":false,"reputationCalc":0,"onChangeRepAlg":0,"layout":"CrowdStrike Falcon Layout","detached":false,"extractSettings":{"mode":"Specific","fieldCliNameToExtractSettings":{}},"fromVersion":"5.0.0","marketplaces":["xsoar"]}