{"id":"CrowdStrike Falcon Mobile Detection","version":-1,"vcShouldIgnore":false,"locked":false,"name":"CrowdStrike Falcon Mobile Detection","prevName":"CrowdStrike Falcon Mobile Detection","color":"#E5CF7C","hours":0,"days":0,"weeks":0,"hoursR":0,"daysR":0,"weeksR":0,"system":false,"readonly":false,"default":false,"autorun":false,"disabled":false,"reputationCalc":0,"onChangeRepAlg":0,"detached":false,"extractSettings":{"mode":"Specific","fieldCliNameToExtractSettings":{}},"fromVersion":"6.10.0","marketplaces":["xsoar"]}