{
    "name": "CrowdStrike Falcon Repsol",
    "description": "The CrowdStrike Falcon OAuth 2 API (formerly the Falcon Firehose API), enables fetching and resolving detections, searching devices, getting behaviors by ID, containing hosts, and lifting host containment.",
    "support": "xsoar",
    "currentVersion": "2.2.0",
    "author": "Cortex XSOAR",
    "url": "https://www.paloaltonetworks.com/cortex",
    "email": "",
    "created": "2020-04-14T00:00:00Z",
    "categories": [
        "Endpoint"
    ],
    "tags": [],
    "useCases": [],
    "keywords": [],
    "marketplaces": [
        "xsoar",
        "marketplacev2",
        "platform"
    ],
    "dependencies": {
        "ServiceNow": {
            "mandatory": false,
            "display_name": "ServiceNow"
        },
        "Jira": {
            "mandatory": false,
            "display_name": "Atlassian Jira"
        },
        "FiltersAndTransformers": {
            "mandatory": true,
            "display_name": "Filters And Transformers"
        },
        "CommonTypes": {
            "mandatory": true,
            "display_name": "Common Types"
        },
        "CommonScripts": {
            "mandatory": true,
            "display_name": "Common Scripts"
        },
        "MalwareInvestigationAndResponse": {
            "mandatory": true,
            "display_name": "Malware Investigation and Response"
        },
        "CoreAlertFields": {
            "mandatory": true,
            "display_name": "Core Alert Fields"
        },
        "CommonPlaybooks": {
            "mandatory": true,
            "display_name": "Common Playbooks"
        },
        "Malware": {
            "mandatory": false,
            "display_name": "Malware"
        },
        "FeedMitreAttackv2": {
            "mandatory": true,
            "display_name": "MITRE ATT&CK v2"
        }
    },
    "displayedImages": [
        "ServiceNow",
        "Jira",
        "FiltersAndTransformers",
        "CommonTypes",
        "CommonScripts",
        "MalwareInvestigationAndResponse",
        "CoreAlertFields",
        "CommonPlaybooks",
        "Malware",
        "FeedMitreAttackv2"
    ],
    "supportedModules": [
        "X1",
        "X3",
        "X5",
        "ENT_PLUS"
    ]
}