{
    "kind": "close",
    "layout": {
        "id": "Case",
        "name": "Case",
        "version": -1,
        "kind": "close",
        "typeId": "Case",
        "sections": [
            {
                "description": "",
                "fields": [
                    {
                        "fieldId": "incident_closereason",
                        "isVisible": true
                    },
                    {
                        "fieldId": "incident_closenotes",
                        "isVisible": true
                    }
                ],
                "isVisible": true,
                "name": "Basic Information",
                "query": null,
                "queryType": "",
                "readOnly": false,
                "type": ""
            }
        ]
    },
    "fromVersion": "5.0.0",
    "toVersion": "5.9.9",
    "typeId": "Case",
    "version": -1,
     "description": ""
}