{
    "kind": "quickView",
    "layout": {
        "id": "Case",
        "name": "Case",
        "version": -1,
        "kind": "quickView",
        "typeId": "Case",
        "sections": [
            {
                "description": "",
                "fields": [
                    {
                        "fieldId": "incident_type",
                        "isVisible": true
                    },
                    {
                        "fieldId": "incident_name",
                        "isVisible": true
                    },
                    {
                        "fieldId": "incident_details",
                        "isVisible": true
                    },
                    {
                        "fieldId": "incident_severity",
                        "isVisible": true
                    },
                    {
                        "fieldId": "incident_dbotstatus",
                        "isVisible": true
                    },
                    {
                        "fieldId": "incident_owner",
                        "isVisible": true
                    },
                    {
                        "fieldId": "incident_roles",
                        "isVisible": true
                    },
                    {
                        "fieldId": "incident_playbookid",
                        "isVisible": true
                    }
                ],
                "isVisible": true,
                "name": "Basic Information",
                "query": null,
                "queryType": "",
                "readOnly": false,
                "type": ""
            },
            {
                "description": "",
                "fields": [
                    {
                        "fieldId": "incident_dbotcreated",
                        "isVisible": true
                    },
                    {
                        "fieldId": "incident_occurred",
                        "isVisible": true
                    },
                    {
                        "fieldId": "incident_dbotduedate",
                        "isVisible": true
                    },
                    {
                        "fieldId": "incident_dbotmodified",
                        "isVisible": true
                    },
                    {
                        "fieldId": "incident_dbottotaltime",
                        "isVisible": true
                    }
                ],
                "isVisible": true,
                "name": "Timeline Information",
                "query": null,
                "queryType": "",
                "readOnly": false,
                "type": ""
            },
            {
                "description": "",
                "fields": [
                    {
                        "fieldId": "incident_labels",
                        "isVisible": true
                    }
                ],
                "isVisible": true,
                "name": "Labels",
                "query": null,
                "queryType": "",
                "readOnly": true,
                "type": "labels"
            }
        ]
    },
    "fromVersion": "5.0.0",
    "toVersion": "5.9.9",
    "typeId": "Case",
    "version": -1,
    "description": ""
}