{
    "author": "Gatewatcher",
    "authorImage": "content/packs/Gatewatcher-AionIQ-v103/Author_image.png",
    "categories": [
        "Network Security"
    ],
    "certification": "certified",
    "commit": "079b385ff7a24a3d90be7c081a78dc67a180421d",
    "contentCommitHash": "",
    "contentDisplays": {
        "classifier": "Classifier",
        "incidentfield": "Incident Fields",
        "incidenttype": "Incident Type",
        "integration": "Integration",
        "layoutscontainer": "Layouts Container"
    },
    "contentItems": {
        "classifier": [
            {
                "deprecated": false,
                "description": "",
                "fromversion": "6.5.0",
                "id": "Gatewatcher Mapper Incoming",
                "name": "Gatewatcher Mapper Incoming",
                "toversion": ""
            }
        ],
        "incidentfield": [
            {
                "deprecated": false,
                "description": "",
                "fromversion": "6.5.0",
                "id": "incident_gatewatchernbametadata",
                "name": "Gatewatcher nba.metadata",
                "toversion": "",
                "type": "shortText"
            },
            {
                "deprecated": false,
                "description": "",
                "fromversion": "6.5.0",
                "id": "incident_gatewatcherdhcpsubnetmask",
                "name": "Gatewatcher dhcp.subnet_mask",
                "toversion": "",
                "type": "shortText"
            },
            {
                "deprecated": false,
                "description": "",
                "fromversion": "6.5.0",
                "id": "incident_gatewatcherkrbrealm",
                "name": "Gatewatcher krb.realm",
                "toversion": "",
                "type": "shortText"
            },
            {
                "deprecated": false,
                "description": "",
                "fromversion": "6.5.0",
                "id": "incident_gatewatchergcapinterface",
                "name": "Gatewatcher GCap interface",
                "toversion": "",
                "type": "shortText"
            },
            {
                "deprecated": false,
                "description": "",
                "fromversion": "6.5.0",
                "id": "incident_gatewatcherftpreplyreceived",
                "name": "Gatewatcher ftp.reply_received",
                "toversion": "",
                "type": "shortText"
            },
            {
                "deprecated": false,
                "description": "",
                "fromversion": "6.5.0",
                "id": "incident_gatewatchergcap",
                "name": "Gatewatcher GCap",
                "toversion": "",
                "type": "shortText"
            },
            {
                "deprecated": false,
                "description": "",
                "fromversion": "6.5.0",
                "id": "incident_gatewatcherdganxdomaincount",
                "name": "Gatewatcher dga.nx_domain_count",
                "toversion": "",
                "type": "number"
            },
            {
                "deprecated": false,
                "description": "",
                "fromversion": "6.5.0",
                "id": "incident_gatewatcherikev2esn",
                "name": "Gatewatcher ikev2.esn",
                "toversion": "",
                "type": "shortText"
            },
            {
                "deprecated": false,
                "description": "",
                "fromversion": "6.5.0",
                "id": "incident_gatewatcherdcerpcreq",
                "name": "Gatewatcher dcerpc.req",
                "toversion": "",
                "type": "shortText"
            },
            {
                "deprecated": false,
                "description": "",
                "fromversion": "6.5.0",
                "id": "incident_gatewatcherdhcpnextserverip",
                "name": "Gatewatcher dhcp.next_server_ip",
                "toversion": "",
                "type": "shortText"
            },
            {
                "deprecated": false,
                "description": "",
                "fromversion": "6.5.0",
                "id": "incident_gatewatchersshserver",
                "name": "Gatewatcher ssh.server",
                "toversion": "",
                "type": "shortText"
            },
            {
                "deprecated": false,
                "description": "",
                "fromversion": "6.5.0",
                "id": "incident_gatewatcherdhcpleasetime",
                "name": "Gatewatcher dhcp.lease_time",
                "toversion": "",
                "type": "number"
            },
            {
                "deprecated": false,
                "description": "",
                "fromversion": "6.5.0",
                "id": "incident_gatewatchergcenter",
                "name": "Gatewatcher GCenter",
                "toversion": "",
                "type": "shortText"
            },
            {
                "deprecated": false,
                "description": "",
                "fromversion": "6.5.0",
                "id": "incident_gatewatcherdhcpclientmac",
                "name": "Gatewatcher dhcp.client_mac",
                "toversion": "",
                "type": "shortText"
            },
            {
                "deprecated": false,
                "description": "",
                "fromversion": "6.5.0",
                "id": "incident_gatewatcherfilehash",
                "name": "Gatewatcher file.hash",
                "toversion": "",
                "type": "shortText"
            },
            {
                "deprecated": false,
                "description": "",
                "fromversion": "6.5.0",
                "id": "incident_gatewatcherbeaconhostnameresolution",
                "name": "Gatewatcher beacon.hostname_resolution",
                "toversion": "",
                "type": "shortText"
            },
            {
                "deprecated": false,
                "description": "",
                "fromversion": "6.5.0",
                "id": "incident_gatewatchertlsja3s",
                "name": "Gatewatcher tls.ja3s",
                "toversion": "",
                "type": "shortText"
            },
            {
                "deprecated": false,
                "description": "",
                "fromversion": "6.5.0",
                "id": "incident_gatewatcherbeaconsessioncount",
                "name": "Gatewatcher beacon.session_count",
                "toversion": "",
                "type": "shortText"
            },
            {
                "deprecated": false,
                "description": "",
                "fromversion": "6.5.0",
                "id": "incident_gatewatcherdnsauthorities",
                "name": "Gatewatcher dns.authorities",
                "toversion": "",
                "type": "shortText"
            },
            {
                "deprecated": false,
                "description": "",
                "fromversion": "6.5.0",
                "id": "incident_gatewatcherhttp2responseheaders",
                "name": "Gatewatcher http2.response_headers",
                "toversion": "",
                "type": "shortText"
            },
            {
                "deprecated": false,
                "description": "",
                "fromversion": "6.5.0",
                "id": "incident_gatewatcherhttp2version",
                "name": "Gatewatcher http2.version",
                "toversion": "",
                "type": "shortText"
            },
            {
                "deprecated": false,
                "description": "",
                "fromversion": "6.5.0",
                "id": "incident_gatewatcherdnp3src",
                "name": "Gatewatcher dnp3.src",
                "toversion": "",
                "type": "number"
            },
            {
                "deprecated": false,
                "description": "",
                "fromversion": "6.5.0",
                "id": "incident_gatewatcheriocusagemode",
                "name": "Gatewatcher ioc.usage_mode",
                "toversion": "",
                "type": "shortText"
            },
            {
                "deprecated": false,
                "description": "",
                "fromversion": "6.5.0",
                "id": "incident_gatewatchernfsprocedure",
                "name": "Gatewatcher nfs.procedure",
                "toversion": "",
                "type": "shortText"
            },
            {
                "deprecated": false,
                "description": "",
                "fromversion": "6.5.0",
                "id": "incident_gatewatchersnmppdutype",
                "name": "Gatewatcher snmp.pdu_type",
                "toversion": "",
                "type": "shortText"
            },
            {
                "deprecated": false,
                "description": "",
                "fromversion": "6.5.0",
                "id": "incident_gatewatchersmbfuid",
                "name": "Gatewatcher smb.fuid",
                "toversion": "",
                "type": "shortText"
            },
            {
                "deprecated": false,
                "description": "",
                "fromversion": "6.5.0",
                "id": "incident_gatewatchermqttconnack",
                "name": "Gatewatcher mqtt.connack",
                "toversion": "",
                "type": "shortText"
            },
            {
                "deprecated": false,
                "description": "",
                "fromversion": "6.5.0",
                "id": "incident_gatewatcherransomwaresessionscore",
                "name": "Gatewatcher ransomware.session_score",
                "toversion": "",
                "type": "number"
            },
            {
                "deprecated": false,
                "description": "",
                "fromversion": "6.5.0",
                "id": "incident_gatewatcherftpdynamicport",
                "name": "Gatewatcher ftp.dynamic_port",
                "toversion": "",
                "type": "number"
            },
            {
                "deprecated": false,
                "description": "",
                "fromversion": "6.5.0",
                "id": "incident_gatewatchernetworktransport",
                "name": "Gatewatcher network.transport",
                "toversion": "",
                "type": "shortText"
            },
            {
                "deprecated": false,
                "description": "",
                "fromversion": "6.5.0",
                "id": "incident_gatewatcherbeaconactive",
                "name": "Gatewatcher beacon.active",
                "toversion": "",
                "type": "shortText"
            },
            {
                "deprecated": false,
                "description": "",
                "fromversion": "6.5.0",
                "id": "incident_gatewatcherbeaconpossiblecnc",
                "name": "Gatewatcher beacon.possible_cnc",
                "toversion": "",
                "type": "shortText"
            },
            {
                "deprecated": false,
                "description": "",
                "fromversion": "6.5.0",
                "id": "incident_gatewatchertlsserver",
                "name": "Gatewatcher tls.server",
                "toversion": "",
                "type": "shortText"
            },
            {
                "deprecated": false,
                "description": "",
                "fromversion": "6.5.0",
                "id": "incident_gatewatcheriocexternallinks",
                "name": "Gatewatcher ioc.external_links",
                "toversion": "",
                "type": "shortText"
            },
            {
                "deprecated": false,
                "description": "",
                "fromversion": "6.5.0",
                "id": "incident_gatewatcherioctlp",
                "name": "Gatewatcher ioc.tlp",
                "toversion": "",
                "type": "shortText"
            },
            {
                "deprecated": false,
                "description": "",
                "fromversion": "6.5.0",
                "id": "incident_gatewatcherdhcpdnsservers",
                "name": "Gatewatcher dhcp.dns_servers",
                "toversion": "",
                "type": "shortText"
            },
            {
                "deprecated": false,
                "description": "",
                "fromversion": "6.5.0",
                "id": "incident_gatewatcheriocfamilies",
                "name": "Gatewatcher ioc.families",
                "toversion": "",
                "type": "shortText"
            },
            {
                "deprecated": false,
                "description": "",
                "fromversion": "6.5.0",
                "id": "incident_gatewatcherdnsresponsecode",
                "name": "Gatewatcher dns.response_code",
                "toversion": "",
                "type": "shortText"
            },
            {
                "deprecated": false,
                "description": "",
                "fromversion": "6.5.0",
                "id": "incident_gatewatcheriocvalue",
                "name": "Gatewatcher ioc.value",
                "toversion": "",
                "type": "shortText"
            },
            {
                "deprecated": false,
                "description": "",
                "fromversion": "6.5.0",
                "id": "incident_gatewatchermalcorestate",
                "name": "Gatewatcher malcore.state",
                "toversion": "",
                "type": "shortText"
            },
            {
                "deprecated": false,
                "description": "",
                "fromversion": "6.5.0",
                "id": "incident_gatewatcherhttp2status",
                "name": "Gatewatcher http2.status",
                "toversion": "",
                "type": "shortText"
            },
            {
                "deprecated": false,
                "description": "",
                "fromversion": "6.5.0",
                "id": "incident_gatewatchernbastream",
                "name": "Gatewatcher nba.stream",
                "toversion": "",
                "type": "number"
            },
            {
                "deprecated": false,
                "description": "",
                "fromversion": "6.5.0",
                "id": "incident_gatewatchersmbdialect",
                "name": "Gatewatcher smb.dialect",
                "toversion": "",
                "type": "shortText"
            },
            {
                "deprecated": false,
                "description": "",
                "fromversion": "6.5.0",
                "id": "incident_gatewatchertftpfile",
                "name": "Gatewatcher tftp.file",
                "toversion": "",
                "type": "shortText"
            },
            {
                "deprecated": false,
                "description": "",
                "fromversion": "6.5.0",
                "id": "incident_gatewatcherrdpclient",
                "name": "Gatewatcher rdp.client",
                "toversion": "",
                "type": "shortText"
            },
            {
                "deprecated": false,
                "description": "",
                "fromversion": "6.5.0",
                "id": "incident_gatewatcherransomwaremaliciousbehaviorconfidence",
                "name": "Gatewatcher ransomware.malicious_behavior_confidence",
                "toversion": "",
                "type": "number"
            },
            {
                "deprecated": false,
                "description": "",
                "fromversion": "6.5.0",
                "id": "incident_gatewatchertlsja3",
                "name": "Gatewatcher tls.ja3",
                "toversion": "",
                "type": "shortText"
            },
            {
                "deprecated": false,
                "description": "",
                "fromversion": "6.5.0",
                "id": "incident_gatewatcherikev2errors",
                "name": "Gatewatcher ikev2.errors",
                "toversion": "",
                "type": "number"
            },
            {
                "deprecated": false,
                "description": "",
                "fromversion": "6.5.0",
                "id": "incident_gatewatchersipresponseline",
                "name": "Gatewatcher sip.response_line",
                "toversion": "",
                "type": "shortText"
            },
            {
                "deprecated": false,
                "description": "",
                "fromversion": "6.5.0",
                "id": "incident_gatewatchereventmodule",
                "name": "Gatewatcher event.module",
                "toversion": "",
                "type": "shortText"
            },
            {
                "deprecated": false,
                "description": "",
                "fromversion": "6.5.0",
                "id": "incident_gatewatcherdgamalwarebehaviorconfidence",
                "name": "Gatewatcher dga.malware_behavior_confidence",
                "toversion": "",
                "type": "number"
            },
            {
                "deprecated": false,
                "description": "",
                "fromversion": "6.5.0",
                "id": "incident_gatewatcherikev2versionminor",
                "name": "Gatewatcher ikev2.version_minor",
                "toversion": "",
                "type": "number"
            },
            {
                "deprecated": false,
                "description": "",
                "fromversion": "6.5.0",
                "id": "incident_gatewatcherhttpversion",
                "name": "Gatewatcher http.version",
                "toversion": "",
                "type": "shortText"
            },
            {
                "deprecated": false,
                "description": "",
                "fromversion": "6.5.0",
                "id": "incident_gatewatcheriocpackagedate",
                "name": "Gatewatcher ioc.package_date",
                "toversion": "",
                "type": "shortText"
            },
            {
                "deprecated": false,
                "description": "",
                "fromversion": "6.5.0",
                "id": "incident_gatewatcherftpreplytruncated",
                "name": "Gatewatcher ftp.reply_truncated",
                "toversion": "",
                "type": "shortText"
            },
            {
                "deprecated": false,
                "description": "",
                "fromversion": "6.5.0",
                "id": "incident_gatewatcherikev2role",
                "name": "Gatewatcher ikev2.role",
                "toversion": "",
                "type": "shortText"
            },
            {
                "deprecated": false,
                "description": "",
                "fromversion": "6.5.0",
                "id": "incident_gatewatcherftpcompletioncode",
                "name": "Gatewatcher ftp.completion_code",
                "toversion": "",
                "type": "shortText"
            },
            {
                "deprecated": false,
                "description": "",
                "fromversion": "6.5.0",
                "id": "incident_gatewatchertftpmode",
                "name": "Gatewatcher tftp.mode",
                "toversion": "",
                "type": "shortText"
            },
            {
                "deprecated": false,
                "description": "",
                "fromversion": "6.5.0",
                "id": "incident_gatewatcherdhcprouters",
                "name": "Gatewatcher dhcp.routers",
                "toversion": "",
                "type": "shortText"
            },
            {
                "deprecated": false,
                "description": "",
                "fromversion": "6.5.0",
                "id": "incident_gatewatcherdnp3application",
                "name": "Gatewatcher dnp3.application",
                "toversion": "",
                "type": "shortText"
            },
            {
                "deprecated": false,
                "description": "",
                "fromversion": "6.5.0",
                "id": "incident_gatewatcherhttpaccept",
                "name": "Gatewatcher http.accept",
                "toversion": "",
                "type": "shortText"
            },
            {
                "deprecated": false,
                "description": "",
                "fromversion": "6.5.0",
                "id": "incident_gatewatchernetworkprotocol",
                "name": "Gatewatcher network.protocol",
                "toversion": "",
                "type": "shortText"
            },
            {
                "deprecated": false,
                "description": "",
                "fromversion": "6.5.0",
                "id": "incident_gatewatchersmbstatuscode",
                "name": "Gatewatcher smb.status_code",
                "toversion": "",
                "type": "shortText"
            },
            {
                "deprecated": false,
                "description": "",
                "fromversion": "6.5.0",
                "id": "incident_gatewatcherkrbweakencryption",
                "name": "Gatewatcher krb.weak_encryption",
                "toversion": "",
                "type": "shortText"
            },
            {
                "deprecated": false,
                "description": "",
                "fromversion": "6.5.0",
                "id": "incident_gatewatchersigflowcategory",
                "name": "Gatewatcher sigflow.category",
                "toversion": "",
                "type": "shortText"
            },
            {
                "deprecated": false,
                "description": "",
                "fromversion": "6.5.0",
                "id": "incident_gatewatcheriocvulnerabilities",
                "name": "Gatewatcher ioc.vulnerabilities",
                "toversion": "",
                "type": "shortText"
            },
            {
                "deprecated": false,
                "description": "",
                "fromversion": "6.5.0",
                "id": "incident_gatewatcherdestinationport",
                "name": "Gatewatcher destination.port",
                "toversion": "",
                "type": "number"
            },
            {
                "deprecated": false,
                "description": "",
                "fromversion": "6.5.0",
                "id": "incident_gatewatchersigflowpayloadprintable",
                "name": "Gatewatcher sigflow.payload_printable",
                "toversion": "",
                "type": "shortText"
            },
            {
                "deprecated": false,
                "description": "",
                "fromversion": "6.5.0",
                "id": "incident_gatewatchersourceip",
                "name": "Gatewatcher source.ip",
                "toversion": "",
                "type": "shortText"
            },
            {
                "deprecated": false,
                "description": "",
                "fromversion": "6.5.0",
                "id": "incident_gatewatcherdestinationip",
                "name": "Gatewatcher destination.ip",
                "toversion": "",
                "type": "shortText"
            },
            {
                "deprecated": false,
                "description": "",
                "fromversion": "6.5.0",
                "id": "incident_gatewatcherdcerpcrequest",
                "name": "Gatewatcher dcerpc.request",
                "toversion": "",
                "type": "shortText"
            },
            {
                "deprecated": false,
                "description": "",
                "fromversion": "6.5.0",
                "id": "incident_gatewatcherhttp2httpuseragent",
                "name": "Gatewatcher http2.http_user_agent",
                "toversion": "",
                "type": "shortText"
            },
            {
                "deprecated": false,
                "description": "",
                "fromversion": "6.5.0",
                "id": "incident_gatewatcherikev2versionmajor",
                "name": "Gatewatcher ikev2.version_major",
                "toversion": "",
                "type": "number"
            },
            {
                "deprecated": false,
                "description": "",
                "fromversion": "6.5.0",
                "id": "incident_gatewatchersmbshare",
                "name": "Gatewatcher smb.share",
                "toversion": "",
                "type": "shortText"
            },
            {
                "deprecated": false,
                "description": "",
                "fromversion": "6.5.0",
                "id": "incident_gatewatcherrdptxid",
                "name": "Gatewatcher rdp.tx_id",
                "toversion": "",
                "type": "number"
            },
            {
                "deprecated": false,
                "description": "",
                "fromversion": "6.5.0",
                "id": "incident_gatewatcheriocrelations",
                "name": "Gatewatcher ioc.relations",
                "toversion": "",
                "type": "shortText"
            },
            {
                "deprecated": false,
                "description": "",
                "fromversion": "6.5.0",
                "id": "incident_gatewatchernfshhash",
                "name": "Gatewatcher nfs.hhash",
                "toversion": "",
                "type": "shortText"
            },
            {
                "deprecated": false,
                "description": "",
                "fromversion": "6.5.0",
                "id": "incident_gatewatchersipcode",
                "name": "Gatewatcher sip.code",
                "toversion": "",
                "type": "shortText"
            },
            {
                "deprecated": false,
                "description": "",
                "fromversion": "6.5.0",
                "id": "incident_gatewatcherkrbsname",
                "name": "Gatewatcher krb.sname",
                "toversion": "",
                "type": "shortText"
            },
            {
                "deprecated": false,
                "description": "",
                "fromversion": "6.5.0",
                "id": "incident_gatewatcherioctargetedcountries",
                "name": "Gatewatcher ioc.targeted_countries",
                "toversion": "",
                "type": "shortText"
            },
            {
                "deprecated": false,
                "description": "",
                "fromversion": "6.5.0",
                "id": "incident_gatewatchermalcoreengineslastupdatedate",
                "name": "Gatewatcher malcore.engines_last_update_date",
                "toversion": "",
                "type": "shortText"
            },
            {
                "deprecated": false,
                "description": "",
                "fromversion": "6.5.0",
                "id": "incident_gatewatchertlsserial",
                "name": "Gatewatcher tls.serial",
                "toversion": "",
                "type": "shortText"
            },
            {
                "deprecated": false,
                "description": "",
                "fromversion": "6.5.0",
                "id": "incident_gatewatchernfsstatus",
                "name": "Gatewatcher nfs.status",
                "toversion": "",
                "type": "shortText"
            },
            {
                "deprecated": false,
                "description": "",
                "fromversion": "6.5.0",
                "id": "incident_gatewatcherrawevent",
                "name": "Gatewatcher Raw Event",
                "toversion": "",
                "type": "longText"
            },
            {
                "deprecated": false,
                "description": "",
                "fromversion": "6.5.0",
                "id": "incident_gatewatcherdcerpcrpcversion",
                "name": "Gatewatcher dcerpc.rpc_version",
                "toversion": "",
                "type": "shortText"
            },
            {
                "deprecated": false,
                "description": "",
                "fromversion": "6.5.0",
                "id": "incident_gatewatcherhttpdate",
                "name": "Gatewatcher http.date",
                "toversion": "",
                "type": "shortText"
            },
            {
                "deprecated": false,
                "description": "",
                "fromversion": "6.5.0",
                "id": "incident_gatewatchersigflowpayload",
                "name": "Gatewatcher sigflow.payload",
                "toversion": "",
                "type": "shortText"
            },
            {
                "deprecated": false,
                "description": "",
                "fromversion": "6.5.0",
                "id": "incident_gatewatchersourceport",
                "name": "Gatewatcher source.port",
                "toversion": "",
                "type": "number"
            },
            {
                "deprecated": false,
                "description": "",
                "fromversion": "6.5.0",
                "id": "incident_gatewatcherbeacontype",
                "name": "Gatewatcher beacon.type",
                "toversion": "",
                "type": "shortText"
            },
            {
                "deprecated": false,
                "description": "",
                "fromversion": "6.5.0",
                "id": "incident_gatewatcherrfbauthentication",
                "name": "Gatewatcher rfb.authentication",
                "toversion": "",
                "type": "shortText"
            },
            {
                "deprecated": false,
                "description": "",
                "fromversion": "6.5.0",
                "id": "incident_gatewatcherhttplastmodified",
                "name": "Gatewatcher http.last_modified",
                "toversion": "",
                "type": "shortText"
            },
            {
                "deprecated": false,
                "description": "",
                "fromversion": "6.5.0",
                "id": "incident_gatewatcherkrbmsgtype",
                "name": "Gatewatcher krb.msg_type",
                "toversion": "",
                "type": "shortText"
            },
            {
                "deprecated": false,
                "description": "",
                "fromversion": "6.5.0",
                "id": "incident_gatewatchernbapacket",
                "name": "Gatewatcher nba.packet",
                "toversion": "",
                "type": "shortText"
            },
            {
                "deprecated": false,
                "description": "",
                "fromversion": "6.5.0",
                "id": "incident_gatewatcheriockillchainphases",
                "name": "Gatewatcher ioc.kill_chain_phases",
                "toversion": "",
                "type": "shortText"
            },
            {
                "deprecated": false,
                "description": "",
                "fromversion": "6.5.0",
                "id": "incident_gatewatcherdcerpccallid",
                "name": "Gatewatcher dcerpc.call_id",
                "toversion": "",
                "type": "number"
            },
            {
                "deprecated": false,
                "description": "",
                "fromversion": "6.5.0",
                "id": "incident_gatewatcherhttp2requestheaders",
                "name": "Gatewatcher http2.request_headers",
                "toversion": "",
                "type": "shortText"
            },
            {
                "deprecated": false,
                "description": "",
                "fromversion": "6.5.0",
                "id": "incident_gatewatcherioccreationdate",
                "name": "Gatewatcher ioc.creation_date",
                "toversion": "",
                "type": "shortText"
            },
            {
                "deprecated": false,
                "description": "",
                "fromversion": "6.5.0",
                "id": "incident_gatewatcherrdpeventtype",
                "name": "Gatewatcher rdp.event_type",
                "toversion": "",
                "type": "shortText"
            },
            {
                "deprecated": false,
                "description": "",
                "fromversion": "6.5.0",
                "id": "incident_gatewatcherrfbclientprotocolversion",
                "name": "Gatewatcher rfb.client_protocol_version",
                "toversion": "",
                "type": "shortText"
            },
            {
                "deprecated": false,
                "description": "",
                "fromversion": "6.5.0",
                "id": "incident_gatewatchernfstype",
                "name": "Gatewatcher nfs.type",
                "toversion": "",
                "type": "shortText"
            },
            {
                "deprecated": false,
                "description": "",
                "fromversion": "6.5.0",
                "id": "incident_gatewatcherkrbencryption",
                "name": "Gatewatcher krb.encryption",
                "toversion": "",
                "type": "shortText"
            },
            {
                "deprecated": false,
                "description": "",
                "fromversion": "6.5.0",
                "id": "incident_gatewatchernbaaction",
                "name": "Gatewatcher nba.action",
                "toversion": "",
                "type": "shortText"
            },
            {
                "deprecated": false,
                "description": "",
                "fromversion": "6.5.0",
                "id": "incident_gatewatcherdhcphostname",
                "name": "Gatewatcher dhcp.hostname",
                "toversion": "",
                "type": "shortText"
            },
            {
                "deprecated": false,
                "description": "",
                "fromversion": "6.5.0",
                "id": "incident_gatewatcherioctype",
                "name": "Gatewatcher ioc.type",
                "toversion": "",
                "type": "shortText"
            },
            {
                "deprecated": false,
                "description": "",
                "fromversion": "6.5.0",
                "id": "incident_gatewatcherioccategories",
                "name": "Gatewatcher ioc.categories",
                "toversion": "",
                "type": "shortText"
            },
            {
                "deprecated": false,
                "description": "",
                "fromversion": "6.5.0",
                "id": "incident_gatewatcherikev2algperf",
                "name": "Gatewatcher ikev2.alg_perf",
                "toversion": "",
                "type": "shortText"
            },
            {
                "deprecated": false,
                "description": "",
                "fromversion": "6.5.0",
                "id": "incident_gatewatchernfsfilename",
                "name": "Gatewatcher nfs.filename",
                "toversion": "",
                "type": "shortText"
            },
            {
                "deprecated": false,
                "description": "",
                "fromversion": "6.5.0",
                "id": "incident_gatewatchersigflowaction",
                "name": "Gatewatcher sigflow.action",
                "toversion": "",
                "type": "shortText"
            },
            {
                "deprecated": false,
                "description": "",
                "fromversion": "6.5.0",
                "id": "incident_gatewatcherfilename",
                "name": "Gatewatcher file.name",
                "toversion": "",
                "type": "shortText"
            },
            {
                "deprecated": false,
                "description": "",
                "fromversion": "6.5.0",
                "id": "incident_gatewatcherhttphttprefer",
                "name": "Gatewatcher http.http_refer",
                "toversion": "",
                "type": "shortText"
            },
            {
                "deprecated": false,
                "description": "",
                "fromversion": "6.5.0",
                "id": "incident_gatewatchernfsversion",
                "name": "Gatewatcher nfs.version",
                "toversion": "",
                "type": "number"
            },
            {
                "deprecated": false,
                "description": "",
                "fromversion": "6.5.0",
                "id": "incident_gatewatchernbasignatureid",
                "name": "Gatewatcher nba.signature_id",
                "toversion": "",
                "type": "number"
            },
            {
                "deprecated": false,
                "description": "",
                "fromversion": "6.5.0",
                "id": "incident_gatewatcheriocsignature",
                "name": "Gatewatcher ioc.signature",
                "toversion": "",
                "type": "shortText"
            },
            {
                "deprecated": false,
                "description": "",
                "fromversion": "6.5.0",
                "id": "incident_gatewatcherhttpresponsemimetype",
                "name": "Gatewatcher http.response.mime_type",
                "toversion": "",
                "type": "shortText"
            },
            {
                "deprecated": false,
                "description": "",
                "fromversion": "6.5.0",
                "id": "incident_gatewatchernbagid",
                "name": "Gatewatcher nba.gid",
                "toversion": "",
                "type": "number"
            },
            {
                "deprecated": false,
                "description": "",
                "fromversion": "6.5.0",
                "id": "incident_gatewatcherikev2initspi",
                "name": "Gatewatcher ikev2.init_spi",
                "toversion": "",
                "type": "shortText"
            },
            {
                "deprecated": false,
                "description": "",
                "fromversion": "6.5.0",
                "id": "incident_gatewatcherikev2notify",
                "name": "Gatewatcher ikev2.notify",
                "toversion": "",
                "type": "shortText"
            },
            {
                "deprecated": false,
                "description": "",
                "fromversion": "6.5.0",
                "id": "incident_gatewatcherioccampaigns",
                "name": "Gatewatcher ioc.campaigns",
                "toversion": "",
                "type": "shortText"
            },
            {
                "deprecated": false,
                "description": "",
                "fromversion": "6.5.0",
                "id": "incident_gatewatchernbapayload",
                "name": "Gatewatcher nba.payload",
                "toversion": "",
                "type": "shortText"
            },
            {
                "deprecated": false,
                "description": "",
                "fromversion": "6.5.0",
                "id": "incident_gatewatcherdgadgaratio",
                "name": "Gatewatcher dga.dga_ratio",
                "toversion": "",
                "type": "number"
            },
            {
                "deprecated": false,
                "description": "",
                "fromversion": "6.5.0",
                "id": "incident_gatewatcherikev2exchangetype",
                "name": "Gatewatcher ikev2.exchange_type",
                "toversion": "",
                "type": "number"
            },
            {
                "deprecated": false,
                "description": "",
                "fromversion": "6.5.0",
                "id": "incident_gatewatcherhttp2httpmethod",
                "name": "Gatewatcher http2.http_method",
                "toversion": "",
                "type": "shortText"
            },
            {
                "deprecated": false,
                "description": "",
                "fromversion": "6.5.0",
                "id": "incident_gatewatcherhttp2http2",
                "name": "Gatewatcher http2.http2",
                "toversion": "",
                "type": "shortText"
            },
            {
                "deprecated": false,
                "description": "",
                "fromversion": "6.5.0",
                "id": "incident_gatewatcherhttphostname",
                "name": "Gatewatcher http.hostname",
                "toversion": "",
                "type": "shortText"
            },
            {
                "deprecated": false,
                "description": "",
                "fromversion": "6.5.0",
                "id": "incident_gatewatcherikev2algauth",
                "name": "Gatewatcher ikev2.alg_auth",
                "toversion": "",
                "type": "shortText"
            },
            {
                "deprecated": false,
                "description": "",
                "fromversion": "6.5.0",
                "id": "incident_gatewatchersshclient",
                "name": "Gatewatcher ssh.client",
                "toversion": "",
                "type": "shortText"
            },
            {
                "deprecated": false,
                "description": "",
                "fromversion": "6.5.0",
                "id": "incident_gatewatcherioctargetedorganizations",
                "name": "Gatewatcher ioc.targeted_organizations",
                "toversion": "",
                "type": "shortText"
            },
            {
                "deprecated": false,
                "description": "",
                "fromversion": "6.5.0",
                "id": "incident_gatewatchersmtpmailfrom",
                "name": "Gatewatcher smtp.mail_from",
                "toversion": "",
                "type": "shortText"
            },
            {
                "deprecated": false,
                "description": "",
                "fromversion": "6.5.0",
                "id": "incident_gatewatchernbapayloadprintable",
                "name": "Gatewatcher nba.payload_printable",
                "toversion": "",
                "type": "shortText"
            },
            {
                "deprecated": false,
                "description": "",
                "fromversion": "6.5.0",
                "id": "incident_gatewatchersmbid",
                "name": "Gatewatcher smb.id",
                "toversion": "",
                "type": "shortText"
            },
            {
                "deprecated": false,
                "description": "",
                "fromversion": "6.5.0",
                "id": "incident_gatewatcherhttprequestmimetype",
                "name": "Gatewatcher http.request.mime_type",
                "toversion": "",
                "type": "shortText"
            },
            {
                "deprecated": false,
                "description": "",
                "fromversion": "6.5.0",
                "id": "incident_gatewatcherbeaconmeantimeinterval",
                "name": "Gatewatcher beacon.mean_time_interval",
                "toversion": "",
                "type": "number"
            },
            {
                "deprecated": false,
                "description": "",
                "fromversion": "6.5.0",
                "id": "incident_gatewatchersipreason",
                "name": "Gatewatcher sip.reason",
                "toversion": "",
                "type": "shortText"
            },
            {
                "deprecated": false,
                "description": "",
                "fromversion": "6.5.0",
                "id": "incident_gatewatcherdnp3iin",
                "name": "Gatewatcher dnp3.iin",
                "toversion": "",
                "type": "shortText"
            },
            {
                "deprecated": false,
                "description": "",
                "fromversion": "6.5.0",
                "id": "incident_gatewatcherdnp3control",
                "name": "Gatewatcher dnp3.control",
                "toversion": "",
                "type": "shortText"
            },
            {
                "deprecated": false,
                "description": "",
                "fromversion": "6.5.0",
                "id": "incident_gatewatcheriocthreatactor",
                "name": "Gatewatcher ioc.threat_actor",
                "toversion": "",
                "type": "shortText"
            },
            {
                "deprecated": false,
                "description": "",
                "fromversion": "6.5.0",
                "id": "incident_gatewatchersipversion",
                "name": "Gatewatcher sip.version",
                "toversion": "",
                "type": "shortText"
            },
            {
                "deprecated": false,
                "description": "",
                "fromversion": "6.5.0",
                "id": "incident_gatewatcherdcerpcresponse",
                "name": "Gatewatcher dcerpc.response",
                "toversion": "",
                "type": "shortText"
            },
            {
                "deprecated": false,
                "description": "",
                "fromversion": "6.5.0",
                "id": "incident_gatewatcherflowid",
                "name": "Gatewatcher Flow ID",
                "toversion": "",
                "type": "number"
            },
            {
                "deprecated": false,
                "description": "",
                "fromversion": "6.5.0",
                "id": "incident_gatewatchersmbsessionid",
                "name": "Gatewatcher smb.session_id",
                "toversion": "",
                "type": "number"
            },
            {
                "deprecated": false,
                "description": "",
                "fromversion": "6.5.0",
                "id": "incident_gatewatcherioctargetedsectors",
                "name": "Gatewatcher ioc.targeted_sectors",
                "toversion": "",
                "type": "shortText"
            },
            {
                "deprecated": false,
                "description": "",
                "fromversion": "6.5.0",
                "id": "incident_gatewatchershellcodesubtype",
                "name": "Gatewatcher shellcode.sub_type",
                "toversion": "",
                "type": "shortText"
            },
            {
                "deprecated": false,
                "description": "",
                "fromversion": "6.5.0",
                "id": "incident_gatewatcherdhcprelayip",
                "name": "Gatewatcher dhcp.relay_ip",
                "toversion": "",
                "type": "shortText"
            },
            {
                "deprecated": false,
                "description": "",
                "fromversion": "6.5.0",
                "id": "incident_gatewatcheriocmetadata",
                "name": "Gatewatcher ioc.meta_data",
                "toversion": "",
                "type": "shortText"
            },
            {
                "deprecated": false,
                "description": "",
                "fromversion": "6.5.0",
                "id": "incident_gatewatchertftppacket",
                "name": "Gatewatcher tftp.packet",
                "toversion": "",
                "type": "shortText"
            },
            {
                "deprecated": false,
                "description": "",
                "fromversion": "6.5.0",
                "id": "incident_gatewatchersnmpvars",
                "name": "Gatewatcher snmp.vars",
                "toversion": "",
                "type": "shortText"
            },
            {
                "deprecated": false,
                "description": "",
                "fromversion": "6.5.0",
                "id": "incident_gatewatcherdnp3type",
                "name": "Gatewatcher dnp3.type",
                "toversion": "",
                "type": "shortText"
            },
            {
                "deprecated": false,
                "description": "",
                "fromversion": "6.5.0",
                "id": "incident_gatewatcherikev2algenc",
                "name": "Gatewatcher ikev2.alg_enc",
                "toversion": "",
                "type": "shortText"
            },
            {
                "deprecated": false,
                "description": "",
                "fromversion": "6.5.0",
                "id": "incident_gatewatcherikev2payload",
                "name": "Gatewatcher ikev2.payload",
                "toversion": "",
                "type": "shortText"
            },
            {
                "deprecated": false,
                "description": "",
                "fromversion": "6.5.0",
                "id": "incident_gatewatchersmtprcptto",
                "name": "Gatewatcher smtp.rcpt_to",
                "toversion": "",
                "type": "shortText"
            },
            {
                "deprecated": false,
                "description": "",
                "fromversion": "6.5.0",
                "id": "incident_gatewatchertlssni",
                "name": "Gatewatcher tls.sni",
                "toversion": "",
                "type": "shortText"
            },
            {
                "deprecated": false,
                "description": "",
                "fromversion": "6.5.0",
                "id": "incident_gatewatchersnmpcomm",
                "name": "Gatewatcher snmp.comm",
                "toversion": "",
                "type": "shortText"
            },
            {
                "deprecated": false,
                "description": "",
                "fromversion": "6.5.0",
                "id": "incident_gatewatcherdhcpid",
                "name": "Gatewatcher dhcp.id",
                "toversion": "",
                "type": "number"
            },
            {
                "deprecated": false,
                "description": "",
                "fromversion": "6.5.0",
                "id": "incident_gatewatcherdgatopdga",
                "name": "Gatewatcher dga.top_DGA",
                "toversion": "",
                "type": "shortText"
            },
            {
                "deprecated": false,
                "description": "",
                "fromversion": "6.5.0",
                "id": "incident_gatewatcherdhcpassignedip",
                "name": "Gatewatcher dhcp.assigned_ip",
                "toversion": "",
                "type": "shortText"
            },
            {
                "deprecated": false,
                "description": "",
                "fromversion": "6.5.0",
                "id": "incident_gatewatcherioccaseid",
                "name": "Gatewatcher ioc.case_id",
                "toversion": "",
                "type": "shortText"
            },
            {
                "deprecated": false,
                "description": "",
                "fromversion": "6.5.0",
                "id": "incident_gatewatcherdgadgacount",
                "name": "Gatewatcher dga.dga_count",
                "toversion": "",
                "type": "number"
            },
            {
                "deprecated": false,
                "description": "",
                "fromversion": "6.5.0",
                "id": "incident_gatewatcherftpcommand",
                "name": "Gatewatcher ftp.command",
                "toversion": "",
                "type": "shortText"
            },
            {
                "deprecated": false,
                "description": "",
                "fromversion": "6.5.0",
                "id": "incident_gatewatchernbasignature",
                "name": "Gatewatcher nba.signature",
                "toversion": "",
                "type": "shortText"
            },
            {
                "deprecated": false,
                "description": "",
                "fromversion": "6.5.0",
                "id": "incident_gatewatchersmbstatus",
                "name": "Gatewatcher smb.status",
                "toversion": "",
                "type": "shortText"
            },
            {
                "deprecated": false,
                "description": "",
                "fromversion": "6.5.0",
                "id": "incident_gatewatcheriocupdateddate",
                "name": "Gatewatcher ioc.updated_date",
                "toversion": "",
                "type": "shortText"
            },
            {
                "deprecated": false,
                "description": "",
                "fromversion": "6.5.0",
                "id": "incident_gatewatchersmtphelo",
                "name": "Gatewatcher smtp.helo",
                "toversion": "",
                "type": "shortText"
            },
            {
                "deprecated": false,
                "description": "",
                "fromversion": "6.5.0",
                "id": "incident_gatewatcherfilemagic",
                "name": "Gatewatcher file.magic",
                "toversion": "",
                "type": "shortText"
            },
            {
                "deprecated": false,
                "description": "",
                "fromversion": "6.5.0",
                "id": "incident_gatewatcherransomwarealertthreshold",
                "name": "Gatewatcher ransomware.alert_threshold",
                "toversion": "",
                "type": "number"
            },
            {
                "deprecated": false,
                "description": "",
                "fromversion": "6.5.0",
                "id": "incident_gatewatcherkrbcname",
                "name": "Gatewatcher krb.cname",
                "toversion": "",
                "type": "shortText"
            },
            {
                "deprecated": false,
                "description": "",
                "fromversion": "6.5.0",
                "id": "incident_gatewatcherftpreply",
                "name": "Gatewatcher ftp.reply",
                "toversion": "",
                "type": "shortText"
            },
            {
                "deprecated": false,
                "description": "",
                "fromversion": "6.5.0",
                "id": "incident_gatewatcherdcerpcres",
                "name": "Gatewatcher dcerpc.res",
                "toversion": "",
                "type": "shortText"
            },
            {
                "deprecated": false,
                "description": "",
                "fromversion": "6.5.0",
                "id": "incident_gatewatchertlsclient",
                "name": "Gatewatcher tls.client",
                "toversion": "",
                "type": "shortText"
            },
            {
                "deprecated": false,
                "description": "",
                "fromversion": "6.5.0",
                "id": "incident_gatewatcheriocdescription",
                "name": "Gatewatcher ioc.description",
                "toversion": "",
                "type": "shortText"
            },
            {
                "deprecated": false,
                "description": "",
                "fromversion": "6.5.0",
                "id": "incident_gatewatchersmbtreeid",
                "name": "Gatewatcher smb.tree_id",
                "toversion": "",
                "type": "number"
            },
            {
                "deprecated": false,
                "description": "",
                "fromversion": "6.5.0",
                "id": "incident_gatewatchernbacategory",
                "name": "Gatewatcher nba.category",
                "toversion": "",
                "type": "shortText"
            },
            {
                "deprecated": false,
                "description": "",
                "fromversion": "6.5.0",
                "id": "incident_gatewatchershellcodeencodings",
                "name": "Gatewatcher shellcode.encodings",
                "toversion": "",
                "type": "shortText"
            },
            {
                "deprecated": false,
                "description": "",
                "fromversion": "6.5.0",
                "id": "incident_gatewatcherdhcpclientip",
                "name": "Gatewatcher dhcp.client_ip",
                "toversion": "",
                "type": "shortText"
            },
            {
                "deprecated": false,
                "description": "",
                "fromversion": "6.5.0",
                "id": "incident_gatewatcherrdpchannels",
                "name": "Gatewatcher rdp.channels",
                "toversion": "",
                "type": "shortText"
            },
            {
                "deprecated": false,
                "description": "",
                "fromversion": "6.5.0",
                "id": "incident_gatewatcherhttprequestmethod",
                "name": "Gatewatcher http.request.method",
                "toversion": "",
                "type": "shortText"
            },
            {
                "deprecated": false,
                "description": "",
                "fromversion": "6.5.0",
                "id": "incident_gatewatcherbeaconid",
                "name": "Gatewatcher beacon.id",
                "toversion": "",
                "type": "shortText"
            },
            {
                "deprecated": false,
                "description": "",
                "fromversion": "6.5.0",
                "id": "incident_gatewatcherikev2respspi",
                "name": "Gatewatcher ikev2.resp_spi",
                "toversion": "",
                "type": "shortText"
            },
            {
                "deprecated": false,
                "description": "",
                "fromversion": "6.5.0",
                "id": "incident_gatewatcherdnstype",
                "name": "Gatewatcher dns.type",
                "toversion": "",
                "type": "shortText"
            },
            {
                "deprecated": false,
                "description": "",
                "fromversion": "6.5.0",
                "id": "incident_gatewatchermaliciouspowershellprobaobfuscated",
                "name": "Gatewatcher malicious_powershell.proba_obfuscated",
                "toversion": "",
                "type": "number"
            },
            {
                "deprecated": false,
                "description": "",
                "fromversion": "6.5.0",
                "id": "incident_gatewatchermalcoretotalfound",
                "name": "Gatewatcher malcore.total_found",
                "toversion": "",
                "type": "shortText"
            },
            {
                "deprecated": false,
                "description": "",
                "fromversion": "6.5.0",
                "id": "incident_gatewatcherrfbserverprotocolversion",
                "name": "Gatewatcher rfb.server_protocol_version",
                "toversion": "",
                "type": "shortText"
            },
            {
                "deprecated": false,
                "description": "",
                "fromversion": "6.5.0",
                "id": "incident_gatewatchernfsfiletx",
                "name": "Gatewatcher nfs.file_tx",
                "toversion": "",
                "type": "shortText"
            },
            {
                "deprecated": false,
                "description": "",
                "fromversion": "6.5.0",
                "id": "incident_gatewatchermalcoredetailthreatfound",
                "name": "Gatewatcher malcore.detail_threat_found",
                "toversion": "",
                "type": "shortText"
            },
            {
                "deprecated": false,
                "description": "",
                "fromversion": "6.5.0",
                "id": "incident_gatewatchersnmpversion",
                "name": "Gatewatcher snmp.version",
                "toversion": "",
                "type": "number"
            },
            {
                "deprecated": false,
                "description": "",
                "fromversion": "6.5.0",
                "id": "incident_gatewatchersmbcommand",
                "name": "Gatewatcher smb.command",
                "toversion": "",
                "type": "shortText"
            },
            {
                "deprecated": false,
                "description": "",
                "fromversion": "6.5.0",
                "id": "incident_gatewatcherioctargetedplatforms",
                "name": "Gatewatcher ioc.targeted_platforms",
                "toversion": "",
                "type": "shortText"
            },
            {
                "deprecated": false,
                "description": "",
                "fromversion": "6.5.0",
                "id": "incident_gatewatchernfsid",
                "name": "Gatewatcher nfs.id",
                "toversion": "",
                "type": "number"
            },
            {
                "deprecated": false,
                "description": "",
                "fromversion": "6.5.0",
                "id": "incident_gatewatcherdhcpdhcptype",
                "name": "Gatewatcher dhcp.dhcp_type",
                "toversion": "",
                "type": "shortText"
            },
            {
                "deprecated": false,
                "description": "",
                "fromversion": "6.5.0",
                "id": "incident_gatewatchertlsversion",
                "name": "Gatewatcher tls.version",
                "toversion": "",
                "type": "shortText"
            },
            {
                "deprecated": false,
                "description": "",
                "fromversion": "6.5.0",
                "id": "incident_gatewatchermalcoremagicdetails",
                "name": "Gatewatcher malcore.magic_details",
                "toversion": "",
                "type": "shortText"
            },
            {
                "deprecated": false,
                "description": "",
                "fromversion": "6.5.0",
                "id": "incident_gatewatcherhttpresponsestatus",
                "name": "Gatewatcher http.response.status",
                "toversion": "",
                "type": "shortText"
            },
            {
                "deprecated": false,
                "description": "",
                "fromversion": "6.5.0",
                "id": "incident_gatewatcherrfbserversecurityfailurereason",
                "name": "Gatewatcher rfb.server_security_failure_reason",
                "toversion": "",
                "type": "shortText"
            },
            {
                "deprecated": false,
                "description": "",
                "fromversion": "6.5.0",
                "id": "incident_gatewatchermaliciouspowershellscore",
                "name": "Gatewatcher malicious_powershell.score",
                "toversion": "",
                "type": "number"
            },
            {
                "deprecated": false,
                "description": "",
                "fromversion": "6.5.0",
                "id": "incident_gatewatcherhttp2url",
                "name": "Gatewatcher http2.url",
                "toversion": "",
                "type": "shortText"
            },
            {
                "deprecated": false,
                "description": "",
                "fromversion": "6.5.0",
                "id": "incident_gatewatcherdnp3dst",
                "name": "Gatewatcher dnp3.dst",
                "toversion": "",
                "type": "number"
            },
            {
                "deprecated": false,
                "description": "",
                "fromversion": "6.5.0",
                "id": "incident_gatewatcheriocttp",
                "name": "Gatewatcher ioc.ttp",
                "toversion": "",
                "type": "shortText"
            },
            {
                "deprecated": false,
                "description": "",
                "fromversion": "6.5.0",
                "id": "incident_gatewatcherdnsanswers",
                "name": "Gatewatcher dns.answers",
                "toversion": "",
                "type": "shortText"
            },
            {
                "deprecated": false,
                "description": "",
                "fromversion": "6.5.0",
                "id": "incident_gatewatcherikev2messageid",
                "name": "Gatewatcher ikev2.message_id",
                "toversion": "",
                "type": "number"
            },
            {
                "deprecated": false,
                "description": "",
                "fromversion": "6.5.0",
                "id": "incident_gatewatcherhttp2length",
                "name": "Gatewatcher http2.length",
                "toversion": "",
                "type": "shortText"
            },
            {
                "deprecated": false,
                "description": "",
                "fromversion": "6.5.0",
                "id": "incident_gatewatcherikev2algdh",
                "name": "Gatewatcher ikev2.alg_dh",
                "toversion": "",
                "type": "shortText"
            },
            {
                "deprecated": false,
                "description": "",
                "fromversion": "6.5.0",
                "id": "incident_gatewatchernbarev",
                "name": "Gatewatcher nba.rev",
                "toversion": "",
                "type": "number"
            },
            {
                "deprecated": false,
                "description": "",
                "fromversion": "6.5.0",
                "id": "incident_gatewatchersmbfilename",
                "name": "Gatewatcher smb.filename",
                "toversion": "",
                "type": "shortText"
            },
            {
                "deprecated": false,
                "description": "",
                "fromversion": "6.5.0",
                "id": "incident_gatewatcherhttphttp2",
                "name": "Gatewatcher http.http2",
                "toversion": "",
                "type": "shortText"
            },
            {
                "deprecated": false,
                "description": "",
                "fromversion": "6.5.0",
                "id": "incident_gatewatcherdhcptype",
                "name": "Gatewatcher dhcp.type",
                "toversion": "",
                "type": "shortText"
            },
            {
                "deprecated": false,
                "description": "",
                "fromversion": "6.5.0",
                "id": "incident_gatewatcherioctags",
                "name": "Gatewatcher ioc.tags",
                "toversion": "",
                "type": "shortText"
            }
        ],
        "incidenttype": [
            {
                "closureScript": "",
                "days": 0,
                "deprecated": false,
                "description": "",
                "fromversion": "6.5.0",
                "hours": 0,
                "id": "Gatewatcher Incident",
                "name": "Gatewatcher Incident",
                "playbook": "",
                "toversion": "",
                "weeks": 0
            }
        ],
        "integration": [
            {
                "category": "Network Security",
                "commands": [],
                "deprecated": false,
                "description": "This integration fetch events generated by the GCenter appliance.",
                "fromversion": "6.5.0",
                "id": "Gatewatcher GCenter v103",
                "isfetch": true,
                "isfetchassets": false,
                "isfetchevents": false,
                "name": "Gatewatcher GCenter v103 (Partner Contribution)",
                "toversion": ""
            }
        ],
        "layoutscontainer": [
            {
                "deprecated": false,
                "description": "",
                "fromversion": "6.5.0",
                "group": "incident",
                "id": "Gatewatcher Layout",
                "name": "Gatewatcher Layout",
                "toversion": ""
            }
        ]
    },
    "contributors": null,
    "created": "2024-12-10T16:42:29Z",
    "currentVersion": "1.0.0",
    "defaultDataSource": null,
    "dependencies": {},
    "deprecated": false,
    "description": "This pack provide integration with Gatewatcher NDR solution : AIonIQ",
    "display_name": "Gatewatcher AionIQ v103",
    "downloads": 0,
    "eulaLink": "https://github.com/demisto/content/blob/master/LICENSE",
    "excludedDependencies": [],
    "git_sha": null,
    "git_status": null,
    "hidden": false,
    "hybrid": false,
    "id": "Gatewatcher-AionIQ-v103",
    "integrations": [],
    "keywords": [],
    "legacy": true,
    "marketplaces": [
        "marketplacev2",
        "xsoar",
        "xsoar_saas"
    ],
    "modules": [],
    "name": "Gatewatcher AionIQ v103",
    "old_base_content_object": null,
    "price": 0,
    "searchRank": 0,
    "serverMinVersion": "6.0.0",
    "source_repo": "content",
    "support": "partner",
    "supportDetails": {
        "email": "integration@gatewatcher.com",
        "url": "https://www.gatewatcher.com/"
    },
    "tags": [
        "New"
    ],
    "updated": "2024-12-10T16:42:29Z",
    "useCases": [],
    "versionInfo": "",
    "videos": []
}