{"dataType":"incidents","params":{"groupBy":["xpansebusinessunits"],"valuesFormat":"abbreviated"},"query":"type:\"Xpanse Alert\" ","modified":"2023-03-21T19:48:25.725695664Z","name":"Xpanse Incident Count by Business Unit","dateRange":{"fromDate":"0001-01-01T00:00:00Z","toDate":"0001-01-01T00:00:00Z","period":{"by":"","byTo":"","byFrom":"days","toValue":null,"fromValue":30,"field":""},"fromDateLicense":"0001-01-01T00:00:00Z"},"isPredefined":true,"version":-1,"id":"dcaf3cf7-ed17-40f8-8b29-5a0a2ef97cd4","widgetType":"column","fromVersion":"6.8.0","description":""}