{
    "name": "Cyberint",
    "id": "content-cyberint",
    "description": "Cyberint provides intelligence-driven digital risk protection. This integration will help your enterprise effectively consume actionable cyber alerts to increase your security posture.",
    "created": "2020-01-21T16:22:30Z",
    "updated": "2024-01-31T14:23:18Z",
    "legacy": true,
    "support": "partner",
    "supportDetails": {
        "url": "https://cyberint.com",
        "email": "support@cyberint.com"
    },
    "eulaLink": "https://github.com/demisto/content/blob/master/LICENSE",
    "author": "Cyberint",
    "certification": "certified",
    "price": 0,
    "serverMinVersion": "0.0.0",
    "currentVersion": "1.1.3",
    "tags": [],
    "categories": [
        "Analytics & Siem"
    ],
    "contentItems": {
        "automation": [],
        "playbook": [],
        "integration": [
            {
                "name": "Cyberint Feed",
                "description": "Use the Cyberint Feed integration to get indicators from the feed.",
                "category": "Data Enrichment & Threat Intelligence",
                "commands": [
                    {
                        "name": "cyberint-get-indicators",
                        "description": "Gets indicators from the feed."
                    }
                ]
            },
            {
                "name": "Cyberint",
                "description": "Cyberint provides intelligence-driven digital risk protection. This integration will help your enterprise effectively consume actionable cyber alerts to increase your security posture.",
                "category": "Data Enrichment & Threat Intelligence",
                "commands": [
                    {
                        "name": "cyberint-alerts-fetch",
                        "description": "List alerts according to parameters."
                    },
                    {
                        "name": "cyberint-alerts-status-update",
                        "description": "Update the status of one or more alerts."
                    },
                    {
                        "name": "cyberint-alerts-get-attachment",
                        "description": "Get alert attachment."
                    },
                    {
                        "name": "cyberint-alerts-analysis-report",
                        "description": "Get alert analysis report."
                    },
                    {
                        "name": "get-mapping-fields",
                        "description": "Returns the list of fields for an incident type."
                    },
                    {
                        "name": "update-remote-system",
                        "description": "Updates the remote incident or detection with local incident or detection changes. This method is only used for debugging purposes and will not update the current incident or detection."
                    },
                    {
                        "name": "get-remote-data",
                        "description": "Gets remote data from a remote incident. This method does not update the current incident, and should be used for debugging purposes."
                    },
                    {
                        "name": "get-modified-remote-data",
                        "description": "Gets the list of incidents that were modified since the last update time. Note that this method is here for debugging purposes. The get-modified-remote-data command is used as part of a Mirroring feature, which is available in Cortex XSOAR from version 6.1."
                    }
                ]
            }
        ],
        "incidentfield": [
            {
                "name": "CyberInt Type",
                "type": "shortText",
                "description": ""
            },
            {
                "name": "CyberInt Created by",
                "type": "shortText",
                "description": ""
            },
            {
                "name": "CyberInt Recommendation",
                "type": "shortText",
                "description": ""
            },
            {
                "name": "CyberInt Threat Actor",
                "type": "shortText",
                "description": ""
            },
            {
                "name": "CyberInt Status",
                "type": "singleSelect",
                "description": ""
            },
            {
                "name": "CyberInt Descriptors",
                "type": "multiSelect",
                "description": ""
            },
            {
                "name": "CyberInt Targeted Vectors",
                "type": "multiSelect",
                "description": ""
            },
            {
                "name": "CyberInt Targeted Brands",
                "type": "multiSelect",
                "description": ""
            },
            {
                "name": "CyberInt Source",
                "type": "shortText",
                "description": ""
            },
            {
                "name": "CyberInt Expert Analysis",
                "type": "shortText",
                "description": ""
            },
            {
                "name": "CyberInt Closure reason",
                "type": "singleSelect",
                "description": ""
            },
            {
                "name": "CyberInt Attachments",
                "type": "grid",
                "description": ""
            },
            {
                "name": "CyberInt Related IOCs",
                "type": "grid",
                "description": ""
            },
            {
                "name": "CyberInt Title",
                "type": "shortText",
                "description": ""
            },
            {
                "name": "CyberInt Vulnerable CName Record",
                "type": "shortText",
                "description": ""
            },
            {
                "name": "CyberInt Description",
                "type": "shortText",
                "description": ""
            },
            {
                "name": "CyberInt Payment Card Exposed CSV",
                "type": "grid",
                "description": ""
            },
            {
                "name": "CyberInt Tags",
                "type": "shortText",
                "description": ""
            },
            {
                "name": "CyberInt Source category",
                "type": "shortText",
                "description": ""
            },
            {
                "name": "CyberInt Impact",
                "type": "shortText",
                "description": ""
            },
            {
                "name": "CyberInt Created date",
                "type": "shortText",
                "description": ""
            },
            {
                "name": "CyberInt Related entities",
                "type": "shortText",
                "description": ""
            },
            {
                "name": "CyberInt Targeted Vector",
                "type": "shortText",
                "description": ""
            },
            {
                "name": "CyberInt Related Entity",
                "type": "multiSelect",
                "description": ""
            },
            {
                "name": "CyberInt File Type",
                "type": "shortText",
                "description": ""
            },
            {
                "name": "CyberInt Credentials Exposed CSV",
                "type": "grid",
                "description": ""
            },
            {
                "name": "CyberInt Impacts",
                "type": "multiSelect",
                "description": ""
            },
            {
                "name": "CyberInt Ticket ID",
                "type": "shortText",
                "description": ""
            },
            {
                "name": "CyberInt Closure reason Description",
                "type": "shortText",
                "description": ""
            },
            {
                "name": "Cyberint Category",
                "type": "shortText",
                "description": ""
            },
            {
                "name": "CyberInt Alert ID",
                "type": "shortText",
                "description": ""
            },
            {
                "name": "CyberInt Targeted Brand",
                "type": "shortText",
                "description": ""
            },
            {
                "name": "CyberInt Confidence",
                "type": "shortText",
                "description": ""
            }
        ],
        "incidenttype": [
            {
                "name": "Cyberint Incident",
                "playbook": "",
                "closureScript": "",
                "hours": 0,
                "days": 0,
                "weeks": 0
            }
        ],
        "dashboard": [],
        "indicatorfield": [],
        "report": [],
        "reputation": [],
        "layoutscontainer": [
            {
                "name": "Cyberint Incident Layout",
                "description": "Cyberint incident layout"
            }
        ],
        "pre-process-rule": [],
        "job": [],
        "classifier": [
            {
                "name": "CyberInt (mapper)",
                "description": ""
            },
            {
                "name": "CyberInt Outgoing (mapper)",
                "description": ""
            },
            {
                "name": "Cyberint - Classifier",
                "description": "Cyberint Classifier"
            }
        ],
        "widget": [],
        "genericfield": [],
        "generictype": [],
        "genericmodule": [],
        "genericdefinition": [],
        "list": [],
        "parsingrule": [],
        "modelingrule": [],
        "correlationrule": [],
        "xsiamdashboard": [],
        "xsiamreport": [],
        "('trigger',)": [],
        "('wizard',)": [],
        "xdrctemplate": [],
        "layoutrule": []
    },
    "useCases": [],
    "keywords": [],
    "dependencies": {}
}