{
    "name": "Mandiant Advantage Threat Intelligence",
    "id": "MandiantAdvantageThreatIntelligence",
    "description": "Integrate your Mandiant Advantage Threat Intelligence data with Cortex XSOAR",
    "created": "2022-10-17T17:34:56Z",
    "updated": "2022-10-17T17:34:56Z",
    "legacy": true,
    "support": "developer",
    "supportDetails": {
        "url": "https://www.mandiant.com/support",
        "email": "customersupport@mandiant.com"
    },
    "eulaLink": "https://github.com/demisto/content/blob/master/LICENSE",
    "author": "Mandiant",
    "certification": "",
    "price": 0,
    "serverMinVersion": "0.0.0",
    "currentVersion": "1.0.0",
    "tags": [],
    "categories": [
        "Data Enrichment & Threat Intelligence"
    ],
    "contentItems": {
        "automation": [],
        "playbook": [],
        "integration": [
            {
                "name": "ThreatIntelligence",
                "description": "[Enter a comprehensive, yet concise, description of what the integration does, what use cases it is designed for, etc.]",
                "category": "Data Enrichment & Threat Intelligence",
                "commands": [
                    {
                        "name": "threat-intelligence-get-indicators",
                        "description": "Get Mandiant indicators"
                    },
                    {
                        "name": "get-indicator",
                        "description": "Get Mandiant indicator"
                    }
                ]
            }
        ],
        "incidentfield": [],
        "incidenttype": [],
        "dashboard": [],
        "indicatorfield": [],
        "report": [],
        "reputation": [],
        "layoutscontainer": [],
        "pre-process-rule": [],
        "job": [],
        "classifier": [],
        "widget": [],
        "genericfield": [],
        "generictype": [],
        "genericmodule": [],
        "genericdefinition": [],
        "list": [],
        "parsingrule": [],
        "modelingrule": [],
        "correlationrule": [],
        "xsiamdashboard": [],
        "xsiamreport": [],
        "('trigger',)": [],
        "('wizard',)": [],
        "agentconfig": []
    },
    "useCases": [],
    "keywords": [],
    "dependencies": {}
}