{
    "name": "Mandiant Advantage Threat Intelligence",
    "description": "Integrate your Mandiant Advantage Threat Intelligence data with Cortex XSOAR",
    "support": "developer",
    "currentVersion": "1.0.0",
    "author": "Mandiant",
    "url": "https://www.mandiant.com/support",
    "email": "customersupport@mandiant.com",
    "categories": [
        "Data Enrichment & Threat Intelligence"
    ],
    "tags": [],
    "useCases": [],
    "keywords": [],
    "marketplaces": [
        "xsoar",
        "marketplacev2"
    ],
    "githubUser": [
        "chrishultin"
    ]
}