{
    "name": "Microsoft Graph Groups",
    "description": "Microsoft Graph Groups enables you to create and manage different types of groups and group functionality according to your requirements.",
    "created": "2020-04-20T11:24:15Z",
    "updated": "",
    "support": "xsoar",
    "email": "",
    "url": "https://www.paloaltonetworks.com/cortex",
    "author": "Cortex XSOAR",
    "certification": "certified",
    "hidden": false,
    "server_min_version": "6.0.0",
    "current_version": "1.1.15",
    "tags": [],
    "categories": [
        "Authentication & Identity Management"
    ],
    "use_cases": [],
    "keywords": [],
    "price": null,
    "premium": null,
    "vendor_id": null,
    "vendor_name": null,
    "preview_only": null,
    "object_id": "MicrosoftGraphGroups",
    "marketplaces": [
        "xsoar",
        "marketplacev2"
    ],
    "contributors": null,
    "contentItems": {
        "integration": [
            {
                "name": "Microsoft Graph Groups",
                "description": "Microsoft Graph Groups enables you to create and manage different types of groups and group functionality according to your requirements.",
                "category": "Authentication & Identity Management",
                "commands": [
                    {
                        "name": "msgraph-groups-list-groups",
                        "description": "Provides a list of groups."
                    },
                    {
                        "name": "msgraph-groups-get-group",
                        "description": "Returns details of a group."
                    },
                    {
                        "name": "msgraph-groups-create-group",
                        "description": "Create a group."
                    },
                    {
                        "name": "msgraph-groups-delete-group",
                        "description": "Deletes a group."
                    },
                    {
                        "name": "msgraph-groups-list-members",
                        "description": "Lists group members."
                    },
                    {
                        "name": "msgraph-groups-add-member",
                        "description": "Add a member to a group."
                    },
                    {
                        "name": "msgraph-groups-remove-member",
                        "description": "Removes a member from a group."
                    },
                    {
                        "name": "msgraph-groups-generate-login-url",
                        "description": "Generate the login url used for Authorization code flow."
                    }
                ]
            }
        ],
        "playbook": []
    }
}