{
    "name": "Microsoft Graph Groups",
    "description": "Microsoft Graph Groups enables you to create and manage different types of groups and group functionality according to your requirements.",
    "support": "xsoar",
    "currentVersion": "1.1.15",
    "author": "Cortex XSOAR",
    "url": "https://www.paloaltonetworks.com/cortex",
    "email": "",
    "created": "2020-04-20T11:24:15Z",
    "categories": [
        "Authentication & Identity Management"
    ],
    "tags": [],
    "useCases": [],
    "keywords": [],
    "marketplaces": [
        "xsoar",
        "marketplacev2"
    ]
}