{"id":"Cortex Xpanse Overview Dashboard","version":-1,"fromDate":"0001-01-01T00:00:00Z","toDate":"0001-01-01T00:00:00Z","period":{"by":"","byTo":"","byFrom":"days","toValue":null,"fromValue":7,"field":""},"fromDateLicense":"0001-01-01T00:00:00Z","name":"Cortex Xpanse Overview Dashboard","layout":[{"id":"83a49530-c800-11ed-8631-8b6151bdc65a","forceRange":false,"x":0,"y":0,"i":"83a49530-c800-11ed-8631-8b6151bdc65a","w":5,"h":4,"widget":{"id":"90712072-ecf3-4e25-8fc9-f5d11e84b6cb","version":1,"cacheVersn":0,"modified":"2023-03-21T15:53:19.626350511Z","packID":"","packName":"","itemVersion":"","fromServerVersion":"","toServerVersion":"","propagationLabels":["all"],"definitionId":"","vcShouldIgnore":false,"vcShouldKeepItemLegacyProdMachine":false,"commitMessage":"","shouldCommit":false,"Cache":null,"name":"New Xpanse High & Critical Incidents","prevName":"New Xpanse High & Critical Incidents","dataType":"incidents","widgetType":"column","query":"type:\"Xpanse Alert\" and severity:High or severity:Critical","isPredefined":false,"dateRange":{"fromDate":"0001-01-01T00:00:00Z","toDate":"0001-01-01T00:00:00Z","period":{"by":"","byTo":"","byFrom":"days","toValue":null,"fromValue":30,"field":""},"fromDateLicense":"0001-01-01T00:00:00Z"},"params":{"groupBy":["occurred(d)","severity"],"hideLegend":false,"referenceLine":{},"showGraphValues":false,"timeFrame":"days","valuesFormat":"abbreviated"},"category":""},"reflectDimensions":true},{"id":"339b02c0-c802-11ed-8631-8b6151bdc65a","forceRange":false,"x":5,"y":0,"i":"339b02c0-c802-11ed-8631-8b6151bdc65a","w":4,"h":2,"widget":{"id":"d964ed66-bf7c-4eb0-86ac-2ca26b377dc8","version":1,"cacheVersn":0,"modified":"2023-03-21T16:05:28.239445879Z","packID":"","packName":"","itemVersion":"","fromServerVersion":"","toServerVersion":"","propagationLabels":["all"],"definitionId":"","vcShouldIgnore":false,"vcShouldKeepItemLegacyProdMachine":false,"commitMessage":"","shouldCommit":false,"Cache":null,"name":"Exposed Ports in Xpanse Incidents","prevName":"Exposed Ports in Xpanse Incidents","dataType":"incidents","widgetType":"pie","query":"type:\"Xpanse Alert\" ","isPredefined":false,"dateRange":{"fromDate":"0001-01-01T00:00:00Z","toDate":"0001-01-01T00:00:00Z","period":{"by":"","byTo":"","byFrom":"days","toValue":null,"fromValue":30,"field":""},"fromDateLicense":"0001-01-01T00:00:00Z"},"params":{"groupBy":["xpanseport"],"valuesFormat":"abbreviated"},"category":""},"reflectDimensions":true},{"id":"5b26f870-c821-11ed-8bb9-a9e28d8ef9cb","forceRange":false,"x":0,"y":4,"i":"5b26f870-c821-11ed-8bb9-a9e28d8ef9cb","w":5,"h":2,"widget":{"id":"dcaf3cf7-ed17-40f8-8b29-5a0a2ef97cd4","version":1,"cacheVersn":0,"modified":"2023-03-21T19:48:25.725695664Z","packID":"","packName":"","itemVersion":"","fromServerVersion":"","toServerVersion":"","propagationLabels":["all"],"definitionId":"","vcShouldIgnore":false,"vcShouldKeepItemLegacyProdMachine":false,"commitMessage":"","shouldCommit":false,"Cache":null,"name":"Xpanse Incident Count by Business Unit","prevName":"Xpanse Incident Count by Business Unit","dataType":"incidents","widgetType":"column","query":"type:\"Xpanse Alert\" ","isPredefined":false,"dateRange":{"fromDate":"0001-01-01T00:00:00Z","toDate":"0001-01-01T00:00:00Z","period":{"by":"","byTo":"","byFrom":"days","toValue":null,"fromValue":30,"field":""},"fromDateLicense":"0001-01-01T00:00:00Z"},"params":{"groupBy":["xpansebusinessunits"],"valuesFormat":"abbreviated"},"category":""},"reflectDimensions":true},{"id":"a6d77f10-c821-11ed-8bb9-a9e28d8ef9cb","forceRange":false,"x":5,"y":4,"i":"a6d77f10-c821-11ed-8bb9-a9e28d8ef9cb","w":4,"h":2,"widget":{"id":"debfa1a5-e0d7-4128-8004-31a2407322ff","version":1,"cacheVersn":0,"modified":"2023-03-21T19:50:35.405088274Z","packID":"","packName":"","itemVersion":"","fromServerVersion":"","toServerVersion":"","propagationLabels":["all"],"definitionId":"","vcShouldIgnore":false,"vcShouldKeepItemLegacyProdMachine":false,"commitMessage":"","shouldCommit":false,"size":5,"Cache":null,"name":"Xpanse Problematic IPs","prevName":"Xpanse Problematic IPs","dataType":"incidents","widgetType":"column","query":"type:\"Xpanse Alert\" ","isPredefined":false,"dateRange":{"fromDate":"0001-01-01T00:00:00Z","toDate":"0001-01-01T00:00:00Z","period":{"by":"","byTo":"","byFrom":"days","toValue":null,"fromValue":30,"field":""},"fromDateLicense":"0001-01-01T00:00:00Z"},"params":{"groupBy":["xpanseip","severity"],"valuesFormat":"abbreviated"},"category":""},"reflectDimensions":true},{"id":"8fde57b0-c822-11ed-a9bc-750c14f80c9d","forceRange":false,"x":9,"y":0,"i":"8fde57b0-c822-11ed-a9bc-750c14f80c9d","w":3,"h":2,"widget":{"id":"4a095b3f-a4e4-4bb2-83e4-433aeff01eb6","version":1,"cacheVersn":0,"modified":"2023-03-21T19:57:06.732382603Z","packID":"","packName":"","itemVersion":"","fromServerVersion":"","toServerVersion":"","propagationLabels":["all"],"definitionId":"","vcShouldIgnore":false,"vcShouldKeepItemLegacyProdMachine":false,"commitMessage":"","shouldCommit":false,"Cache":null,"name":"Unassigned Active Xpanse Incidents","prevName":"Unassigned Xpanse Incidents","dataType":"incidents","widgetType":"trend","query":"sourceBrand:\"Cortex Xpanse\" and type:\"Xpanse Alert\" and owner:\"\" -status:closed","isPredefined":false,"dateRange":{"fromDate":"0001-01-01T00:00:00Z","toDate":"0001-01-01T00:00:00Z","period":{"by":"","byTo":"","byFrom":"days","toValue":null,"fromValue":7,"field":""},"fromDateLicense":"0001-01-01T00:00:00Z"},"params":{"colors":{"isEnabled":true,"items":{"#1DB846":{"value":0},"#D13C3C":{"value":50},"#EF9700":{"value":20}},"type":"above"},"valuesFormat":"abbreviated"},"category":""},"reflectDimensions":true},{"id":"f959d250-c822-11ed-a9bc-750c14f80c9d","forceRange":false,"x":9,"y":2,"i":"f959d250-c822-11ed-a9bc-750c14f80c9d","w":3,"h":2,"widget":{"id":"c21d76eb-3bf8-43e3-891e-7c552a62dc0a","version":1,"cacheVersn":0,"modified":"2023-03-21T20:00:04.081795659Z","packID":"","packName":"","itemVersion":"","fromServerVersion":"","toServerVersion":"","propagationLabels":["all"],"definitionId":"","vcShouldIgnore":false,"vcShouldKeepItemLegacyProdMachine":false,"commitMessage":"","shouldCommit":false,"Cache":null,"name":"Assigned Active Xpanse Incidents","prevName":"Assigned Active Xpanse Incidents","dataType":"incidents","widgetType":"trend","query":"sourceBrand:\"Cortex Xpanse\" and type:\"Xpanse Alert\" and -owner:\"\" -status:closed","isPredefined":false,"dateRange":{"fromDate":"0001-01-01T00:00:00Z","toDate":"0001-01-01T00:00:00Z","period":{"by":"","byTo":"","byFrom":"days","toValue":null,"fromValue":7,"field":""},"fromDateLicense":"0001-01-01T00:00:00Z"},"params":{"colors":{"isEnabled":true,"items":{"#1DB846":{"value":1}},"type":"above"},"valuesFormat":"abbreviated"},"category":""},"reflectDimensions":true},{"id":"f4ad1910-fbe9-11ed-b7d5-3b96bbbb1b88","forceRange":false,"x":9,"y":4,"i":"f4ad1910-fbe9-11ed-b7d5-3b96bbbb1b88","w":3,"h":2,"widget":{"id":"d32b7678-e28b-4d4f-8ebc-33bb1f7fe9b3","version":1,"cacheVersn":0,"modified":"2023-05-26T17:22:54.191249081Z","packID":"","packName":"","itemVersion":"","fromServerVersion":"","toServerVersion":"","propagationLabels":["all"],"definitionId":"","vcShouldIgnore":false,"vcShouldKeepItemLegacyProdMachine":false,"commitMessage":"","shouldCommit":false,"Cache":null,"name":"Xpanse Incidents by Provider","prevName":"Xpanse Alerts by Provider","dataType":"incidents","widgetType":"bar","query":"type:\"Xpanse Alert\"","isPredefined":false,"dateRange":{"fromDate":"0001-01-01T00:00:00Z","toDate":"0001-01-01T00:00:00Z","period":{"by":"","byTo":"","byFrom":"days","toValue":null,"fromValue":30,"field":""},"fromDateLicense":"0001-01-01T00:00:00Z"},"params":{"groupBy":["xpanseprovider"],"valuesFormat":"abbreviated"},"category":""},"reflectDimensions":true},{"id":"369e5aa0-fbea-11ed-b7d5-3b96bbbb1b88","forceRange":false,"x":5,"y":2,"i":"369e5aa0-fbea-11ed-b7d5-3b96bbbb1b88","w":4,"h":2,"widget":{"id":"de2b128e-6d0d-497e-87ea-484725f4701a","version":1,"cacheVersn":0,"modified":"2023-05-26T17:24:45.104159477Z","packID":"","packName":"","itemVersion":"","fromServerVersion":"","toServerVersion":"","propagationLabels":["all"],"definitionId":"","vcShouldIgnore":false,"vcShouldKeepItemLegacyProdMachine":false,"commitMessage":"","shouldCommit":false,"Cache":null,"name":"Xpanse Incidents by Protocol","prevName":"Xpanse Alerts by protocol","dataType":"incidents","widgetType":"pie","query":"type:\"Xpanse Alert\"","isPredefined":false,"dateRange":{"fromDate":"0001-01-01T00:00:00Z","toDate":"0001-01-01T00:00:00Z","period":{"by":"","byTo":"","byFrom":"days","toValue":null,"fromValue":30,"field":""},"fromDateLicense":"0001-01-01T00:00:00Z"},"params":{"groupBy":["xpanseprotocol"],"valuesFormat":"abbreviated"},"category":""},"reflectDimensions":true}],"description":"","isPredefined":true,"fromVersion":"6.8.0"}