{"fromVersion":"6.0.0","name":"Panorama Threat Coverage Layout","id":"Panorama Threat Coverage Layout","version":-1,"group":"incident","detailsV2":{"tabs":[{"hidden":false,"id":"vlxipgyeyn","name":"CVE List","sections":[{"displayType":"ROW","h":2,"hideName":false,"i":"vlxipgyeyn-49036a40-5432-11ea-bb0e-bd4b0f7f0665","items":[{"endCol":2,"fieldId":"cvelist","height":24,"id":"e1640d30-5432-11ea-bb0e-bd4b0f7f0665","index":0,"startCol":0},{"endCol":2,"fieldId":"target","height":24,"id":"d89fef60-5e56-11ea-8a6f-abd83196239b","index":1,"startCol":0}],"maxW":3,"minH":1,"minW":1,"moved":false,"name":"Enter CVEs  separated by space","static":false,"w":1,"x":0,"y":0}],"type":"custom"},{"id":"caseinfoid","name":"Incident Info","sections":[{"displayType":"ROW","h":2,"i":"caseinfoid-fce71720-98b0-11e9-97d7-ed26ef9e46c8","isVisible":true,"items":[{"endCol":2,"fieldId":"type","height":24,"id":"incident-type-field","index":0,"startCol":0},{"endCol":2,"fieldId":"severity","height":24,"id":"incident-severity-field","index":1,"startCol":0},{"endCol":2,"fieldId":"owner","height":24,"id":"incident-owner-field","index":2,"startCol":0},{"endCol":2,"fieldId":"dbotsource","height":24,"id":"incident-source-field","index":3,"startCol":0},{"endCol":2,"fieldId":"sourcebrand","height":24,"id":"incident-sourceBrand-field","index":4,"startCol":0},{"endCol":2,"fieldId":"sourceinstance","height":24,"id":"incident-sourceInstance-field","index":5,"startCol":0},{"endCol":2,"fieldId":"playbookid","height":24,"id":"incident-playbookId-field","index":6,"startCol":0}],"moved":false,"name":"Case Details","static":false,"w":1,"x":0,"y":0},{"h":5,"i":"caseinfoid-61263cc0-98b1-11e9-97d7-ed26ef9e46c8","moved":false,"name":"Notes","static":false,"type":"notes","w":2,"x":0,"y":4},{"displayType":"ROW","h":2,"i":"caseinfoid-6aabad20-98b1-11e9-97d7-ed26ef9e46c8","moved":false,"name":"Work Plan","static":false,"type":"workplan","w":1,"x":1,"y":0},{"displayType":"ROW","h":2,"hideName":false,"i":"caseinfoid-7717e580-9bed-11e9-9a3f-8b4b2158e260","moved":false,"name":"Team Members","static":false,"type":"team","w":1,"x":2,"y":0},{"displayType":"ROW","h":2,"i":"caseinfoid-7ce69dd0-a07f-11e9-936c-5395a1acf11e","moved":false,"name":"Indicators","query":"","queryType":"input","static":false,"type":"indicators","w":2,"x":1,"y":2},{"displayType":"CARD","h":2,"i":"caseinfoid-ac32f620-a0b0-11e9-b27f-13ae1773d289","items":[{"endCol":1,"fieldId":"occurred","height":24,"id":"incident-occurred-field","index":0,"startCol":0},{"endCol":1,"fieldId":"dbotmodified","height":24,"id":"incident-modified-field","index":1,"startCol":0},{"endCol":2,"fieldId":"dbotduedate","height":24,"id":"incident-dueDate-field","index":2,"startCol":0},{"endCol":2,"fieldId":"dbotcreated","height":24,"id":"incident-created-field","index":0,"startCol":1},{"endCol":2,"fieldId":"dbotclosed","height":24,"id":"incident-closed-field","index":1,"startCol":1}],"moved":false,"name":"Timeline Information","static":false,"w":1,"x":0,"y":2}],"type":"custom"},{"id":"warRoom","name":"War Room","type":"warRoom"},{"id":"workPlan","name":"Work Plan","type":"workPlan"},{"hidden":true,"id":"evidenceBoard","name":"Evidence Board","type":"evidenceBoard"},{"hidden":true,"id":"relatedIncidents","name":"Related Incidents","type":"relatedIncidents"},{"id":"canvas","name":"Canvas","type":"canvas"}]},"marketplaces":["xsoar"],"fromServerVersion":"6.0.0","toServerVersion":"99.99.99"}