{"id":"Prisma Cloud Compute Audit","group":"incident","name":"Prisma Cloud Compute Audit","description":"","version":-1,"fromVersion":"6.0.0","detailsV2":{"tabs":[{"id":"caseinfoid","name":"Incident Info","sections":[{"displayType":"ROW","h":2,"i":"caseinfoid-fce71720-98b0-11e9-97d7-ed26ef9e46c8","isVisible":true,"items":[{"endCol":2,"fieldId":"type","height":24,"id":"incident-type-field","index":0,"startCol":0},{"endCol":2,"fieldId":"severity","height":24,"id":"incident-severity-field","index":1,"startCol":0},{"endCol":2,"fieldId":"owner","height":24,"id":"incident-owner-field","index":2,"startCol":0},{"endCol":2,"fieldId":"dbotsource","height":24,"id":"incident-source-field","index":3,"startCol":0},{"endCol":2,"fieldId":"sourcebrand","height":24,"id":"incident-sourceBrand-field","index":4,"startCol":0},{"endCol":2,"fieldId":"sourceinstance","height":24,"id":"incident-sourceInstance-field","index":5,"startCol":0},{"endCol":2,"fieldId":"playbookid","height":24,"id":"incident-playbookId-field","index":6,"startCol":0}],"moved":false,"name":"Case Details","static":false,"w":1,"x":0,"y":0},{"displayType":"ROW","h":2,"hideName":false,"i":"caseinfoid-7717e580-9bed-11e9-9a3f-8b4b2158e260","moved":false,"name":"Team Members","static":false,"type":"team","w":1,"x":2,"y":0},{"displayType":"CARD","h":2,"i":"caseinfoid-ac32f620-a0b0-11e9-b27f-13ae1773d289","items":[{"endCol":1,"fieldId":"occurred","height":24,"id":"incident-occurred-field","index":0,"startCol":0},{"endCol":1,"fieldId":"dbotmodified","height":24,"id":"incident-modified-field","index":1,"startCol":0},{"endCol":2,"fieldId":"dbotduedate","height":24,"id":"incident-dueDate-field","index":2,"startCol":0},{"endCol":2,"fieldId":"dbotcreated","height":24,"id":"incident-created-field","index":0,"startCol":1},{"endCol":2,"fieldId":"dbotclosed","height":24,"id":"incident-closed-field","index":1,"startCol":1}],"moved":false,"name":"Timeline Information","static":false,"w":1,"x":1,"y":0},{"description":"","displayType":"CARD","h":4,"hideName":false,"i":"caseinfoid-87506010-3532-11ea-82bb-d3789631c89f","items":[{"dropEffect":"move","endCol":6,"fieldId":"prismacloudcomputecategory","height":55,"id":"7701a730-3534-11ea-82bb-d3789631c89f","index":0,"listId":"caseinfoid-87506010-3532-11ea-82bb-d3789631c89f","startCol":0},{"dropEffect":"move","endCol":6,"fieldId":"prismacloudcomputemessage","height":55,"id":"dbd74070-3534-11ea-82bb-d3789631c89f","index":1,"listId":"caseinfoid-87506010-3532-11ea-82bb-d3789631c89f","startCol":0},{"dropEffect":"move","endCol":6,"fieldId":"prismacloudcomputeimage","height":55,"id":"7d910910-3534-11ea-82bb-d3789631c89f","index":2,"listId":"caseinfoid-87506010-3532-11ea-82bb-d3789631c89f","startCol":0},{"endCol":6,"fieldId":"prismacloudcomputehost","height":55,"id":"adfafca0-3534-11ea-82bb-d3789631c89f","index":3,"startCol":0},{"dropEffect":"move","endCol":6,"fieldId":"prismacloudcomputefqdn","height":55,"id":"b00090a0-3534-11ea-82bb-d3789631c89f","index":4,"listId":"caseinfoid-87506010-3532-11ea-82bb-d3789631c89f","startCol":0},{"dropEffect":"move","endCol":6,"fieldId":"prismacloudcomputecontainer","height":55,"id":"b81e33a0-3534-11ea-82bb-d3789631c89f","index":5,"listId":"caseinfoid-87506010-3532-11ea-82bb-d3789631c89f","startCol":0},{"endCol":6,"fieldId":"prismacloudcomputeuser","height":55,"id":"cdec5310-3534-11ea-82bb-d3789631c89f","index":6,"startCol":0},{"endCol":6,"fieldId":"prismacloudcomputeinteractive","height":55,"id":"d252e180-3534-11ea-82bb-d3789631c89f","index":7,"startCol":0},{"endCol":6,"fieldId":"prismacloudcomputerule","height":55,"id":"e1fd5930-3534-11ea-82bb-d3789631c89f","index":8,"startCol":0},{"endCol":6,"fieldId":"prismacloudcomputefunction","height":55,"id":"ee0025a0-3534-11ea-82bb-d3789631c89f","index":9,"startCol":0},{"endCol":6,"fieldId":"prismacloudcomputeregion","height":55,"id":"1235b570-3535-11ea-82bb-d3789631c89f","index":10,"startCol":0},{"endCol":6,"fieldId":"prismacloudcomputeruntime","height":55,"id":"15172a80-3535-11ea-82bb-d3789631c89f","index":11,"startCol":0},{"endCol":6,"fieldId":"prismacloudcomputeappid","height":55,"id":"17a48c20-3535-11ea-82bb-d3789631c89f","index":12,"startCol":0},{"endCol":6,"fieldId":"prismacloudcomputeforensic","height":55,"id":"1a906170-3535-11ea-82bb-d3789631c89f","index":13,"startCol":0},{"endCol":6,"fieldId":"prismacloudcomputekubernetesresource","height":55,"id":"1f486b40-3535-11ea-82bb-d3789631c89f","index":14,"startCol":0},{"endCol":6,"fieldId":"prismacloudcomputecommand","height":55,"id":"2655d6c0-3535-11ea-82bb-d3789631c89f","index":15,"startCol":0},{"endCol":6,"fieldId":"prismacloudcomputeservice","height":55,"id":"2f908280-3535-11ea-82bb-d3789631c89f","index":16,"startCol":0},{"endCol":6,"fieldId":"prismacloudcomputelogfile","height":55,"id":"3509e080-3535-11ea-82bb-d3789631c89f","index":17,"startCol":0},{"endCol":6,"fieldId":"prismacloudcomputeactivitytype","height":55,"id":"22cf4810-3535-11ea-82bb-d3789631c89f","index":18,"startCol":0},{"dropEffect":"move","endCol":6,"fieldId":"prismacloudcomputeline","height":55,"id":"38ebfcb0-3535-11ea-82bb-d3789631c89f","index":19,"listId":"caseinfoid-87506010-3532-11ea-82bb-d3789631c89f","startCol":0},{"dropEffect":"move","endCol":6,"fieldId":"prismacloudcomputelabels","height":55,"id":"e8b74d80-3534-11ea-82bb-d3789631c89f","index":20,"listId":"caseinfoid-87506010-3532-11ea-82bb-d3789631c89f","startCol":0}],"maxW":3,"minH":1,"minW":1,"moved":false,"name":"Incident Details","static":false,"w":3,"x":0,"y":2}],"type":"custom"},{"id":"warRoom","name":"War Room","type":"warRoom"},{"id":"workPlan","name":"Work Plan","type":"workPlan"},{"id":"evidenceBoard","name":"Evidence Board","type":"evidenceBoard"},{"id":"relatedIncidents","name":"Related Incidents","type":"relatedIncidents"},{"id":"canvas","name":"Canvas","type":"canvas"}]},"marketplaces":["xsoar"],"fromServerVersion":"6.0.0","toServerVersion":"99.99.99"}