{
    "name": "CaseManagement-Generic",
    "description": "Case Management - Beta\n\nBuilt by the Cortex Customer Success Team to provide quick and valuable deployment of XSOAR for the main use of Case Management",
    "support": "community",
    "currentVersion": "1.1.0",
    "author": "Cortex XSOAR Customer Success",
    "url": "",
    "email": "",
    "created": "2020-08-20T14:37:35Z",
    "categories": [],
    "tags": [
        "siem"
    ],
    "useCases": [
        "Case Management"
    ],
    "keywords": [
        "Case Management",
        "siem",
        "SIEM"
    ],
    "beta": true
}