{
    "1.0.1": {
        "releaseNotes": "#### Layouts\n- **Xpanse Alert Layout**\nImproved layout to no longer need dependencies from other packs.",
        "displayName": "1.0.1 - R4718798",
        "released": "2023-03-01T12:31:03Z",
        "pullRequests": [
            "24862",
            "24874"
        ]
    },
    "1.0.2": {
        "releaseNotes": "#### Integrations\n##### Cortex Xpanse\n- Updated the Docker image to: *demisto/python3:3.10.10.48392*.",
        "displayName": "1.0.2 - 4727595",
        "released": "2023-03-02T13:00:33Z",
        "pullRequests": [
            "24986"
        ]
    },
    "1.0.3": {
        "releaseNotes": "#### Integrations\n##### Cortex Xpanse\n- Updated the Docker image to: *demisto/python3:3.10.11.54132*.",
        "displayName": "1.0.3 - R5170573",
        "released": "2023-05-02T19:47:03Z",
        "pullRequests": [
            "25970"
        ]
    },
    "1.0.4": {
        "releaseNotes": "#### Dashboards\n##### New: Cortex Xpanse Overview Dashboard\nAdded a dashboard that provides a high level view of incidents from Cortex Xpanse.\n\n#### Incident Fields\nUpdated the following incident fields to provide improved tracking of Cortex Xpanse details:\n- **Xpanse Protocol**\n- **Xpanse Service Validation**\n- **Xpanse Service ID**\n- **Xpanse Provider**\n- **Xpanse Service Classifications**\n\n#### Incident Types\n- **Xpanse Alert**\nAdded a new default playbook was added to a new version of the base incident type.\n\n#### Layouts\n- **Xpanse Alert Layout**\nUpdated the Cortex Xpanse alert layout to include several new fields.\n\n#### Playbooks\n##### New: Xpanse - Alert Enrichment\nAdded a new playbook with additional enrichment via cloud service providers and other applicable IT and security tools.\n\n##### New: Xpanse - Alert Handler\nAdded a default alert handling playbook for Cortex Xpanse alerts.\n\n##### New: Xpanse - NMap - Detect Service\nAdded a new playbook that looks at what ASM sub-type the alert is and uses NMap to do a validation scan.\n\n##### New: Xpanse - Alert Self-Enrichment\nAdded a new enrichment playbook on the alert itself using Cortex Xpanse APIs.\n\n#### Widgets\n##### New: Xpanse Incidents by Provider\nAdded a new widget that includes provider names for all Cortex Xpanse incidents.\n\n##### New: Xpanse Problematic IPs\nAdded a new widget that highlights the most common IPs involved in Cortex Xpanse incidents.\n\n##### New: Xpanse Incident Count by Business Unit\nAdded a new widget that highlights the most common business units involved in Cortex Xpanse incidents.\n\n##### New: Unassigned Active Xpanse Incidents\nAdded a new widget that includes the number of active Cortex Xpanse incidents without an assignee.\n\n##### New: Assigned Active Xpanse Incidents\nAdded a new widget that includes the number of active Cortex Xpanse incidents with an assignee.\n\n##### New: Exposed Ports in Xpanse Incidents\nAdded a new widget that highlights the most common Cortex Xpanse incidents by port.\n\n##### New: Xpanse Incidents by Protocol\nAdded a new widget that highlights the most common Cortex Xpanse incidents by protocol.\n\n##### New: New Xpanse High & Critical Incidents\nAdded a new widget that includes a timeline view of new high and critical severity Cortex Xpanse incidents.",
        "displayName": "1.0.4 - 5517995",
        "released": "2023-06-13T19:30:05Z",
        "pullRequests": [
            "27398",
            "27006"
        ]
    },
    "1.0.5": {
        "releaseNotes": "#### Integrations\n##### Cortex Xpanse\n- Updated the Docker image to: *demisto/python3:3.10.12.63474*.",
        "displayName": "1.0.5 - R5866730",
        "released": "2023-07-25T19:37:38Z",
        "pullRequests": [
            "27848"
        ]
    },
    "1.0.6": {
        "releaseNotes": "#### Incident Fields\nUpdated the following incident fields to provide improved tracking of Cortex Xpanse details:\n- **Xpanse Asset IDs**\n- **Xpanse Business Units**\n- **Xpanse Country Code**\n- **Xpanse Remediation Guidance**\n- **Xpanse Description**\n\n#### Integrations\n##### Cortex Xpanse\nUpdated the Cortex Xpanse integration to add the following commands:\n- ***asm-list-attack-surface-rules***\n- ***asm-tag-asset-assign***\n- ***asm-tag-asset-remove***\n- ***asm-tag-range-assign***\n- ***asm-tag-range-remove***\n- ***asm-list-incidents***\n- ***asm-update-incident***\n- Updated the Docker image to: *demisto/python3:3.10.12.66339*.\n\n#### Layouts\n- **Xpanse Alert Layout**\nUpdated the Cortex Xpanse alert layout to include several new fields.\n\n#### Mappers\n##### Xpanse - Incoming Mapper\nUpdated the mapper to include several new fields:\n- **Xpanse Asset IDs**\n- **Xpanse Business Units**\n- **Xpanse Country Code**\n- **Xpanse Remediation Guidance**\n- **Xpanse Description**",
        "displayName": "1.0.6 - 5876761",
        "released": "2023-07-26T19:21:31Z",
        "pullRequests": [
            "28491",
            "27824"
        ]
    },
    "1.0.7": {
        "releaseNotes": "#### Integrations\n##### Cortex Xpanse\nUpdated the Cortex Xpanse integration to add the following commands:\n- ***asm-update-alerts***",
        "displayName": "1.0.7 - 5910354",
        "released": "2023-07-30T19:30:17Z",
        "pullRequests": [
            "28568",
            "28587"
        ]
    },
    "1.0.8": {
        "releaseNotes": "#### Integrations\n##### Cortex Xpanse\n- Updated the Docker image to: *demisto/python3:3.10.12.68714*.",
        "displayName": "1.0.8 - 6069807",
        "released": "2023-08-16T19:26:49Z",
        "pullRequests": [
            "29000"
        ]
    },
    "1.0.9": {
        "releaseNotes": "#### Integrations\n##### Cortex Xpanse\n- Fixed an issue in the arguments for ***asm-list-alerts***.\n- Updated the Docker image to: *demisto/python3:3.10.13.72123*.\n\n#### Mappers\n##### Xpanse - Incoming Mapper\n- Updated the mapping for tags.",
        "displayName": "1.0.9 - 6166488",
        "released": "2023-08-27T19:24:38Z",
        "pullRequests": [
            "29242",
            "29205"
        ]
    },
    "1.0.10": {
        "releaseNotes": "#### Incident Fields\n- **Xpanse Tags**\nUpdated the field to be searchable.\n\n- **Xpanse Provider**\nUpdated the field to be searchable and to not be scoped to all incident types.\n\n#### Integrations\n##### Cortex Xpanse\n- Updated the default classifier and incoming mapper for the integration.\n\n#### Mappers\n##### Xpanse - Incoming Mapper\n- Updated the targets for several fields for improved accuracy and formatting.",
        "displayName": "1.0.10 - 6253250",
        "released": "2023-09-06T19:31:18Z",
        "pullRequests": [
            "29464",
            "29339",
            "28899",
            "29481",
            "29470",
            "29488",
            "29490",
            "29501",
            "29453",
            "29455",
            "29467",
            "29400",
            "28916",
            "25915"
        ]
    },
    "1.0.11": {
        "releaseNotes": "#### Integrations\n##### Cortex Xpanse\n- Added an explanation to only use the standard API key (not the advanced one).\n- Updated the Docker image to: *demisto/python3:3.10.13.75921*.",
        "displayName": "1.0.11 - R6592021",
        "released": "2023-10-13T09:30:14Z",
        "pullRequests": [
            "29984",
            "29991"
        ]
    },
    "1.0.12": {
        "releaseNotes": "#### Integrations\n##### Cortex Xpanse\n- Updated the Cortex Xpanse integration to add the following commands:\n   - ***asm-get-incident***\n   - ***ip***\n   - ***domain***\n- Updated the ***asm-list-asset-internet-exposure*** command to support pagination.",
        "displayName": "1.0.12 - R6699754",
        "released": "2023-10-25T09:33:29Z",
        "pullRequests": [
            "30210",
            "30371"
        ]
    },
    "1.0.13": {
        "releaseNotes": "#### Integrations\n##### Cortex Xpanse\nAdded a new argument for ***asm-list-alerts*** command.",
        "displayName": "1.0.13 - 6800291",
        "released": "2023-11-05T10:30:07Z",
        "pullRequests": [
            "30048",
            "30640"
        ]
    },
    "1.0.14": {
        "releaseNotes": "#### Integrations\n##### Cortex Xpanse\n**Breaking Change**: Attack surface rule command changed from ***asm-list-attack-surface-rules*** to ***asm-get-attack-surface-rules***.",
        "displayName": "1.0.14 - 7061914",
        "released": "2023-12-04T10:26:25Z",
        "pullRequests": [
            "31190",
            "30712"
        ],
        "breakingChanges": true,
        "breakingChangesNotes": "Attack surface rule command changed from ***asm-list-attack-surface-rules*** to ***asm-get-attack-surface-rules***."
    },
    "1.0.15": {
        "releaseNotes": "#### Integrations\n##### Cortex Xpanse\n- Updated the Docker image to: *demisto/python3:3.10.13.83255*.",
        "displayName": "1.0.15 - 722180",
        "released": "2023-12-28T10:22:44Z",
        "pullRequests": [
            "31828"
        ]
    },
    "1.0.16": {
        "releaseNotes": "#### Integrations\n##### Cortex Xpanse\n- Updated the Docker image to: *demisto/python3:3.10.13.84405*.",
        "displayName": "1.0.16 - 762016",
        "released": "2024-01-14T20:22:29Z",
        "pullRequests": [
            "32183"
        ]
    },
    "1.0.17": {
        "releaseNotes": "#### Integrations\n##### Cortex Xpanse\nAdded the ***asm-list-external-websites*** command to get a list of the external websites assets.",
        "displayName": "1.0.17 - 768818",
        "released": "2024-01-17T20:16:29Z",
        "pullRequests": [
            "31978"
        ]
    },
    "1.0.18": {
        "releaseNotes": "#### Integrations\n##### Cortex Xpanse\n- Updated the Docker image to: *demisto/python3:3.10.13.87159*.",
        "displayName": "1.0.18 - 819156",
        "released": "2024-02-11T10:23:02Z",
        "pullRequests": [
            "32816"
        ]
    },
    "1.0.19": {
        "releaseNotes": "#### Integrations\n##### Cortex Xpanse\nUpdated the fetch logic to no longer contain a one hour offset.",
        "displayName": "1.0.19 - 839519",
        "released": "2024-02-20T10:26:55Z",
        "pullRequests": [
            "32868",
            "33002"
        ]
    }
}