{
    "2.4.5": {
        "releaseNotes": "#### Integrations\n##### SplunkPy\n- Fixed an issue where the integration authentication failed intermediate.\n- Updated the Docker image to: *demisto/splunksdk:1.0.0.32388*.",
        "displayName": "2.4.5 - 3379905",
        "released": "2022-08-02T10:34:56Z",
        "pullRequests": [
            "20222"
        ]
    },
    "2.4.6": {
        "releaseNotes": "#### Integrations\n##### SplunkPy\n- Fixed an issue where Notables were missed if an error occurred during the enrichment process.",
        "displayName": "2.4.6 - 3459681",
        "released": "2022-08-14T21:57:39Z",
        "pullRequests": [
            "20540"
        ]
    },
    "2.4.7": {
        "releaseNotes": "#### Integrations\n##### SplunkPy\n- Fixed an issue where **splunk-search** command failed.\n- Updated the Docker image to: *demisto/splunksdk:1.0.0.32879*.",
        "displayName": "2.4.7 - 3472136",
        "released": "2022-08-16T22:06:30Z",
        "pullRequests": [
            "20537"
        ]
    },
    "2.4.8": {
        "releaseNotes": "#### Scripts\n##### SplunkShowDrilldown\n- Updated the Docker image to: *demisto/python3:3.10.5.31928*.\n- Fixed an issue where errors were not handled as expected.",
        "displayName": "2.4.8 - 3504083",
        "released": "2022-08-21T10:40:30Z",
        "pullRequests": [
            "20554"
        ]
    },
    "2.4.9": {
        "releaseNotes": "#### Integrations\n##### SplunkPy\n- Fixed an issue where the ***splunk-notable-event-edit*** command failed.\n- Fixed an issue where the integation failed to authenticate with token.\n- Updated the Docker image to: *demisto/splunksdk:1.0.0.33029*.",
        "displayName": "2.4.9 - 3506185",
        "released": "2022-08-21T23:13:23Z",
        "pullRequests": [
            "20662"
        ]
    },
    "2.4.10": {
        "releaseNotes": "#### Integrations\n##### SplunkPy\n- Fixed an issue where the integation failed to authenticate.",
        "displayName": "2.4.10 - 3520117",
        "released": "2022-08-23T22:03:16Z",
        "pullRequests": [
            "20732"
        ]
    },
    "2.4.11": {
        "releaseNotes": "#### Integrations\n##### SplunkPy\n- Fixed an issue with the drilldown enrichment query where \"earliest\" and \"latest\" were mismatched in the query pipeline not the filter.\n\n#### Scripts\n##### SplunkShowDrilldown\n- Fixed an issue with the location where the Drilldown enrichment data is stored under the incident context.\n\n##### SplunkShowAsset\n- Fixed an issue with the location where the Asset enrichment data is stored under the incident context.\n- Updated the Docker image to: *demisto/python3:3.10.5.31928*.\n\n##### SplunkShowIdentity\n- Fixed an issue with the location where the Identity enrichment data is stored under the incident context.\n- Updated the Docker image to: *demisto/python3:3.10.5.31928*.",
        "displayName": "2.4.11 - 3551782",
        "released": "2022-08-28T10:43:47Z",
        "pullRequests": [
            "20737",
            "20513"
        ]
    },
    "2.4.12": {
        "releaseNotes": "#### Integrations\n##### SplunkPy\n- Added support for viewing the IDs of the fetched messages in the *Source IDs* column of the fetch history modal (supported in XSOAR version 6.8.0 and above).",
        "displayName": "2.4.12 - 3556969",
        "released": "2022-08-29T13:38:10Z",
        "pullRequests": [
            "20603"
        ]
    },
    "2.4.13": {
        "releaseNotes": "#### Integrations\n##### SplunkPy\n- Added support for **Disposition** mirroring field.\n\n#### Scripts\n##### New: SplunkPySearch\n- Deprecated. No available replacement.",
        "displayName": "2.4.13 - 3709503",
        "released": "2022-09-22T22:15:10Z",
        "pullRequests": [
            "21260",
            "21218"
        ]
    },
    "2.4.14": {
        "releaseNotes": "#### Integrations\n##### SplunkPy\n- Fixed an issue in **fetch-incidents** where active enrichment jobs were skipped if they took longer than a minute.\n- Improved the performance of *Drilldown* enrichment in **fetch-incidents**.",
        "displayName": "2.4.14 - 3755666",
        "released": "2022-09-29T22:31:01Z",
        "pullRequests": [
            "21296"
        ]
    },
    "2.4.15": {
        "releaseNotes": "#### Playbooks\n##### Splunk Indicator Hunting\nFixed an issue where the query pointed to the global context path instead of the playbook inputs.",
        "displayName": "2.4.15 - R3775849",
        "released": "2022-10-03T22:12:55Z",
        "pullRequests": [
            "21205"
        ]
    },
    "2.4.16": {
        "releaseNotes": "#### Integrations\n##### SplunkPy\nDocumentation and metadata improvements.",
        "displayName": "2.4.16 - R4082320",
        "released": "2022-11-22T13:32:22Z",
        "pullRequests": [
            "21885"
        ]
    },
    "2.4.17": {
        "releaseNotes": "#### Integrations\n##### SplunkPy\n- Performance improvements.",
        "displayName": "2.4.17 - 4123091",
        "released": "2022-11-29T23:27:32Z",
        "pullRequests": [
            "22478"
        ]
    },
    "3.0.0": {
        "releaseNotes": "#### Integrations\n##### SplunkPy\n- Migrated from python 2.7 to python 3.10.\n- Upgraded the splunk-sdk to 1.7.2.\n- Removed the `use_requests_handler` parameter. The integration will now always use the requests handler to handle requests.\n- Updated the Docker image to: *demisto/splunksdk-py3:1.0.0.41234*.",
        "displayName": "3.0.0 - R4247670",
        "released": "2022-12-20T01:03:11Z",
        "pullRequests": [
            "22065"
        ],
        "breakingChanges": true,
        "breakingChangesNotes": "Migrated SplunkPy integration from python 2.7 to python 3.10. Updated splunk-sdk from 1.6.16 to 1.7.2. The integration will now always use the requests handler."
    },
    "3.0.1": {
        "releaseNotes": "#### Integrations\n##### SplunkPy\n- Updated the Docker image to: *demisto/splunksdk-py3:1.0.0.42294*.\n- Updated the limit for **get-modified-remote-data** command from 100 to 1000.",
        "displayName": "3.0.1 - 4295766",
        "released": "2022-12-29T00:06:59Z",
        "pullRequests": [
            "23155"
        ]
    },
    "3.0.2": {
        "releaseNotes": "#### Integrations\n##### SplunkPy\n- Updated the Docker image to: *demisto/splunksdk-py3:1.0.0.42962*.\n- Added the *HEC Token* integration parameter to support credentials fetching object.",
        "displayName": "3.0.2 - R4372591",
        "released": "2023-01-11T11:22:24Z",
        "pullRequests": [
            "23441"
        ]
    },
    "3.0.3": {
        "releaseNotes": "#### Integrations\n##### SplunkPy\n- Added the argument *fast_mode* to **splunk-search** command  for quicker results return.\n- Updated the Docker image to: *demisto/splunksdk-py3:1.0.0.44906*.",
        "displayName": "3.0.3 - 4404274",
        "released": "2023-01-16T11:57:06Z",
        "pullRequests": [
            "23789"
        ]
    },
    "3.0.4": {
        "releaseNotes": "#### Integrations\n##### SplunkPy\n- Added clearer documentation to the **splunk-search** command.",
        "displayName": "3.0.4 - 4413860",
        "released": "2023-01-17T23:44:56Z",
        "pullRequests": [
            "23890"
        ]
    },
    "3.0.5": {
        "releaseNotes": "#### Integrations\n##### SplunkPy\n- Added the following outputs to the **splunk-search** command:\n  - *Splunk.JobStatus.SID*\n  - *Splunk.JobStatus.Status*\n  - *Splunk.JobStatus.TotalResults*",
        "displayName": "3.0.5 - 4454259",
        "released": "2023-01-23T23:42:45Z",
        "pullRequests": [
            "23911"
        ]
    },
    "3.0.7": {
        "releaseNotes": "#### Integrations\n##### SplunkPy\n- Documentation and metadata improvements.\n\n#### Layouts\n- **Splunk Notable Generic**\n- This item is no longer supported in XSIAM.",
        "displayName": "3.0.7 - 4514603",
        "released": "2023-02-01T12:58:07Z",
        "pullRequests": [
            "24223"
        ]
    },
    "3.0.8": {
        "releaseNotes": "#### Integrations\n##### SplunkPy\n- Added a new *Add Splunk statuses marked as \"End Status\" to mirroring (Incoming Mirroring)* instance configuration option to add statuses marked as \"End Status\" in Splunk (by default, only Notables closed with a \"Closed\" status are mirrored) to incoming mirror.\n- Added a new *Additional Splunk status labels to mirror (Incoming Mirroring)* instance configuration option to add specific Splunk status labels to incoming mirror.\n- Updated the Docker image to: *demisto/splunksdk-py3:1.0.0.46376*.",
        "displayName": "3.0.8 - 4518568",
        "released": "2023-02-01T23:53:10Z",
        "pullRequests": [
            "24057"
        ]
    },
    "3.0.9": {
        "releaseNotes": "#### Integrations\n##### SplunkPy\n- Added the new argument *disposition* in the command ***splunk-notable-event-edit*** to support changing notable disposition.\n- Updated the Docker image to: *demisto/splunksdk-py3:1.0.0.48191*.",
        "displayName": "3.0.9 - 4595069",
        "released": "2023-02-12T17:00:01Z",
        "pullRequests": [
            "24520",
            "24308"
        ]
    },
    "3.0.10": {
        "releaseNotes": "#### Integrations\n##### SplunkPy\nFixed an issue where the ***fetch-incidents*** command missed some incidents.",
        "displayName": "3.0.10 - R4646022",
        "released": "2023-02-19T12:55:26Z",
        "pullRequests": [
            "22589"
        ]
    },
    "3.0.11": {
        "releaseNotes": "#### Integrations\n##### SplunkPy\n- Updated the Docker image to: *demisto/splunksdk-py3:1.0.0.48734*.\n- Removed mirroring parameters from cortex XSIAM.",
        "displayName": "3.0.11 - R4718798",
        "released": "2023-03-01T12:43:21Z",
        "pullRequests": [
            "24220"
        ]
    },
    "3.0.12": {
        "releaseNotes": "#### Integrations\n##### SplunkPy\nAdded an option to use Basic Auth in order to solve the auth issue when connecting to Splunk behind a load balancer.",
        "displayName": "3.0.12 - 4797511",
        "released": "2023-03-12T19:12:43Z",
        "pullRequests": [
            "24519"
        ]
    },
    "3.0.13": {
        "releaseNotes": "#### Integrations\n##### SplunkPy\n- Updated the Docker image to: *demisto/splunksdk-py3:1.0.0.51137*.",
        "displayName": "3.0.13 - R4954430",
        "released": "2023-04-02T19:26:00Z",
        "pullRequests": [
            "25526"
        ]
    },
    "3.0.14": {
        "releaseNotes": "#### Integrations\n##### SplunkPy\n- Updated the Docker image to: *demisto/splunksdk-py3:1.0.0.54635*.",
        "displayName": "3.0.14 - 5057113",
        "released": "2023-04-17T09:27:38Z",
        "pullRequests": [
            "25871"
        ]
    },
    "3.0.15": {
        "releaseNotes": "#### Integrations\n##### SplunkPy\n- Fixed an issue where ***test-module*** failed when Fetch events query results contains messages.",
        "displayName": "3.0.15 - 5136717",
        "released": "2023-04-27T19:27:07Z",
        "pullRequests": [
            "25914"
        ]
    },
    "3.0.16": {
        "releaseNotes": "#### Integrations\n##### SplunkPy\n- Fixed error message for invalid job ids for command *splunk-results*.\n- Updated the Docker image to: *demisto/splunksdk-py3:1.0.0.56501*.",
        "displayName": "3.0.16 - 5170573",
        "released": "2023-05-02T19:44:48Z",
        "pullRequests": [
            "26228"
        ]
    },
    "3.0.17": {
        "releaseNotes": "#### Integrations\n##### SplunkPy\n- Updated the Docker image to: *demisto/splunksdk-py3:1.0.0.57580*.\n- Fixed an issue where proxy parameter wasn't parsed correctly in cases it was not checked.",
        "displayName": "3.0.17 - 5223322",
        "released": "2023-05-09T09:31:51Z",
        "pullRequests": [
            "26395"
        ]
    },
    "3.0.18": {
        "releaseNotes": "#### Integrations\n##### SplunkPy\n- Updated the Docker image to: *demisto/splunksdk-py3:1.0.0.60414*.",
        "displayName": "3.0.18 - 5356324",
        "released": "2023-05-24T15:30:38Z",
        "pullRequests": [
            "26917"
        ]
    },
    "3.0.19": {
        "releaseNotes": "#### Integrations\n##### SplunkPy\n- Updated the Docker image to: *demisto/splunksdk-py3:1.0.0.61535*.",
        "displayName": "3.0.19 - 5465590",
        "released": "2023-06-07T09:34:08Z",
        "pullRequests": [
            "27263"
        ]
    },
    "3.0.20": {
        "releaseNotes": "#### Integrations\n##### SplunkPy\n- Fixed an issue where it was possible to configure mirroring without specifying a timezone.\n- Updated the Docker image to: *demisto/splunksdk-py3:1.0.0.62919*.",
        "displayName": "3.0.20 - 5508533",
        "released": "2023-06-12T19:28:50Z",
        "pullRequests": [
            "27316"
        ]
    },
    "3.0.21": {
        "releaseNotes": "#### Integrations\n##### SplunkPy\n- Updated the Docker image to: *demisto/splunksdk-py3:1.0.0.63759*.",
        "displayName": "3.0.21 - 5626362",
        "released": "2023-06-27T09:32:59Z",
        "pullRequests": [
            "27743"
        ]
    },
    "3.0.22": {
        "releaseNotes": "#### Integrations\n##### SplunkPy\n- Documentation and metadata improvements.",
        "displayName": "3.0.22 - R5692327",
        "released": "2023-07-05T20:01:53Z",
        "pullRequests": [
            "27750"
        ]
    },
    "3.0.23": {
        "releaseNotes": "#### Integrations\n##### SplunkPy\n- Documentation and metadata improvements.",
        "displayName": "3.0.23 - 5740912",
        "released": "2023-07-11T19:35:02Z",
        "pullRequests": [
            "28035"
        ]
    },
    "3.0.24": {
        "releaseNotes": "#### Integrations\n##### SplunkPy\nFixed an issue where relative paths were used instead of absolute URLs in the integration description file.",
        "displayName": "3.0.24 - R5801668",
        "released": "2023-07-18T19:43:05Z",
        "pullRequests": [
            "28057"
        ]
    },
    "3.1.0": {
        "releaseNotes": "#### Integrations\n##### SplunkPy\n- Improved implementation of integration commands response processing. XML handling has been deprecated and replaced by JSON.\n- Documentation and metadata improvements.\n- Updated the Docker image to: *demisto/splunksdk-py3:1.0.0.66149*.",
        "displayName": "3.1.0 - R5866730",
        "released": "2023-07-25T19:37:00Z",
        "pullRequests": [
            "27696"
        ]
    }
}