{
    "1.0.0": {
        "releaseNotes": "Freshservice is a service management solution that allows customers to manage service requests, incidents, change requests tasks, and problem investigation.",
        "displayName": "1.0.0 - 5161889",
        "released": "2023-04-20T09:24:14Z",
        "pullRequests": null
    },
    "1.0.1": {
        "releaseNotes": "#### Integrations\n##### Freshworks Freshservice\n- Updated the Docker image to: *demisto/python3:3.10.11.56082*.",
        "displayName": "1.0.1 - R5170573",
        "released": "2023-05-02T19:40:45Z",
        "pullRequests": [
            "26218"
        ]
    },
    "1.0.2": {
        "releaseNotes": "#### Integrations\n##### Freshworks Freshservice\n- Upgraded the Docker image to: *demisto/python3:3.10.11.59070*.",
        "displayName": "1.0.2 - 5299536",
        "released": "2023-05-18T19:23:42Z",
        "pullRequests": [
            "26628"
        ]
    },
    "1.0.3": {
        "releaseNotes": "#### Integrations\n##### Freshworks Freshservice\n- Updated the Docker image to: *demisto/python3:3.10.11.61265*.",
        "displayName": "1.0.3 - 5441071",
        "released": "2023-06-04T09:32:22Z",
        "pullRequests": [
            "27172"
        ]
    },
    "1.0.4": {
        "releaseNotes": "#### Integrations\n##### Freshworks Freshservice\n- Updated the Docker image to: *demisto/python3:3.10.12.62631*.\n- Updated the API token set up.",
        "displayName": "1.0.4 - 5540680",
        "released": "2023-06-15T19:30:06Z",
        "pullRequests": [
            "27376",
            "27470",
            "25523"
        ]
    },
    "1.0.5": {
        "releaseNotes": "#### Integrations\n##### Freshworks Freshservice\n- Updated the Docker image to: *demisto/python3:3.10.12.63474*.",
        "displayName": "1.0.5 - 5649943",
        "released": "2023-06-29T19:35:09Z",
        "pullRequests": [
            "27802"
        ]
    },
    "1.0.6": {
        "releaseNotes": "#### Integrations\n##### Freshworks Freshservice\n- Updated the Docker image to: *demisto/python3:3.10.12.65389*.",
        "displayName": "1.0.6 - 5810923",
        "released": "2023-07-19T16:22:51Z",
        "pullRequests": [
            "28274"
        ]
    },
    "1.0.7": {
        "releaseNotes": "#### Integrations\n##### Freshworks Freshservice\n- Updated the Docker image to: *demisto/python3:3.10.12.66339*.",
        "displayName": "1.0.7 - 5940472",
        "released": "2023-08-02T19:22:12Z",
        "pullRequests": [
            "28699"
        ]
    },
    "1.0.8": {
        "releaseNotes": "#### Integrations\n##### Freshworks Freshservice\n- Updated the Docker image to: *demisto/python3:3.10.12.68714*.",
        "displayName": "1.0.8 - 6076227",
        "released": "2023-08-17T09:21:34Z",
        "pullRequests": [
            "29026"
        ]
    },
    "1.0.9": {
        "releaseNotes": "#### Integrations\n##### Freshworks Freshservice\n- Updated the Docker image to: *demisto/python3:3.10.13.72123*.",
        "displayName": "1.0.9 - 6224334",
        "released": "2023-09-03T09:21:19Z",
        "pullRequests": [
            "29380"
        ]
    },
    "1.0.10": {
        "releaseNotes": "#### Integrations\n##### Freshworks Freshservice\n- Updated the Docker image to: *demisto/python3:3.10.13.73190*.",
        "displayName": "1.0.10 - 6363299",
        "released": "2023-09-19T09:24:29Z",
        "pullRequests": [
            "29729"
        ]
    },
    "1.0.11": {
        "releaseNotes": "#### Integrations\n##### Freshworks Freshservice\n- Updated the Docker image to: *demisto/python3:3.10.13.75921*.",
        "displayName": "1.0.11 - 6592021",
        "released": "2023-10-13T09:23:46Z",
        "pullRequests": [
            "30134"
        ]
    },
    "1.0.12": {
        "releaseNotes": "#### Integrations\n##### Freshworks Freshservice\n- Updated the Docker image to: *demisto/python3:3.10.13.77674*.",
        "displayName": "1.0.12 - 6636841",
        "released": "2023-10-18T09:24:12Z",
        "pullRequests": [
            "30234"
        ]
    },
    "1.0.13": {
        "releaseNotes": "#### Integrations\n##### Freshworks Freshservice\n- Updated the Docker image to: *demisto/python3:3.10.13.78960*.",
        "displayName": "1.0.13 - 6808171",
        "released": "2023-11-06T10:24:31Z",
        "pullRequests": [
            "30669"
        ]
    },
    "1.0.14": {
        "releaseNotes": "#### Integrations\n##### Freshworks Freshservice\n- Updated the Docker image to: *demisto/python3:3.10.13.80593*.",
        "displayName": "1.0.14 - 6965450",
        "released": "2023-11-22T22:08:08Z",
        "pullRequests": [
            "31024"
        ]
    },
    "1.0.15": {
        "releaseNotes": "#### Integrations\n##### Freshworks Freshservice\n- Fixed an issue in the **freshservice-ticket-list** where the **include** argument received wrong default value.\n- Updated the Docker image to: *demisto/python3:3.10.13.80593*.",
        "displayName": "1.0.15 - 6969581",
        "released": "2023-11-23T10:22:30Z",
        "pullRequests": [
            "30977"
        ]
    },
    "1.0.16": {
        "releaseNotes": "#### Integrations\n##### Freshworks Freshservice\n- Updated the Docker image to: *demisto/python3:3.10.13.81631*.",
        "displayName": "1.0.16 - 7029664",
        "released": "2023-11-30T10:30:53Z",
        "pullRequests": [
            "31214"
        ]
    },
    "1.0.17": {
        "releaseNotes": "#### Integrations\n##### Freshworks Freshservice\n- Updated the Docker image to: *demisto/python3:3.10.13.82076*.",
        "displayName": "1.0.17 - 7066068",
        "released": "2023-12-04T20:26:32Z",
        "pullRequests": [
            "31286"
        ]
    },
    "1.0.18": {
        "releaseNotes": "#### Integrations\n##### Freshworks Freshservice\n- Updated the Docker image to: *demisto/python3:3.10.13.82980*.",
        "displayName": "1.0.18 - 7122577",
        "released": "2023-12-10T20:23:44Z",
        "pullRequests": [
            "31371"
        ]
    },
    "1.0.19": {
        "releaseNotes": "#### Integrations\n##### Freshworks Freshservice\n- Added more debug logs.\n- Updated the Docker image to: *demisto/python3:3.10.13.83255*.",
        "displayName": "1.0.19 - 7161298",
        "released": "2023-12-14T12:22:15Z",
        "pullRequests": [
            "31229"
        ]
    },
    "1.0.20": {
        "releaseNotes": "#### Integrations\n##### Freshworks Freshservice\n- Updated the Docker image to: *demisto/python3:3.10.13.84405*.",
        "displayName": "1.0.20 - 757686",
        "released": "2024-01-11T20:19:52Z",
        "pullRequests": [
            "32061"
        ]
    },
    "1.0.21": {
        "releaseNotes": "#### Integrations\n##### Freshworks Freshservice\n- Updated the Docker image to: *demisto/python3:3.10.13.86272*.",
        "displayName": "1.0.21 - 798475",
        "released": "2024-02-01T10:30:00Z",
        "pullRequests": [
            "32519"
        ]
    },
    "1.0.22": {
        "releaseNotes": "#### Integrations\n##### Freshworks Freshservice\n- Updated the Docker image to: *demisto/python3:3.10.13.87159*.",
        "displayName": "1.0.22 - 823153",
        "released": "2024-02-12T20:17:53Z",
        "pullRequests": [
            "32837"
        ]
    },
    "1.0.23": {
        "releaseNotes": "#### Integrations\n##### Freshworks Freshservice\n- Updated the Docker image to: *demisto/python3:3.10.13.88772*.",
        "displayName": "1.0.23 - 865088",
        "released": "2024-03-03T20:23:52Z",
        "pullRequests": [
            "33184"
        ]
    }
}