{
    "3.1.16": {
        "releaseNotes": "#### Integrations\n##### Slack v2\n- Added the *Slack API access token* and *Slack API bot token* integration parameters to support credentials fetching object.\n- Updated the Docker image to: *demisto/slack:1.0.0.42956*.\n\n##### Slack IAM\n- Added the *Access Token* integration parameter to support credentials fetching object.\n- Updated the Docker image to: *demisto/python3:3.10.9.42476*.",
        "displayName": "3.1.16 - 4361094",
        "released": "2023-01-10T00:24:35Z",
        "pullRequests": [
            "23483"
        ]
    },
    "3.1.17": {
        "releaseNotes": "#### Integrations\n##### Slack v3\n- Added support for sections infrastructure.\n\n##### Slack IAM\n- Added support for sections infrastructure.\n\n##### Slack v2\n- Added support for sections infrastructure.",
        "displayName": "3.1.17 - R4368875",
        "released": "2023-01-10T23:49:29Z",
        "pullRequests": [
            "23680"
        ]
    },
    "3.1.18": {
        "releaseNotes": "#### Integrations\n##### Slack v2 (Deprecated)\n- Deprecated. Use Slack V3 instead.\n- Fixed an issue where the function used to invoke the event loop was deprecated.",
        "displayName": "3.1.18 - 4372591",
        "released": "2023-01-11T12:27:17Z",
        "pullRequests": [
            "23710"
        ]
    },
    "3.1.19": {
        "releaseNotes": "#### Integrations\n##### Slack v3\n- Updated the Docker image to: *demisto/slackv3:1.0.0.45719*.",
        "displayName": "3.1.19 - 4474395",
        "released": "2023-01-26T10:56:20Z",
        "pullRequests": [
            "24116"
        ]
    },
    "3.1.20": {
        "releaseNotes": "#### Integrations\n##### Slack v3\n- Fixed an issue where all threads were processed as entitlement replies.",
        "displayName": "3.1.20 - 4494864",
        "released": "2023-01-29T22:55:43Z",
        "pullRequests": [
            "24152"
        ]
    },
    "3.1.21": {
        "releaseNotes": "#### Scripts\n##### SlackAsk\n- Updated the Docker image to: *demisto/python3:3.10.10.47713*.\n\n##### SlackAskV2\n- Updated the Docker image to: *demisto/python3:3.10.10.47713*.\n\n##### SlackBlockBuilder\n- Updated the Docker image to: *demisto/python3:3.10.10.47713*.",
        "displayName": "3.1.21 - R4618697",
        "released": "2023-02-15T16:29:47Z",
        "pullRequests": [
            "24567"
        ]
    },
    "3.1.22": {
        "releaseNotes": "Changes are not relevant for XSOAR marketplace.",
        "displayName": "3.1.22 - R4646022",
        "released": "2023-02-19T11:38:13Z",
        "pullRequests": [
            "24421"
        ]
    },
    "3.1.23": {
        "releaseNotes": "#### Integrations\n##### Slack v3\n- Updated the Docker image to: *demisto/slackv3:1.0.0.48936*.\n- Fixed an issue where the preview images were not removed after answering questions in the Slack channel.",
        "displayName": "3.1.23 - R4718798",
        "released": "2023-03-01T11:26:45Z",
        "pullRequests": [
            "24919"
        ]
    },
    "3.1.24": {
        "releaseNotes": "#### Integrations\n##### Slack v3\n- Updated the pack category to *Messaging and Conferencing*.\n- Updated the Docker image to: *1.0.0.48936*.",
        "displayName": "3.1.24 - 4748070",
        "released": "2023-03-05T21:15:05Z",
        "pullRequests": [
            "24852"
        ]
    },
    "3.1.25": {
        "releaseNotes": "#### Integrations\n##### Slack v2 (Deprecated)\nUpdated the pack category to *Messaging and Conferencing*.",
        "displayName": "3.1.25 - 4771215",
        "released": "2023-03-08T21:21:14Z",
        "pullRequests": [
            "25124"
        ]
    },
    "3.1.28": {
        "releaseNotes": "#### Integrations\n##### Slack v3\n- Fixed an issue where the Slack listener would attempt to process bot messages.\n- Updated the Docker image to: *1.0.0.50154*.\n- Fixed logging level to debug only when *Extensive Logging* is enabled.\n- Updated the Docker image to: *demisto/slackv3:1.0.0.50154*.\n- Updated the Docker image to: *demisto/slackv3:1.0.0.50154*.\n-Added a validation to ensure the correct tokens are used for the integration.",
        "displayName": "3.1.28 - 4872060",
        "released": "2023-03-22T08:15:23Z",
        "pullRequests": [
            "25376"
        ]
    },
    "3.1.29": {
        "releaseNotes": "#### Integrations\n##### Slack v3\n- Added `externalFormSubmit` as a default permitted notification type. In order to allow Ask tasks to be sent correctly, \nplease consider adding the `externalFormSubmit` permitted notification type to any existing SlackV3 instances you may already have.\n- Updated the Docker image to: *demisto/slackv3:1.0.0.52396*.\n-",
        "displayName": "3.1.29 - 4935746",
        "released": "2023-03-30T19:26:01Z",
        "pullRequests": [
            "25425"
        ]
    },
    "3.1.30": {
        "releaseNotes": "#### Integrations\n##### Slack v3\n- Updated the Docker image to: *demisto/slackv3:1.0.0.54631*.\n \n- Fixed an issue when creating a new incident in XSOAR from the bot failed.\n- Added support for classification & mapping.",
        "displayName": "3.1.30 - 5006477",
        "released": "2023-04-10T19:25:36Z",
        "pullRequests": [
            "25666"
        ]
    },
    "3.1.31": {
        "releaseNotes": "#### Integrations\n##### Slack v3\n- Fixed an issue where the Slack listener would miss some user messages when mirroring an incident.\n- Updated the Docker image to: *demisto/slackv3:1.0.0.54956*.",
        "displayName": "3.1.31 - 5069026",
        "released": "2023-04-18T19:25:32Z",
        "pullRequests": [
            "25913"
        ]
    },
    "3.1.32": {
        "releaseNotes": "#### Classifiers\n##### New: Slack Classifier\n- Added a new classifier for the *Password Reset via Chatbot* incident type (Available from Cortex XSOAR 6.8.0).\n\n#### Mappers\n##### New: Slack Mapper\n- Added a new mapper for the *Password Reset via Chatbot* incident type (Available from Cortex XSOAR 6.8.0).",
        "displayName": "3.1.32 - R5170573",
        "released": "2023-05-02T19:41:17Z",
        "pullRequests": [
            "23800"
        ]
    },
    "3.1.33": {
        "releaseNotes": "#### Integrations\n##### Slack v3\n- Updated the Docker image to: *demisto/slackv3:1.0.0.57155*.",
        "displayName": "3.1.33 - 5185403",
        "released": "2023-05-04T09:33:42Z",
        "pullRequests": [
            "26293"
        ]
    },
    "3.1.34": {
        "releaseNotes": "Changes are not relevant for XSOAR marketplace.",
        "displayName": "3.1.34 - 5210973",
        "released": "2023-05-07T19:27:36Z",
        "pullRequests": [
            "26265",
            "26253"
        ]
    },
    "3.1.35": {
        "releaseNotes": "#### Integrations\n##### Slack v3\n- Added support for war room mentions.\n- Updated the Docker image to: *demisto/slackv3:1.0.0.57577*.",
        "displayName": "3.1.35 - 5216377",
        "released": "2023-05-08T16:00:17Z",
        "pullRequests": [
            "26383",
            "26380"
        ]
    },
    "3.1.36": {
        "releaseNotes": "Changes are not relevant for XSOAR marketplace.",
        "displayName": "3.1.36 - 5226855",
        "released": "2023-05-09T19:26:18Z",
        "pullRequests": [
            "26405"
        ]
    },
    "3.1.37": {
        "releaseNotes": "#### Integrations\n##### Slack v3\n- Updated the Docker image to: *demisto/slackv3:1.0.0.61538*.",
        "displayName": "3.1.37 - R5450895",
        "released": "2023-06-05T19:34:36Z",
        "pullRequests": [
            "26962"
        ]
    },
    "3.1.38": {
        "releaseNotes": "#### Integrations\n##### Slack v3\n- Updated the Docker image to: *demisto/slackv3:1.0.0.62921*.",
        "displayName": "3.1.38 - 5476421",
        "released": "2023-06-08T09:35:28Z",
        "pullRequests": [
            "27301"
        ]
    },
    "3.1.39": {
        "releaseNotes": "#### Scripts\n##### SlackAskV2\n- Updated the Docker image to: *demisto/python3:3.10.12.62631*.",
        "displayName": "3.1.39 - 5480230",
        "released": "2023-06-08T19:29:33Z",
        "pullRequests": [
            "27300"
        ]
    },
    "3.1.40": {
        "releaseNotes": "#### Integrations\n##### Slack v3\n- Updated the Docker image to: *demisto/slackv3:1.0.0.63762*.",
        "displayName": "3.1.40 - R5692327",
        "released": "2023-07-05T19:47:31Z",
        "pullRequests": [
            "27676"
        ]
    },
    "3.1.41": {
        "releaseNotes": "#### Integrations\n##### Slack IAM\n- Updated the Docker image to: *demisto/python3:3.10.12.63474*.",
        "displayName": "3.1.41 - R5723074",
        "released": "2023-07-09T19:31:27Z",
        "pullRequests": [
            "27954"
        ]
    },
    "3.1.43": {
        "releaseNotes": "Changes are not relevant for XSOAR marketplace.",
        "displayName": "3.1.43 - R5866730",
        "released": "2023-07-25T19:26:35Z",
        "pullRequests": [
            "28076"
        ]
    },
    "3.1.44": {
        "releaseNotes": "#### Scripts\n##### SlackAskV2\n- Updated the Docker image to: *demisto/python3:3.10.12.66339*.\n\n##### SlackAsk\n- Updated the Docker image to: *demisto/python3:3.10.12.66339*.\n\n##### SlackBlockBuilder\n- Updated the Docker image to: *demisto/python3:3.10.12.66339*.",
        "displayName": "3.1.44 - 5914533",
        "released": "2023-07-31T09:30:30Z",
        "pullRequests": [
            "28606"
        ]
    },
    "3.1.45": {
        "releaseNotes": "#### Integrations\n##### Slack v3\n- Added a new command ***slack-user-session-reset***.\n- Added the ***user_token*** integration parameter to allow admin permissions.\n- Updated the Docker image to: *demisto/slackv3:1.0.0.66900*.",
        "displayName": "3.1.45 - 5950262",
        "released": "2023-08-03T19:22:33Z",
        "pullRequests": [
            "28745",
            "28538"
        ]
    },
    "3.1.46": {
        "releaseNotes": "#### Integrations\n##### Slack v3\n- Updated the Docker image to: *demisto/slackv3:1.0.0.69226*.",
        "displayName": "3.1.46 - 6086488",
        "released": "2023-08-18T09:21:51Z",
        "pullRequests": [
            "29050"
        ]
    },
    "3.2.0": {
        "releaseNotes": "#### Integrations\n##### Slack v3\n- Added a new commands:\n    - *slack-list-channels*\n    - *slack-get-conversation-history*\n    - *slack-get-conversation-replies*\n- Updated the Docker image to: *demisto/slackv3:1.0.0.72328*.",
        "displayName": "3.2.0 - 6194926",
        "released": "2023-08-30T19:22:31Z",
        "pullRequests": [
            "29247",
            "27985"
        ]
    },
    "3.2.1": {
        "releaseNotes": "#### Integrations\n##### Slack v3\n- Fixed an issue where the ***mirror-investigation*** command created private channels when the *private* argument was set to `true`.\n- Updated the Docker image to: *demisto/slackv3:1.0.0.73686*.",
        "displayName": "3.2.1 - 6285754",
        "released": "2023-09-10T20:42:03Z",
        "pullRequests": [
            "29447"
        ]
    },
    "3.2.2": {
        "releaseNotes": "#### Integrations\n##### Slack v3\n- Documentation and metadata improvements.\n- Updated the Docker image to: *demisto/slackv3:1.0.0.73990*.\n\n#### Scripts\n##### SlackBlockBuilder\n- Documentation and metadata improvements.\n- Updated the Docker image to: *demisto/python3:3.10.13.73190*.",
        "displayName": "3.2.2 - 6367558",
        "released": "2023-09-19T19:21:56Z",
        "pullRequests": [
            "29707"
        ]
    },
    "3.2.3": {
        "releaseNotes": "#### Integrations\n##### Slack v3\n- Updated the Docker image to: *demisto/slackv3:1.0.0.76666*.",
        "displayName": "3.2.3 - 6549677",
        "released": "2023-10-09T09:23:55Z",
        "pullRequests": [
            "30091"
        ]
    },
    "3.2.4": {
        "releaseNotes": "#### Integrations\n##### Slack v3\n- Updated the Docker image to: *demisto/slackv3:1.0.0.77893*.",
        "displayName": "3.2.4 - 6636841",
        "released": "2023-10-18T09:24:26Z",
        "pullRequests": [
            "30255"
        ]
    },
    "3.2.5": {
        "releaseNotes": "#### Integrations\n##### Slack v3\n- Updated the Docker image to: *demisto/slackv3:1.0.0.79369*.",
        "displayName": "3.2.5 - 6758807",
        "released": "2023-10-31T22:25:20Z",
        "pullRequests": [
            "30550"
        ]
    },
    "3.2.6": {
        "releaseNotes": "#### Integrations\n##### Slack v3\n- Updated the Docker image to: *demisto/slackv3:1.0.0.80443*.",
        "displayName": "3.2.6 - 6894987",
        "released": "2023-11-15T10:30:54Z",
        "pullRequests": [
            "30913"
        ]
    },
    "3.2.7": {
        "releaseNotes": "Changes are not relevant for XSOAR marketplace.",
        "displayName": "3.2.7 - 7029664",
        "released": "2023-11-30T10:33:50Z",
        "pullRequests": [
            "31135"
        ]
    },
    "3.3.0": {
        "releaseNotes": "#### Integrations\n##### Slack v3\n- Fixed an issue where SlackBlockBuilder responses would fail to be handled correctly when using the internal request method to update an incident's context.\n- SlackBlockBuilder no longer relies on the XSOAR API in order to update an incident's context. As such, playbooks which currently use the SlackBlockBuilder script should be modified as described in the documentation.\n- Additional information regarding the change and migrating from pack version 3.2.8 can be found [here.](https://xsoar.pan.dev/docs/reference/scripts/slack-block-builder#troubleshooting)\n- Updated the Docker image to: *demisto/slackv3:1.0.0.83424*.\n#### Playbooks\n##### New: SlackBlockBuilderResponseExample\n- New: This is an example of how to use the SlackBlockBuilder within a playbook.\n\n#### Scripts\n##### New: GetSlackBlockBuilderResponse\n- New: GetSlackBlockBuilderResponse will format a SlackBlockBuilder response and insert it into an incident's context.",
        "displayName": "3.3.0 - 7190203",
        "released": "2023-12-17T20:22:05Z",
        "pullRequests": [
            "31393"
        ],
        "breakingChanges": true,
        "breakingChangesNotes": "- SlackBlockBuilder no longer relies on the XSOAR API in order to update an incident's context. As such, playbooks which currently use the SlackBlockBuilder script should be modified as described in the documentation.\n- Additional information regarding the change and migrating to pack version 3.3.0 can be found [here.](https://xsoar.pan.dev/docs/reference/scripts/slack-block-builder#troubleshooting)"
    },
    "3.4.0": {
        "releaseNotes": "Changes are not relevant for XSOAR marketplace.",
        "displayName": "3.4.0 - 721233",
        "released": "2023-12-27T20:23:54Z",
        "pullRequests": [
            "31528"
        ]
    },
    "3.4.1": {
        "releaseNotes": "#### Integrations\n##### Slack v3\n- Added the ***incidentAssigned*** notification type to the available *Permitted Notification Types* options.\n- Updated the Docker image to: *demisto/slackv3:1.0.0.83424*.",
        "displayName": "3.4.1 - 752611",
        "released": "2024-01-09T20:25:35Z",
        "pullRequests": [
            "31999"
        ]
    }
}