{
    "1.3.0": {
        "releaseNotes": "#### Integrations\n##### Microsoft Teams via Webhook\n- Added support for system proxy and trust any cert options.\n- Updated the Docker image to: *demisto/python3:3.10.9.46032*.",
        "displayName": "1.3.0 - 4514603",
        "released": "2023-02-01T11:09:48Z",
        "pullRequests": [
            "24166"
        ]
    },
    "1.4.1": {
        "releaseNotes": "#### Integrations\n##### Microsoft Teams via Webhook\n- Added option to include a different link and title in the teams message when using the **ms-teams-message** command.  Overrides the default link which is the link to the Cortex XSOAR investigation from which the message came.\n- To use add the argument **alternative_url** and **url_title** arguments to the command.\n\n##### Microsoft Teams Management\n- Added support for authentication using Azure Managed Identities.\n- Updated the Docker image to: *demisto/crypto:1.0.0.47103*.",
        "displayName": "1.4.1 - 4560457",
        "released": "2023-02-07T22:34:11Z",
        "pullRequests": [
            "23951"
        ]
    },
    "1.4.5": {
        "releaseNotes": "#### Integrations\n##### Microsoft Teams Management\n- Improved implementation of the authorization process with the Oproxy server.\n- Fixed an issue where linter failed due to pylint errors.\nUpdated the **MicrosoftApiModule** to better handle the Auth code authorization flow in the supported integrations.\n\n##### Microsoft Teams\n- Added the following integration parameters to support credentials fetching object.\n  - *Bot ID*\n  - *Bot Password*\n  - *Authorization code*\n- Added the following arguments to the ***microsoft-teams-create-channel*** command.\n   - *membership_type*\n   - *owner_user*\n- Added the *owner* argument to the ***microsoft-teams-add-user-to-channel*** command.\n- Added the following new commands:\n  - ***microsoft-teams-channel-user-list***\n  - ***microsoft-teams-user-remove-from-channel***\n- Added support to authenticate using the Authorization Code Flow. This flow supports the following new commands:\n  - ***microsoft-teams-chat-create***\n  - ***microsoft-teams-message-send-to-chat***\n  - ***microsoft-teams-chat-add-user***\n  - ***microsoft-teams-chat-list***\n  - ***microsoft-teams-chat-member-list***\n  - ***microsoft-teams-chat-message-list***\n  - ***microsoft-teams-chat-update***",
        "displayName": "1.4.5 - 4612518",
        "released": "2023-02-14T22:32:15Z",
        "pullRequests": [
            "23665"
        ]
    },
    "1.4.6": {
        "releaseNotes": "#### Integrations\n##### Microsoft Teams\nAdded the ***microsoft-teams-generate-login-url*** command to easily get the auth code.",
        "displayName": "1.4.6 - 4618697",
        "released": "2023-02-15T17:39:42Z",
        "pullRequests": [
            "24628"
        ]
    },
    "1.4.7": {
        "releaseNotes": "#### Integrations\n##### Microsoft Teams\n- Fixed an issue where the *Bot ID* parameter wasn't parsed correctly after upgrading from pack version 1.4.5. \n- Added the following integration parameters to support credentials fetching object.\n  - *Certificate*\n  - *Private Key*\n- Updated the Docker image to *demisto/teams:1.0.0.48817*.",
        "displayName": "1.4.7 - R4718798",
        "released": "2023-03-01T10:41:00Z",
        "pullRequests": [
            "24679"
        ]
    },
    "1.4.8": {
        "releaseNotes": "#### Integrations\n##### Microsoft Teams via Webhook\n- Updated the Docker image to: *demisto/python3:3.10.10.48392*.",
        "displayName": "1.4.8 - 4746941",
        "released": "2023-03-05T15:34:01Z",
        "pullRequests": [
            "25016"
        ]
    },
    "1.4.9": {
        "releaseNotes": "#### Integrations\n##### Microsoft Teams\n- Updated the Docker image to: *demisto/teams:1.0.0.49653*.\n- Updated the pack category to *Messaging and Conferencing*.\n\n##### Microsoft Teams Management\n- Updated the Docker image to: *demisto/crypto:1.0.0.49599*.\n- Updated the pack category to *Messaging and Conferencing*.\n\n##### Microsoft Teams via Webhook\n- Updated the Docker image to: *demisto/python3:3.10.10.48392*.\n- Updated the pack category to *Messaging and Conferencing*.",
        "displayName": "1.4.9 - 4748070",
        "released": "2023-03-05T20:39:47Z",
        "pullRequests": [
            "24852"
        ]
    },
    "1.4.10": {
        "releaseNotes": "#### Scripts\n##### MicrosoftTeamsAsk\n- Added the *team* argument.\n- Updated the Docker image to *demisto/python3:3.10.10.48392*.",
        "displayName": "1.4.10 - 4776751",
        "released": "2023-03-09T10:56:20Z",
        "pullRequests": [
            "25133"
        ]
    },
    "1.4.11": {
        "releaseNotes": "#### Integrations\n##### Microsoft Teams\n- Improved implementation of the message sent to chat in Microsoft Teams through data collection task.\n- Improved implementation of the ***microsoft-teams-chat-create*** and ***microsoft-teams-message-send-to-chat*** commands to add the bot automatically to the chat.\n- Improved implementation of the response returned to the user in an one-to-one chat with the bot.\n- Documentation and metadata improvements.",
        "displayName": "1.4.11 - 4797511",
        "released": "2023-03-12T17:35:13Z",
        "pullRequests": [
            "24947",
            "23716",
            "25163",
            "25165",
            "25166",
            "25168",
            "24881",
            "25100",
            "25149",
            "25108",
            "25133"
        ]
    },
    "1.4.12": {
        "releaseNotes": "#### Integrations\n##### Microsoft Teams\n- Added Support for logging.\n- Added support for certificate verification.",
        "displayName": "1.4.12 - 4822012",
        "released": "2023-03-15T21:51:05Z",
        "pullRequests": [
            "25217"
        ]
    },
    "1.4.13": {
        "releaseNotes": "#### Integrations\n##### Microsoft Teams Management\n- Updated the Docker image to: *demisto/crypto:1.0.0.52480*.",
        "displayName": "1.4.13 - 4932445",
        "released": "2023-03-30T09:29:14Z",
        "pullRequests": [
            "25604"
        ]
    },
    "1.4.14": {
        "releaseNotes": "#### Integrations\n##### Microsoft Teams Management\n- Added support for old docker images which do not have the defusedxml package.",
        "displayName": "1.4.14 - 4954430",
        "released": "2023-04-02T19:18:58Z",
        "pullRequests": [
            "25670"
        ]
    },
    "1.4.15": {
        "releaseNotes": "#### Integrations\n##### Microsoft Teams\n- Fixed an issue where the BOT ID was not sent correctly when running the ***microsoft-teams-chat-create*** and ***microsoft-teams-message-send-to-chat*** commands.\n- Added the message metadata to incidents created using Demisto BOT in Microsoft Teams. You can now map these values using a custom mapper.\n- Updated the Docker image to: *demisto/teams:1.0.0.55061*.",
        "displayName": "1.4.15 - 5053542",
        "released": "2023-04-16T19:20:35Z",
        "pullRequests": [
            "25432"
        ]
    },
    "1.4.16": {
        "releaseNotes": "#### Integrations\n##### Microsoft Teams Management\n- Updated the Docker image to: *demisto/crypto:1.0.0.56396*.",
        "displayName": "1.4.16 - R5170573",
        "released": "2023-05-02T19:43:03Z",
        "pullRequests": [
            "26178"
        ]
    },
    "1.4.17": {
        "releaseNotes": "#### Integrations\n##### Microsoft Teams\n- Updated the Docker image to: *demisto/teams:1.0.0.58199*.\n- Added a new argument **external_form_url_header** to the ***send-notification*** command, so you can control the hyperlink header for an external form link.",
        "displayName": "1.4.17 - 5232355",
        "released": "2023-05-10T09:30:22Z",
        "pullRequests": [
            "26415"
        ]
    },
    "1.4.18": {
        "releaseNotes": "#### Integrations\n##### Microsoft Teams\n- Added a new configuration parameter that will be used as default for **external_form_url_header** argument of the ***send-notification*** command.\n- Updated the Docker image to: *demisto/teams:1.0.0.58918*.",
        "displayName": "1.4.18 - 5265019",
        "released": "2023-05-14T19:26:13Z",
        "pullRequests": [
            "26490"
        ]
    },
    "1.4.19": {
        "releaseNotes": "#### Integrations\n##### Microsoft Teams via Webhook\n- Updated the Docker image to: *demisto/python3:3.10.11.61265*.",
        "displayName": "1.4.19 - R5450895",
        "released": "2023-06-05T19:36:42Z",
        "pullRequests": [
            "27028"
        ]
    },
    "1.4.20": {
        "releaseNotes": "#### Integrations\n##### Microsoft Teams Management\n- Updated the Docker image to: *demisto/crypto:1.0.0.63672*.",
        "displayName": "1.4.20 - 5553783",
        "released": "2023-06-17T09:31:59Z",
        "pullRequests": [
            "27500"
        ]
    },
    "1.4.21": {
        "releaseNotes": "#### Integrations\n##### Microsoft Teams\n- Updated the Docker image to: *demisto/teams:1.0.0.63824*.\n- Fixed an issue where a default argument value was missing in some commands.",
        "displayName": "1.4.21 - R5618116",
        "released": "2023-06-26T13:31:18Z",
        "pullRequests": [
            "27443"
        ]
    },
    "1.4.23": {
        "releaseNotes": "#### Integrations\n##### Microsoft Teams\n- Fixed an issue where parameterized URLs would not be properly linked in chat messages.\n\n##### Microsoft Teams via Webhook\n- Updated the Docker image to: *demisto/python3:3.10.12.63474*.",
        "displayName": "1.4.23 - R5692327",
        "released": "2023-07-05T20:08:50Z",
        "pullRequests": [
            "27877"
        ]
    },
    "1.4.24": {
        "releaseNotes": "#### Scripts\n##### MicrosoftTeamsAsk\n- Updated the Docker image to: *demisto/python3:3.10.12.63474*.",
        "displayName": "1.4.24 - R5866730",
        "released": "2023-07-25T19:42:06Z",
        "pullRequests": [
            "28221"
        ]
    },
    "1.4.25": {
        "releaseNotes": "#### Integrations\n##### Microsoft Teams\n- Updated the Docker image to: *demisto/teams:1.0.0.66853*.\n- Documentation and metadata improvements.",
        "displayName": "1.4.25 - 5887180",
        "released": "2023-07-27T19:22:25Z",
        "pullRequests": [
            "28529"
        ]
    },
    "1.4.26": {
        "releaseNotes": "#### Integrations\n##### Microsoft Teams Management\n- Updated the Docker image to: *demisto/crypto:1.0.0.66562*.\n- Maintenance and stability enhancements.",
        "displayName": "1.4.26 - R5969979",
        "released": "2023-08-06T09:26:06Z",
        "pullRequests": [
            "26482"
        ]
    },
    "1.4.27": {
        "releaseNotes": "#### Integrations\n##### Microsoft Teams Management\n- Added support for Microsoft Defender for Application Endpoints in the Microsoft API Module.",
        "displayName": "1.4.27 - 6010750",
        "released": "2023-08-10T11:53:00Z",
        "pullRequests": [
            "27705"
        ]
    },
    "1.4.28": {
        "releaseNotes": "#### Integrations\n##### Microsoft Teams\n- Updated the Docker image to: *demisto/teams:1.0.0.69030*.\n- Improved the exception handling to properly address errors.",
        "displayName": "1.4.28 - 6037382",
        "released": "2023-08-13T15:11:06Z",
        "pullRequests": [
            "28883"
        ]
    },
    "1.4.29": {
        "releaseNotes": "#### Integrations\n##### Microsoft Teams Management\nFixed an issue where changes made to the *Authorization code* parameter were not being reflected in the integration code, resulting in the continued use of the first parameter.",
        "displayName": "1.4.29  -  6106826",
        "released": "2023-08-21T09:26:47Z",
        "pullRequests": [
            "29035",
            "29173"
        ]
    },
    "1.4.30": {
        "releaseNotes": "#### Integrations\n##### Microsoft Teams Management\nFixed an issue where instances using version 1.4.29 of the pack could have authentication issues.",
        "displayName": "1.4.30 - 6133197",
        "released": "2023-08-23T19:36:24Z",
        "pullRequests": [
            "29173"
        ]
    },
    "1.4.31": {
        "releaseNotes": "#### Integrations\n##### Microsoft Teams\nUpdated the documentation that currently, this integration does not work with Cortex XSOAR 8.2 and up without using an engine.",
        "displayName": "1.4.31 - 6143763",
        "released": "2023-08-24T19:24:38Z",
        "pullRequests": [
            "29196"
        ]
    },
    "1.4.32": {
        "releaseNotes": "#### Integrations\n##### Microsoft Teams Management\nAdded an infrastructure support for Microsoft Graph Application Endpoints.",
        "displayName": "1.4.32 - 6170593",
        "released": "2023-08-28T09:27:11Z",
        "pullRequests": [
            "28801"
        ]
    },
    "1.4.33": {
        "releaseNotes": "#### Integrations\n##### Microsoft Teams Management\n- Added a moderate retry mechanism for the authorization HTTP request through oproxy.",
        "displayName": "1.4.33 - 6226805",
        "released": "2023-09-03T19:25:57Z",
        "pullRequests": [
            "29015"
        ]
    },
    "1.4.34": {
        "releaseNotes": "#### Integrations\n##### Microsoft Teams\n- Updated the Docker image to: *demisto/teams:1.0.0.73705*.\n- Improved the token mechanism for handling expired tokens.",
        "displayName": "1.4.34 - R6441813",
        "released": "2023-09-27T19:31:16Z",
        "pullRequests": [
            "29644"
        ]
    },
    "1.4.35": {
        "releaseNotes": "#### Integrations\n##### Microsoft Teams Management\n- Updated the Docker image to: *demisto/crypto:1.0.0.76022*.",
        "displayName": "1.4.35 - R6683114",
        "released": "2023-10-23T19:31:19Z",
        "pullRequests": [
            "30139"
        ]
    },
    "1.4.36": {
        "releaseNotes": "#### Integrations\n##### Microsoft Teams Management\n- Updated the Docker image to: *demisto/crypto:1.0.0.79610*.",
        "displayName": "1.4.36 - 6746892",
        "released": "2023-10-30T19:31:29Z",
        "pullRequests": [
            "30520"
        ]
    },
    "1.4.37": {
        "releaseNotes": "#### Integrations\n##### Microsoft Teams\n- Backend changes to the ***send-message*** command, in order to support the new open-answer form format.\n- Updated the Docker image to: *demisto/teams:1.0.0.79668*.\n\n#### Scripts\n##### MicrosoftTeamsAsk\n- Added support for open-answer forms, where the user can reply with a free text answer, which can be selected using the new **form_type** argument.\n- Updated the Docker image to: *demisto/python3:3.10.13.78960*.",
        "displayName": "1.4.37 - 6769024",
        "released": "2023-11-01T22:32:34Z",
        "pullRequests": [
            "30506"
        ]
    },
    "1.4.38": {
        "releaseNotes": "#### Integrations\n##### Microsoft Teams Management\n- Updated the Docker image to: *demisto/crypto:1.0.0.80694*.",
        "displayName": "1.4.38 - 6955725",
        "released": "2023-11-21T22:07:50Z",
        "pullRequests": [
            "31030"
        ]
    },
    "1.4.40": {
        "releaseNotes": "#### Integrations\n##### Microsoft Teams Management\n- Updated the Docker image to: *demisto/crypto:1.0.0.81835*.",
        "displayName": "1.4.40 - 7029664",
        "released": "2023-11-30T10:32:20Z",
        "pullRequests": [
            "31219"
        ]
    },
    "1.4.41": {
        "releaseNotes": "#### Integrations\n##### Microsoft Teams Management\n- Updated the Docker image to: *demisto/crypto:1.0.0.82278*.",
        "displayName": "1.4.41 - 7066068",
        "released": "2023-12-04T20:28:00Z",
        "pullRequests": [
            "31292"
        ]
    },
    "1.4.42": {
        "releaseNotes": "#### Integrations\n##### Microsoft Teams Management\n- Updated the Docker image to: *demisto/crypto:1.0.0.83343*.",
        "displayName": "1.4.42 - 7209615",
        "released": "2023-12-19T20:23:43Z",
        "pullRequests": [
            "31556"
        ]
    },
    "1.4.44": {
        "releaseNotes": "#### Integrations\n##### Microsoft Teams\n- Added support for Cortex XSOAR 8.\n- Documentation and metadata improvements.\n- Updated the Docker image to: *demisto/teams:1.0.0.83464*.",
        "displayName": "1.4.44 - 719071",
        "released": "2023-12-26T20:18:39Z",
        "pullRequests": [
            "31783"
        ]
    },
    "1.4.45": {
        "releaseNotes": "#### Integrations\n##### Microsoft Teams via Webhook\n- Updated the Docker image to: *demisto/python3:3.10.13.83255*.",
        "displayName": "1.4.45 - 721233",
        "released": "2023-12-27T20:21:39Z",
        "pullRequests": [
            "31808"
        ]
    },
    "1.4.46": {
        "releaseNotes": "#### Scripts\n##### MicrosoftTeamsAsk\n- Updated the Docker image to: *demisto/python3:3.10.13.83255*.",
        "displayName": "1.4.46 - 752611",
        "released": "2024-01-09T20:23:02Z",
        "pullRequests": [
            "32030"
        ]
    },
    "1.4.47": {
        "releaseNotes": "#### Integrations\n##### Microsoft Teams via Webhook\n- Updated the Docker image to: *demisto/python3:3.10.13.84405*.",
        "displayName": "1.4.47 - 767481",
        "released": "2024-01-17T10:28:47Z",
        "pullRequests": [
            "32259"
        ]
    },
    "1.4.48": {
        "releaseNotes": "#### Integrations\n##### Microsoft Teams\n- Documentation and metadata improvements.\n- Updated the Docker image to *demisto/teams:1.0.0.85097*.",
        "displayName": "1.4.48 - 768818",
        "released": "2024-01-17T20:17:53Z",
        "pullRequests": [
            "32258"
        ]
    },
    "1.4.49": {
        "releaseNotes": "#### Integrations\n##### Microsoft Teams\n- Documentation and metadata improvements.",
        "displayName": "1.4.49 - 790822",
        "released": "2024-01-29T10:29:34Z",
        "pullRequests": [
            "32395"
        ]
    },
    "1.4.50": {
        "releaseNotes": "#### Integrations\n##### Microsoft Teams\n- Fixed an issue where ***send-notification*** failed on messages containing a GUID.\n- Updated the Docker image to *demisto/teams:1.0.0.86933*.",
        "displayName": "1.4.50 - 811489",
        "released": "2024-02-07T10:26:11Z",
        "pullRequests": [
            "32531"
        ]
    },
    "1.4.51": {
        "releaseNotes": "#### Integrations\n##### Microsoft Teams Management\n- Updated the Docker image to: *demisto/crypto:1.0.0.87358*.",
        "displayName": "1.4.51 - 842208",
        "released": "2024-02-21T10:51:48Z",
        "pullRequests": [
            "33042"
        ]
    },
    "1.4.52": {
        "releaseNotes": "#### Integrations\n##### Microsoft Teams\n- Documentation and metadata improvements.",
        "displayName": "1.4.52 - 844718",
        "released": "2024-02-22T09:27:21Z",
        "pullRequests": [
            "32949"
        ]
    },
    "1.4.53": {
        "releaseNotes": "#### Integrations\n##### Microsoft Teams\n- Added support for the OAuth consent dialog after the user signs in using the ***microsoft-teams-generate-login-url*** command.\n- Updated the Docker image to: *demisto/teams:1.0.0.88121*.\n##### Microsoft Teams Management\nUpdated the **MicrosoftApiModule** to better handle the Authorization Code flow in the supported integrations.",
        "displayName": "1.4.53 - 860237",
        "released": "2024-02-29T20:25:33Z",
        "pullRequests": [
            "31942"
        ]
    },
    "1.4.54": {
        "releaseNotes": "#### Integrations\n##### Microsoft Teams\n- Fixed an issue where ***microsoft-teams-generate-login-url*** returned an invalid url.\n- ***Breaking Change:*** Removed the *Tenant ID* parameter, since it's not used at all.\n- Updated the docker image to *demisto/teams:1.0.0.88982*.",
        "displayName": "1.4.54 - 867923",
        "released": "2024-03-04T20:23:31Z",
        "pullRequests": [
            "33164"
        ],
        "breakingChanges": true,
        "breakingChangesNotes": "Removed the *Tenant ID* parameter, since it's not used at all."
    },
    "1.4.55": {
        "releaseNotes": "#### Integrations\n##### Microsoft Teams\n- Added the ***microsoft-teams-auth-reset*** command which allows the user to restart the authentication process by resetting the integration context.\n- Updated the docker image to *demisto/teams:1.0.0.89409*.",
        "displayName": "1.4.55 - 898707",
        "released": "2024-03-18T20:20:53Z",
        "pullRequests": [
            "33247"
        ]
    },
    "1.4.56": {
        "releaseNotes": "#### Integrations\n##### Microsoft Teams\n- Documentation and metadata improvements.\n- Note: added documentation to the process of migrating from Cortex XSOAR 6 to Cortex XSOAR 8 and Cortex XSIAM.",
        "displayName": "1.4.56 - 905887",
        "released": "2024-03-21T10:19:26Z",
        "pullRequests": [
            "33433"
        ]
    },
    "1.4.57": {
        "releaseNotes": "#### Integrations\n##### Microsoft Teams Management\n- Added a timeout value to the retry on rate limit mechanism.",
        "displayName": "1.4.57 - 919924",
        "released": "2024-03-28T10:21:36Z",
        "pullRequests": [
            "33566"
        ]
    },
    "1.4.58": {
        "releaseNotes": "#### Scripts\n##### ConfigureAzureApplicationAccessPolicy\n- Updated the Docker image to: *demisto/powershell-teams:1.0.0.80546*.",
        "displayName": "1.4.58 - 938811",
        "released": "2024-04-07T09:27:05Z",
        "pullRequests": [
            "33641",
            "33516",
            "33519",
            "33515",
            "33329",
            "33314",
            "33318",
            "33328",
            "33357",
            "33344",
            "33359",
            "33458",
            "33535",
            "33534",
            "33537",
            "33552",
            "33580",
            "33553",
            "33418",
            "33583",
            "33555",
            "33556",
            "33559",
            "33560",
            "33619",
            "33591",
            "33602",
            "33600",
            "33314",
            "33318",
            "33328",
            "33357",
            "33344",
            "33359",
            "33458"
        ]
    },
    "1.4.59": {
        "releaseNotes": "#### Integrations\n##### Microsoft Teams Management\n- Fixed an issue in **MicrosoftApiModule** where the GCC endpoints were incorrect.",
        "displayName": "1.4.59 - 1021616",
        "released": "2024-05-16T19:24:26Z",
        "pullRequests": [
            "34360"
        ]
    },
    "1.4.60": {
        "releaseNotes": "#### Integrations\n##### Microsoft Teams\n- Updated the **microsoft-teams-generate-login-url** command to better handle the Authorization Code flow in the supported integrations.\n\n##### Microsoft Teams Management\n- Added support for Microsoft Defender 365 Endpoint in the Microsoft API Module.\n- Updated the **MicrosoftApiModule** to better handle the Authorization Code flow in the supported integrations.",
        "displayName": "1.4.60 - R1061293",
        "released": "2024-06-02T09:38:15Z",
        "pullRequests": [
            "34495"
        ]
    },
    "1.4.61": {
        "releaseNotes": "#### Integrations\n##### Microsoft Teams Management\n- Fixed an issue in where the GCC endpoints were incorrect in the supported integrations.",
        "displayName": "1.4.61 - 1066075",
        "released": "2024-06-03T19:18:34Z",
        "pullRequests": [
            "34634"
        ]
    },
    "1.4.62": {
        "releaseNotes": "#### Integrations\n##### Microsoft Teams\n- Documentation and metadata improvements.\n- Updated the docker image to *demisto/teams:1.0.0.98020*.",
        "displayName": "1.4.62 - 1089105",
        "released": "2024-06-13T09:21:26Z",
        "pullRequests": [
            "34833"
        ]
    },
    "1.4.63": {
        "releaseNotes": "#### Integrations\n##### Microsoft Teams\n- ***Breaking Changes*** Updated the ***Minimum incident severity to send notifications to Teams by*** parameter to be hidden in XSIAM, since it is not supported.\n- Updated the docker image to *demisto/teams:1.0.0.99724*.",
        "displayName": "1.4.63 - 1124076",
        "released": "2024-06-26T09:22:26Z",
        "pullRequests": [
            "34731"
        ],
        "breakingChanges": true,
        "breakingChangesNotes": "Hid the `Minimum incident severity to send notifications to Teams by` parameter, since it is not supported on XSIAM."
    },
    "1.4.64": {
        "releaseNotes": "#### Scripts\n##### ConfigureAzureApplicationAccessPolicy\n- Updated the Docker image to: *demisto/powershell-teams:1.0.0.92908*.",
        "displayName": "1.4.64 - 1129454",
        "released": "2024-06-27T19:19:12Z",
        "pullRequests": [
            "35076",
            "34760"
        ]
    }
}