{
    "1.0.0": {
        "releaseNotes": "A pack that contains community dashboards",
        "displayName": "1.0.0 - 7033788",
        "released": "2023-11-30T20:22:58Z",
        "pullRequests": []
    },
    "2.0.0": {
        "releaseNotes": "#### Dashboards\n##### New: XSOAR Value Metrics\n- Added dashboard.\n\n#### Scripts\n##### New: XSOARValueMetrics\n- Added automation to collect and store monthly metrics in lists.\n\n##### New: XMetrics\n- Added script widget for monthly metric.",
        "displayName": "2.0.0 - 940291",
        "released": "2024-04-07T19:26:56Z",
        "pullRequests": [
            "33369",
            "33775"
        ]
    },
    "2.0.1": {
        "releaseNotes": "#### Scripts\n##### XMetricsTotal\nDocumentation and metadata improvements.\n\n##### XMetrics\nDocumentation and metadata improvements.",
        "displayName": "2.0.1 - 1000160",
        "released": "2024-05-07T09:25:16Z",
        "pullRequests": [
            "33388"
        ]
    },
    "2.0.2": {
        "releaseNotes": "#### Scripts\n##### XSOARValueMetrics\n- Added the argument **computeduration** to compute the incident's open duration from the created and closed fields.\n- Updated the Docker image to: *demisto/pandas:1.0.0.92764*.",
        "displayName": "2.0.2 - 1027410",
        "released": "2024-05-20T09:26:48Z",
        "pullRequests": [
            "34317",
            "34438"
        ]
    },
    "2.0.3": {
        "releaseNotes": "#### Dashboards\n##### CISOMetrics\nAdded the CISOMetrics dashboard to Cortex XSOAR on-prem marketplace.",
        "displayName": "2.0.3 - 1120391",
        "released": "2024-06-25T09:23:31Z",
        "pullRequests": [
            "34986"
        ]
    },
    "2.0.4": {
        "releaseNotes": "#### Dashboards\n##### CISOMetrics\n- Added support for XSOAR marketplace.",
        "displayName": "2.0.4 - 1557782",
        "released": "2024-10-28T20:26:10Z",
        "pullRequests": [
            "36861"
        ]
    }
}