{"2.0.30":{"releaseNotes":"Changes are not relevant for XSOAR marketplace.","displayName":"2.0.30 - R1051712","released":"2024-05-28T19:27:36Z","pullRequests":["33090"]},"2.1.0":{"releaseNotes":"Changes are not relevant for XSOAR marketplace.","displayName":"2.1.0 - 1112736","released":"2024-06-23T09:17:31Z","pullRequests":["34255"]},"2.1.1":{"releaseNotes":"#### Integrations\n##### GitHub\n- Updated the Docker image to: *demisto/auth-utils:1.0.0.100419*.","displayName":"2.1.1 - 1142826","released":"2024-07-02T21:07:37Z","pullRequests":["35045"]},"2.1.2":{"releaseNotes":"Changes are not relevant for XSOAR marketplace.","displayName":"2.1.2 - 1155254","released":"2024-07-07T19:17:17Z","pullRequests":["35284"]},"2.1.3":{"releaseNotes":"#### Integrations\n##### GitHub\n- Updated the Docker image to: *demisto/auth-utils:1.0.0.115527*.","displayName":"2.1.3 - 1615839","released":"2024-11-10T10:29:56Z","pullRequests":["37120","37113"]},"2.1.4":{"releaseNotes":"#### Integrations\n##### GitHub IAM\n- Updated the Docker image to: *demisto/python3:3.11.10.116439*.","displayName":"2.1.4 - R2988527","released":"2025-03-26T20:24:59Z","pullRequests":["37271"]},"2.1.5":{"releaseNotes":"#### Integrations\n##### GitHub\n- Added support for *placeholders_escaped* argument in the **Github-commit-file** command.\n- Updated the Docker image to: *demisto/auth-utils:1.0.0.2025089*.","displayName":"2.1.5 - 3018025","released":"2025-03-31T11:03:39Z","pullRequests":["39072"]},"2.1.6":{"releaseNotes":"#### Integrations\n##### GitHub IAM\n- Documentation and metadata improvements.\n\n##### GitHub\n- Documentation and metadata improvements.","displayName":"2.1.6 - R3392471","released":"2025-05-13T10:44:17Z","pullRequests":["39131"]},"2.1.7":{"releaseNotes":"#### Integrations\n##### GitHub IAM\n- Added support for the 'Preference Center' feature for selected commands.\n- Updated the Docker image to: *demisto/python3:3.12.8.3296088*.","displayName":"2.1.7 - 3802487","released":"2025-06-15T20:30:29Z","pullRequests":["40192"]},"2.1.8":{"releaseNotes":"#### Integrations\n##### GitHub\n- Fixed an issue where reconfiguring an integration instance would not properly update to a new API Token, instead retaining an old one.\n- Updated the Docker image to: *demisto/auth-utils:1.0.0.3815669*.","displayName":"2.1.8 - 3880452","released":"2025-06-19T20:31:48Z","pullRequests":["40278"]},"2.1.9":{"releaseNotes":"Changes are not relevant for XSOAR marketplace.","displayName":"2.1.9 - R5469292","released":"2025-10-20T10:39:04Z","pullRequests":["40523"]},"2.1.10":{"releaseNotes":"Changes are not relevant for XSOAR marketplace.","displayName":"2.1.10 - 5636304","released":"2025-10-29T17:11:16Z","pullRequests":["41629"]}}