{
    "1.17.0": {
        "releaseNotes": "#### Integrations\n##### Palo Alto Networks PAN-OS\n- Added support for the ***fetch-incidents*** command to support multiple devices.\n- Improved implementation of the ***fetch-incidents*** command by changing the name of the incident in the Cortex XSOAR machine, from ID to device name and ID, and receiving the fetched incidents in ascending order instead of descending.  \n- Updated the Docker image to: *demisto/pan-os-python:1.0.0.58557*.",
        "displayName": "1.17.0 - 5262746",
        "released": "2023-05-14T09:35:41Z",
        "pullRequests": [
            "26226"
        ],
        "breakingChanges": true,
        "breakingChangesNotes": "When using the fetch-incidents command, the name of incidents saved in XSOAR was changed from ID to device name and ID."
    },
    "1.17.1": {
        "releaseNotes": "#### Integrations\n##### Palo Alto Networks PAN-OS\n- Fixed an issue where the documentation link was old.",
        "displayName": "1.17.1 - 5277943",
        "released": "2023-05-16T09:32:31Z",
        "pullRequests": [
            "26388"
        ]
    },
    "1.17.2": {
        "releaseNotes": "#### Integrations\n##### Palo Alto Networks PAN-OS\n- Updated the description of the *query* argument in the ***pan-os-list-rules*** command.\n- Updated the Docker image to: *demisto/pan-os-python:1.0.0.61213*.",
        "displayName": "1.17.2 - 5356324",
        "released": "2023-05-24T15:30:49Z",
        "pullRequests": [
            "26949"
        ]
    },
    "1.17.3": {
        "releaseNotes": "#### Integrations\n##### Palo Alto Networks PAN-OS\n- Fixed an issue where the ***pan-os-get-address*** command failed when the address is not found.\n- Updated the Docker image to: *demisto/pan-os-python:1.0.0.61510*.",
        "displayName": "1.17.3 - 5385135",
        "released": "2023-05-28T09:36:18Z",
        "pullRequests": [
            "26979"
        ]
    },
    "1.17.4": {
        "releaseNotes": "#### Integrations\n##### Palo Alto Networks PAN-OS\n- Fixed an issue where ***pan-os-list-rules*** command was filtering by *tag* instead of *tags* argument.",
        "displayName": "1.17.4 - R5450895",
        "released": "2023-06-05T19:33:52Z",
        "pullRequests": [
            "27188"
        ]
    },
    "1.17.5": {
        "releaseNotes": "#### Integrations\n##### Palo Alto Networks PAN-OS\n- Fixed an issue where the ***pan-os-apply-security-profile*** command didn't work for panorama instances.",
        "displayName": "1.17.5 - 5465590",
        "released": "2023-06-07T09:34:45Z",
        "pullRequests": [
            "27237"
        ]
    },
    "1.17.6": {
        "releaseNotes": "#### Integrations\n##### Palo Alto Networks PAN-OS\nAdded the following new commands to manage Panorama tags:\n- ***pan-os-list-tag***\n- ***pan-os-create-tag***\n- ***pan-os-edit-tag***\n- ***pan-os-delete-tag***",
        "displayName": "1.17.6 - 5476421",
        "released": "2023-06-08T09:34:50Z",
        "pullRequests": [
            "27044"
        ]
    },
    "1.17.7": {
        "releaseNotes": "#### Integrations\n##### Palo Alto Networks PAN-OS\n- Updated the ***pan-os-create-rule*** command to support comma-separated list of values for the *source_user* argument.\n- Updated Docker image to *demisto/pan-os-python:1.0.0.62889*.",
        "displayName": "1.17.7 - R5514256",
        "released": "2023-06-13T09:38:23Z",
        "pullRequests": [
            "27040"
        ]
    },
    "1.17.8": {
        "releaseNotes": "#### Integrations\n##### Palo Alto Networks PAN-OS\n- Added a new ***pan-os-remove-security-profile*** command for support for removing security profiles from rules.\n- Updated the Docker image to: *demisto/pan-os-python:1.0.0.63723*.",
        "displayName": "1.17.8 - 5549540",
        "released": "2023-06-16T19:28:33Z",
        "pullRequests": [
            "27432"
        ]
    },
    "1.17.9": {
        "releaseNotes": "#### Integrations\n##### Palo Alto Networks PAN-OS\n- Added the following fields to the context output of the *pan-os-list-rules* command:\n  - **CustomUrlCategory**\n  - **SourceDevice**\n  - **Options.QoSMarking**\n  - **Description**\n  - **Type**\n  - **Options.DisableServerResponseInspection**\n  - **Options.LogForwarding**\n  - **SecurityProfileGroup**\n  - **SecurityProfile.url-filtering**\n  - **SecurityProfile.data-filtering**\n  - **SecurityProfile.file-blocking**\n  - **SecurityProfile.virus**\n  - **SecurityProfile.spyware**\n  - **SecurityProfile.vulnerability**\n  - **SecurityProfile.wildfire-analysis**\n  - **Tags**\n  - **DestinationDevice**\n  - **Disabled**\n  - **LogForwardingProfile**\n  - **NegateSource**\n  - **ICMPUnreachable**\n  - **NegateDestination**\n  - **Target.devices**\n  - **Options.LogAtSessionStart**\n  - **GroupTag**\n  - **Options.Schedule**\n  - **Target.negate**\n  - **SourceUser**\n- Updated the Docker image to demisto/pan-os-python:1.0.0.63723.",
        "displayName": "1.17.9  -  5560707",
        "released": "2023-06-18T19:29:31Z",
        "pullRequests": [
            "27069",
            "27443"
        ]
    },
    "1.17.10": {
        "releaseNotes": "#### Integrations\n##### Palo Alto Networks PAN-OS\n- Added support for removing and adding group profile settings in the ***pan-os-edit-rule*** command.",
        "displayName": "1.17.10 - 5564339",
        "released": "2023-06-19T09:31:13Z",
        "pullRequests": [
            "27449"
        ]
    },
    "1.17.11": {
        "releaseNotes": "#### Integrations\n##### Palo Alto Networks PAN-OS\nFixed an issue where a default argument value was missing in some commands.",
        "displayName": "1.17.11 - 5567341",
        "released": "2023-06-19T19:28:18Z",
        "pullRequests": [
            "27443"
        ]
    },
    "1.17.12": {
        "releaseNotes": "#### Integrations\n##### Palo Alto Networks PAN-OS\n- Fixed an issue where the ***pan-os-apply-dns-signature-policy*** command failed when using the sinkhole action due to lack of default IPv4/Ipv6 sinkhole IP addresses.",
        "displayName": "1.17.12 - R5692327",
        "released": "2023-07-05T20:04:39Z",
        "pullRequests": [
            "27622"
        ]
    },
    "1.17.13": {
        "releaseNotes": "#### Scripts\n##### PanoramaSecurityPolicyMatchWrapper\n- Updated the Docker image to: *demisto/python3:3.10.12.63474*.\n\n##### PanoramaCVECoverage\n- Updated the Docker image to: *demisto/python3:3.10.12.63474*.",
        "displayName": "1.17.13 - 5720652",
        "released": "2023-07-09T09:52:49Z",
        "pullRequests": [
            "27997"
        ]
    },
    "1.17.14": {
        "releaseNotes": "#### Integrations\n##### Palo Alto Networks PAN-OS\n- Fixed an issue where the ***pan-os-create-tag*** command didn't work for Firewall instances.\n- Added support for the ***pan-os-edit-rule*** command that allows tags to be removed even if rule tags' elements remain empty.\n- Updated the Docker image to: *demisto/pan-os-python:1.0.0.64668*.",
        "displayName": "1.17.14 - R5801668",
        "released": "2023-07-18T19:45:19Z",
        "pullRequests": [
            "27943"
        ]
    },
    "1.17.15": {
        "releaseNotes": "#### Integrations\n##### Palo Alto Networks PAN-OS\n- Fixed an issue where the ***pan-os-create-tag*** command didn't work without the *comment* argument for Firewall instances.",
        "displayName": "1.17.15 - R5866730",
        "released": "2023-07-25T19:39:00Z",
        "pullRequests": [
            "28263"
        ]
    },
    "1.17.16": {
        "releaseNotes": "#### Integrations\n##### Palo Alto Networks PAN-OS\n- Fixed an issue in the command **pan-os-apply-security-profile** where it failed with the error `argument of type 'NoneType' is not iterable` when no profile types were found.\n- Updated the Docker image to: *demisto/pan-os-python:1.0.0.65924*.",
        "displayName": "1.17.16 - 5872601",
        "released": "2023-07-26T09:28:55Z",
        "pullRequests": [
            "28405"
        ]
    },
    "1.17.17": {
        "releaseNotes": "#### Integrations\n##### Palo Alto Networks PAN-OS\n- Fixed an issue where the **pan-os-edit-rule** command was not working in case the rule had changes that were not committed.\n- Updated the Docker image to: *demisto/pan-os-python:1.0.0.66894*.",
        "displayName": "1.17.17 - 5940472",
        "released": "2023-08-02T19:27:38Z",
        "pullRequests": [
            "28533"
        ]
    },
    "1.17.18": {
        "releaseNotes": "#### Integrations\n##### Palo Alto Networks PAN-OS\n- Updated the description for the command **pan-os-platform-get-device-groups** in the yml and the readme.",
        "displayName": "1.17.18 - 5955738",
        "released": "2023-08-04T09:20:51Z",
        "pullRequests": [
            "28560"
        ]
    },
    "1.17.19": {
        "releaseNotes": "##### PAN-OS\n\n- Locked dependencies of the pack to ensure stability for versioned core packs. No changes in this release.",
        "displayName": "1.17.19 - 5969979",
        "released": "2023-08-06T09:20:52Z",
        "pullRequests": [
            "28753"
        ]
    },
    "1.17.20": {
        "releaseNotes": "#### Integrations\n##### Palo Alto Networks PAN-OS\n- Added the ***pan-os-list-device-groups*** command which retrieves all the device groups in Panorama.\n- Updated the Docker image to: *demisto/pan-os-python:1.0.0.68093*.",
        "displayName": "1.17.20 - 5987442",
        "released": "2023-08-08T09:23:19Z",
        "pullRequests": [
            "28156",
            "28825"
        ]
    },
    "2.1.0": {
        "releaseNotes": "#### Playbooks\n##### New: PAN-OS - Configure DNS Sinkhole\nNew: This playbook creates a DNS sinkhole in PAN-OS Next Generation Firewalls.\n-\n\n##### New: PAN-OS - Extract IPs From Traffic Logs To Sinkhole\nNew: This playbook searches PAN-OS traffic logs and returns the list of IP addresses that communicated with the PAN-OS sinkhole address.\n\n##### New: PAN-OS - Add Anti-Spyware Security Profile To Rule\nNew: This playbook adds an Anti-Spyware Security Profile to a security rule in PAN-OS Next Generation Firewalls in a safe manner. (Available from Cortex XSOAR 6.8.0).\n\n##### New: PAN-OS - Job - Add Malicious Domains To Sinkhole\nNew: This playbook should be run as a job. The playbook runs on domain indicators and performs various checks to decide if they should be sinkholed. Domains that should be sinkholed will be tagged accordingly, and it is expected that the user configures an EDL to sinkhole the tagged domains. (Available from Cortex XSOAR 6.9.0).\n\n##### New: PAN-OS - Job - Remove Malicious Domains From Sinkhole\nNew: This playbook should be run as a job. It is used to periodically remove the specified tag from domain indicators. It should be used in conjunction with the \"PAN-OS - Job - Add Malicious Domains To Sinkhole\" playbook, to stop domains from being sinkholed after a specified amount of time. (Available from Cortex XSOAR 6.9.0).",
        "displayName": "2.1.0 - 6010750",
        "released": "2023-08-10T11:51:34Z",
        "pullRequests": [
            "28197"
        ]
    },
    "2.1.1": {
        "releaseNotes": "#### Integrations\n##### Palo Alto Networks PAN-OS\n- Fixed an issue where the ***pan-os-get-address-group*** command did not get address groups that were not committed.\n- Updated the Docker image to: *demisto/pan-os-python:1.0.0.68955*.",
        "displayName": "2.1.1 - 6035467",
        "released": "2023-08-13T09:24:08Z",
        "pullRequests": [
            "28885"
        ]
    },
    "2.1.2": {
        "releaseNotes": "#### Integrations\n##### Palo Alto Networks PAN-OS\n- Fixed an issue where the ***pan-os-commit*** command did not take into account the *description* argument.",
        "displayName": "2.1.2 - 6069807",
        "released": "2023-08-16T19:22:11Z",
        "pullRequests": [
            "28963"
        ]
    },
    "2.1.3": {
        "releaseNotes": "#### Integrations\n##### Palo Alto Networks PAN-OS\n- Fixed an issue in the date parsing for the argument **time-generated** for the command **pan-os-query-logs**.\n- Enhanced **time-generated-after** and **time-generated-after** to support natural language time inputs such as \"5 hours\", \"30 minutes\" and more.  \n- Added the argument **time-generated-after** that get logs after the given date for the command **pan-os-query-logs**.",
        "displayName": "2.1.3 - R6111315",
        "released": "2023-08-21T19:27:05Z",
        "pullRequests": [
            "28634"
        ]
    },
    "2.1.4": {
        "releaseNotes": "#### Integrations\n##### Palo Alto Networks PAN-OS\n- Updated the Docker image to: *demisto/pan-os-python:1.0.0.72295*.",
        "displayName": "2.1.4 - R6259960",
        "released": "2023-09-07T11:01:34Z",
        "pullRequests": [
            "29396"
        ]
    },
    "2.1.5": {
        "releaseNotes": "##### PAN-OS\n\n- Locked dependencies of the pack to ensure stability for versioned core packs. No changes in this release.",
        "displayName": "2.1.5 - 6285754",
        "released": "2023-09-10T20:40:28Z",
        "pullRequests": [
            "29466"
        ]
    },
    "2.1.6": {
        "releaseNotes": "#### Integrations\n##### Palo Alto Networks PAN-OS\n- Updated the Docker image to: *demisto/pan-os-python:1.0.0.73711*.",
        "displayName": "2.1.6 - 6303396",
        "released": "2023-09-12T19:21:57Z",
        "pullRequests": [
            "29611"
        ]
    },
    "2.1.7": {
        "releaseNotes": "#### Playbooks\n##### PAN-OS - Block Destination Service\n- Updated the playbook to check if the address object had already been created.\n- Added the following inputs:\n   - WhereRule\n   - SourceZone\n   - DestinationZone",
        "displayName": "2.1.7 - 6323817",
        "released": "2023-09-14T19:27:10Z",
        "pullRequests": [
            "29223",
            "29686"
        ]
    },
    "2.1.8": {
        "releaseNotes": "#### Integrations\n##### Palo Alto Networks PAN-OS\n- Added a new integration parameter *Log type max number of pull attempts* that allows setting the maximal number of attempts the integration tries to pull results for each log type when fetching incidents.",
        "displayName": "2.1.8 - 6353142",
        "released": "2023-09-18T09:24:14Z",
        "pullRequests": [
            "29672"
        ]
    },
    "2.1.9": {
        "releaseNotes": "#### Scripts\n##### PanoramaCVECoverage\n- Updated the Docker image to: *demisto/python3:3.10.13.74666*.\n\n##### PanoramaSecurityPolicyMatchWrapper\n- Updated the Docker image to: *demisto/python3:3.10.13.74666*.",
        "displayName": "2.1.9 - R6592021",
        "released": "2023-10-13T09:23:41Z",
        "pullRequests": [
            "29921",
            "29826"
        ]
    },
    "2.1.10": {
        "releaseNotes": "#### Playbooks\n##### PAN-OS - Block Destination Service\n- Added the `SecondaryDeviceGroup` input in the case that we want to add the block rule to the \"Shared\" location and still push to applicable device-groups.",
        "displayName": "2.1.10 - 6628753",
        "released": "2023-10-17T19:26:28Z",
        "pullRequests": [
            "30218",
            "30156"
        ]
    },
    "2.1.11": {
        "releaseNotes": "#### Integrations\n##### Palo Alto Networks PAN-OS\n- Updated the Docker image to: *demisto/pan-os-python:1.0.0.79261*.",
        "displayName": "2.1.11 - R6699754",
        "released": "2023-10-25T09:34:05Z",
        "pullRequests": [
            "30333"
        ]
    },
    "2.1.12": {
        "releaseNotes": "#### Integrations\n##### Palo Alto Networks PAN-OS\n- Added a new command **pan-os-export-tech-support-file** to export a tech support file (TSF) from PAN-OS.\n- Fixed an issue where argument **is_xml** of command **pan-os** was not used.\n- Updated the Docker image to: *demisto/pan-os-python:1.0.0.80157*.",
        "displayName": "2.1.12 - 6872543",
        "released": "2023-11-13T10:32:44Z",
        "pullRequests": [
            "30717",
            "29564"
        ]
    },
    "2.1.13": {
        "releaseNotes": "#### Integrations\n##### Palo Alto Networks PAN-OS\n- Fixed an issue where the `url` command readable output contained Cortex XSOAR Transform Language syntax.",
        "displayName": "2.1.13 - 6887992",
        "released": "2023-11-14T20:29:25Z",
        "pullRequests": [
            "30648"
        ]
    },
    "2.1.14": {
        "releaseNotes": "#### Integrations\n##### Palo Alto Networks PAN-OS\n- Added the argument *show-detail* to the command *pan-os-query-logs*, to retrieve the full data of the fields *after-change-preview*, and *before-change-preview*, under the fields *after-change-detail*, and *before-change-detail* in the raw response.",
        "displayName": "2.1.14 - 6906425",
        "released": "2023-11-16T10:23:38Z",
        "pullRequests": [
            "30531"
        ]
    },
    "2.1.15": {
        "releaseNotes": "#### Integrations\n##### Palo Alto Networks PAN-OS\n- Fixed an issue where the ***pan-os-list-rules*** command failed to parse the response correctly.\n- Updated the Docker image to: *demisto/pan-os-python:1.0.0.81877*.",
        "displayName": "2.1.15 - 7033788",
        "released": "2023-11-30T20:22:15Z",
        "pullRequests": [
            "31168"
        ]
    },
    "2.1.16": {
        "releaseNotes": "#### Playbooks\n##### PAN-OS Commit Configuration\n- Deprecated. Use PAN-OS Commit Configuration v2 instead.\n\n##### New: PAN-OS Commit Configuration v2\n- New: Commit the PAN-OS Panorama or Firewall configuration. If specified as Panorama, it also pushes the policies to the specified Device Group in the instance. (Available from Cortex XSOAR 6.10.0).",
        "displayName": "2.1.16 - 7190203",
        "released": "2023-12-17T20:19:19Z",
        "pullRequests": [
            "31411"
        ]
    },
    "2.1.17": {
        "releaseNotes": "#### Integrations\n##### Palo Alto Networks PAN-OS\n- Fixed an issue where the **pan-os-platform-get-template-stacks** command failed to parse the response correctly when the *hostname* was missing.\n- Updated the Docker image to: *demisto/pan-os-python:1.0.0.83880*.",
        "displayName": "2.1.17 - 721233",
        "released": "2023-12-27T20:21:32Z",
        "pullRequests": [
            "31203",
            "31201",
            "31202",
            "31200",
            "31206",
            "31205",
            "31204",
            "31208",
            "31207",
            "31211",
            "31214",
            "31215",
            "31216",
            "31218",
            "31217",
            "31082",
            "31219",
            "31193",
            "31135",
            "31161",
            "31195",
            "31221",
            "31186",
            "31222",
            "31196",
            "31197",
            "30641",
            "31213",
            "30647",
            "31225",
            "30873",
            "31168",
            "31228",
            "31226",
            "31236",
            "30393",
            "31233",
            "31242",
            "31183",
            "31245",
            "31254",
            "30525",
            "30501",
            "31268",
            "31179",
            "31170",
            "31247",
            "31084",
            "30663",
            "31190",
            "30712",
            "31252",
            "30493",
            "25523",
            "31144",
            "31265"
        ]
    },
    "2.1.18": {
        "releaseNotes": "#### Integrations\n##### Palo Alto Networks PAN-OS\n- Updated the Docker image to: *demisto/pan-os-python:1.0.0.84788*.",
        "displayName": "2.1.18 - 771322",
        "released": "2024-01-18T20:21:32Z",
        "pullRequests": [
            "32293"
        ]
    },
    "2.1.19": {
        "releaseNotes": "#### Integrations\n##### Palo Alto Networks PAN-OS\n- Documentation and metadata improvements.\n- Updated the Docker image to: *demisto/pan-os-python:1.0.0.85910*.",
        "displayName": "2.1.19 - 775948",
        "released": "2024-01-21T20:18:05Z",
        "pullRequests": [
            "32038"
        ]
    },
    "2.1.20": {
        "releaseNotes": "## PAN-OS by Palo Alto Networks\n\n- Locked dependencies of the pack to ensure stability for versioned core packs. No changes in this release.",
        "displayName": "2.1.20 - R828628",
        "released": "2024-02-14T20:22:26Z",
        "pullRequests": [
            "32331"
        ]
    },
    "2.1.21": {
        "releaseNotes": "#### Integrations\n##### Palo Alto Networks PAN-OS\n- Updated the Docker image to: *demisto/pan-os-python:1.0.0.87401*.",
        "displayName": "2.1.21 - 839519",
        "released": "2024-02-20T10:29:06Z",
        "pullRequests": [
            "32999"
        ]
    },
    "2.1.22": {
        "releaseNotes": "#### Integrations\n##### Palo Alto Networks PAN-OS\n- Added the feature to append a filename string to the run-config and device state files for the following commands:\n ***pan-os-platform-get-device-state***\n ***pan-os-get-running-config***",
        "displayName": "2.1.22 - 851225",
        "released": "2024-02-25T20:25:05Z",
        "pullRequests": [
            "31985",
            "33088"
        ]
    },
    "2.1.23": {
        "releaseNotes": "#### Integrations\n##### Palo Alto Networks PAN-OS\n- Added a new command ***pan-os-get-audit-comment***.\n- Added the *audit-comment* argument to the following commands:\n    - ***pan-os-create-rule***\n    - ***pan-os-create-pbf-rule***\n    - ***pan-os-create-nat-rule***\n- Added the new option *audit-comment* to the *element_to_change* argument in the following commands:\n    - ***pan-os-edit-pbf-rule***\n    - ***pan-os-edit-nat-rule***\n- Added the *ip-wildcard* data to the ***pan-os-list-addresses*** outputs.\n- Updated the Docker image to: *demisto/pan-os-python:1.0.0.88899*.",
        "displayName": "2.1.23 - 867923",
        "released": "2024-03-04T20:23:24Z",
        "pullRequests": [
            "32790"
        ]
    },
    "2.1.24": {
        "releaseNotes": "#### Integrations\n##### Palo Alto Networks PAN-OS\n- Added the following new commands to manage a Panorama security profile group:\n    - ***pan-os-list-security-profile-group***\n    - ***pan-os-create-security-profile-group***\n    - ***pan-os-edit-security-profile-group***\n    - ***pan-os-delete-security-profile-group***\n- Updated the Docker image to: *demisto/pan-os-python:1.0.0.89330*.",
        "displayName": "2.1.24 - 889167",
        "released": "2024-03-13T20:30:50Z",
        "pullRequests": [
            "33064"
        ]
    },
    "2.1.26": {
        "releaseNotes": "#### Integrations\n##### Palo Alto Networks PAN-OS\n- Updated the Docker image to: *demisto/pan-os-python:1.0.0.91683*.",
        "displayName": "2.1.26 - 998827",
        "released": "2024-05-06T19:25:47Z",
        "pullRequests": [
            "33669"
        ]
    }
}