{"1.6.3":{"releaseNotes":"#### Scripts\n##### TagIndicatorButton\n- Updated the Docker image to: *demisto/python3:3.10.13.89009*.\n##### CreatePrismaCloudComputeLink\n- Updated the Docker image to: *demisto/python3:3.10.13.89009*.\n##### CreatePrismaCloudComputeComplianceReportButton\n- Updated the Docker image to: *demisto/python3:3.10.13.89009*.","displayName":"1.6.3 - 904622","released":"2024-03-20T20:24:32Z","pullRequests":["33391","33314","33318","33328","33357","33344","33359","33348"],"breakingChanges":true},"1.7.0":{"releaseNotes":"#### Incident Fields\n- New: **Prisma Cloud Compute Container Compliance Issues**\n- New: **Prisma Cloud Compute Host Compliance Issues**\n- New: **Prisma Cloud Compute Image Compliance Issues**\n- New: **Prisma Cloud Compute Show Compliance Tab**\n- New: **Prisma Cloud Compute Tickets Info**\n\n#### Incident Types\n**Prisma Cloud Compute Compliance v2**\n\n#### Integrations\n##### Palo Alto Networks - Prisma Cloud Compute\n- Configured a default mapper and classifier.\n- Increased the http call timeout from 10 seconds to 30 seconds.\n\n#### Layouts\n- **New: Prisma Cloud Compute Compliance Incident v2**\nNew: A new compliance incident layout with improved and enhanced content.\n- New tabs for each resource type for showing compliance issues.\n- New tab for showing enriched compliance information for specific resource.\n- New tab for showing external ticketing systems information.\n\n#### Mappers\n##### Palo Alto Networks Prisma Cloud Compute - Incoming Mapper\n- Mapped `Compliance Notes` and `Alert Category`.\n\n#### Playbooks\n##### New: Prisma Cloud Compute - Compliance Alert Container Enrichment Loop\nNew: This is a sub playbook of the \"Prisma Cloud Compute - Compliance Alert v2\" playbook.\nIt will loop through all of the given compliance issue IDs and will retrieve the following information for each affected container based on the compliance issue ID:\n- Container ID\n- Compliance Issues\n- Compliance Distribution\n- Hostname\n- Image Name\n- Cloud MetaData\nThe enriched information will be displayed in the layout in a dedicated table under the \"Container Compliance Information\" tab.\n\n##### New: Prisma Cloud Compute - Compliance Alert Host Enrichment Loop\nNew: This is a sub playbook of the \"Prisma Cloud Compute - Compliance Alert v2\" playbook.\nIt will loop through all of the given compliance issue IDs and will retrieve the following information for each affected host based on the compliance issue ID:\n- Hostname\n- Compliance Issues\n- Compliance Distribution\n- Cloud MetaData\nThe enriched information will be displayed in the layout in a dedicated table under the \"Host Compliance Information\" tab.\n\n##### New: Prisma Cloud Compute - Compliance Alert Image Enrichment Loop\nNew: This is a sub playbook of the \"Prisma Cloud Compute - Compliance Alert v2\" playbook.\nIt will loop through all of the given compliance issue IDs and will retrieve the following information for each affected image based on the compliance issue ID:\n- Image ID\n- Compliance Issues\n- Compliance Distribution\n- Hosts\n- Image Instances\n- Cloud MetaData\nThe enriched information will be displayed in the layout in a dedicated table under the \"Image Compliance Information\" tab.\n\n##### New: Prisma Cloud Compute - Compliance Alert v2\nNew: Playbook for enriching Prisma Cloud Compute compliance alerts.\nIt will handle hosts, images and container compliance alerts.\nEach sub playbook in this playbook is dedicated to a specific resource type: host, container or image, and will loop through all of the retrieved Compliance Issue IDs in order to retrieve enriched information about each of the resources.\nThe enriched information will be displayed in the layout under dedicated tabs and includes resources information like hostnames, container ID, image ID, cloud provider info, enriched compliance issue details and more.\nIn addition, the playbook can create and update external ticketing systems for each compliance issue automatically with the relevant enriched information. In order to do so, fill the relevant playbook inputs.\n\n##### New: Prisma Cloud Compute - Jira Compliance Issue\nNew: This playbook is a sub playbook of the \"Prisma Cloud Compute - Compliance Alert Host Enrichment Loop\" playbook.\nIt creates a new Jira issue or updates an existing Jira issue for each compliance ID retrieved in the original Prisma Cloud compliance alert, with enriched data for each resource (host, image or container).\n\n##### New: Prisma Cloud Compute - Jira Ticket (Markdown Table)\nNew: This playbook is a sub playbook of the \"Prisma Cloud Compute - Jira Compliance Issue\" playbook.\nIt creates a new Jira issue or updates an existing Jira issue with a markdown table for the given compliance ID retrieved from the parent playbook, with enriched data for each resource (host, image or container).\n\n##### New: Prisma Cloud Compute - Jira Ticket (XLSX)\nNew: This playbook is a sub playbook of the \"Prisma Cloud Compute - Jira Compliance Issue\" playbook.\nIt creates a new Jira issue or updates an existing Jira issue with an XLSX file for the given compliance ID retrieved from the parent playbook, with enriched data for each resource (host, image or container).\n\n##### New: Prisma Cloud Compute - ServiceNow Compliance Ticket\nNew: This playbook is a sub playbook of the \"Prisma Cloud Compute - Compliance Alert Host Enrichment Loop\" playbook.\nIt creates a new ServiceNow ticket or updates an existing ServiceNow ticket for each compliance ID retrieved in the original Prisma Cloud compliance alert, with enriched data for each resource (host, image or container).\n\n##### New: Prisma Cloud Compute - ServiceNow Ticket (HTML Table)\nNew: This playbook is a sub playbook of the \"Prisma Cloud Compute - Jira Compliance Issue\" playbook.\nIt creates a new ServiceNow ticket or updates an existing ServiceNow ticket with an HTML table for the given compliance ID retrieved from the parent playbook, with enriched data for each resource (host, image or container).\n\n##### New: Prisma Cloud Compute - ServiceNow Ticket (XLSX)\nNew: This playbook is a sub playbook of the \"Prisma Cloud Compute - Jira Compliance Issue\" playbook.\nIt creates a new ServiceNow ticket or updates an existing ServiceNow ticket with an XLSX file for the given compliance ID retrieved from the parent playbook, with enriched data for each resource (host, image or container).\n\n#### Scripts\n##### New: CreatePrismaCloudComputeResourceComplianceReportButton\nNew: Generate a compliance report for Prisma Cloud resources - host, container or image.\n\n##### New: PCComputeContainerComplianceIssuesButton\nNew: This script runs the \"prisma-cloud-compute-container-scan-results-list\" command for a specific container ID and returns details about its compliance issues, if found. If any compliance issues found, it will create a new tab in the layout called \"Detailed Compliance Issues\" showing the issues details.\nReturns the following fields for each compliance ID:\n- Compliance ID\n- Cause\n- Severity\n- Title\n- Description.\n\n##### New: PCComputeHostComplianceIssuesButton\nNew: This script runs the \"prisma-cloud-compute-hosts-scan-list\" command for a specific hostname and returns details about its compliance issues, if found. If any compliance issues found, it will create a new tab in the layout called \"Detailed Compliance Issues\" showing the issues details.\nReturns the following fields for each compliance ID:\n- Compliance ID\n- Cause\n- Severity\n- Title\n- Description.\n\n##### New: PCComputeImageComplianceIssuesButton\nNew: This script runs the \"prisma-cloud-compute-images-scan-list\" command for a specific container ID and returns details about its compliance issues, if found. If any compliance issues found, it will create a new tab in the layout called \"Detailed Compliance Issues\" showing the issues details.\nReturns the following fields for each compliance ID:\n- Compliance ID\n- Cause\n- Severity\n- Title\n- Description.\n\n##### New: PrismaCloudComputeComplianceTable\nNew: Iterate over EnrichedComplianceIssue information in the context data and add the important keys to a table under PrismaCloudCompute.ComplianceTable or a provided grid id.\n\n#### Triggers Recommendations\nNew: **Prisma Cloud Compute - Compliance Alert v2 Trigger**","displayName":"1.7.0 - R951066","released":"2024-04-11T19:19:19Z","pullRequests":["32936"]},"1.7.1":{"releaseNotes":"#### Integrations\n##### Palo Alto Networks - Prisma Cloud Compute\n- Updated the Docker image to: *demisto/python3:3.10.14.95137*.","displayName":"1.7.1 - 1099854","released":"2024-06-17T19:22:02Z","pullRequests":["34512"]},"1.7.2":{"releaseNotes":"#### Integrations\n##### Palo Alto Networks - Prisma Cloud Compute\n- Updated the integration image to align to common image for Prisma Cloud.","displayName":"1.7.2 - 1149551","released":"2024-07-04T19:21:08Z","pullRequests":["35112","35225"]},"1.7.3":{"releaseNotes":"#### Wizards\n##### New: Prisma Cloud Compute Compliance Use Case\n- Added a new deployment wizard for setting up Prisma Cloud Compute Compliance use case","displayName":"1.7.3 - R1324639","released":"2024-08-29T19:24:07Z","pullRequests":["35296"]},"1.7.4":{"releaseNotes":"#### Layouts\n- **Prisma Cloud Compute Compliance Incident v2**\n- Updated layout with `canvas` tab.\n\n- **Prisma Cloud Compute Audit Layout v3**\n- Updated layout with `canvas` tab.","displayName":"1.7.4 - 1370357","released":"2024-09-11T09:26:01Z","pullRequests":["36021"]},"1.7.5":{"releaseNotes":"#### Integrations\n##### Palo Alto Networks - Prisma Cloud Compute\n- Added new command `prisma-cloud-compute-custom-feeds-ip-remove`\n- Updated the Docker image to: *demisto/python3:3.11.10.113941*.","displayName":"1.7.5 - 1597102","released":"2024-11-05T20:35:11Z","pullRequests":["37032"]},"1.7.6":{"releaseNotes":"#### Scripts\n##### PrismaCloudComputeParseAuditAlert\n- Updated the Docker image to: *demisto/python3:3.11.10.113941*.\n##### PCComputeHostComplianceIssuesButton\n- Updated the Docker image to: *demisto/python3:3.11.10.113941*.\n##### PrismaCloudComputeParseVulnerabilityAlert\n- Updated the Docker image to: *demisto/python3:3.11.10.113941*.\n##### CreatePrismaCloudComputeResourceComplianceReportButton\n- Updated the Docker image to: *demisto/python3:3.11.10.113941*.\n##### PCComputeContainerComplianceIssuesButton\n- Updated the Docker image to: *demisto/python3:3.11.10.113941*.\n##### PCComputeImageComplianceIssuesButton\n- Updated the Docker image to: *demisto/python3:3.11.10.113941*.\n##### PrismaCloudRemoteTrustedImagesListUpdate\n- Updated the Docker image to: *demisto/python3:3.11.10.113941*.\n##### CreatePrismaCloudComputeLink\n- Updated the Docker image to: *demisto/python3:3.11.10.113941*.\n##### PrismaCloudComputeParseComplianceAlert\n- Updated the Docker image to: *demisto/python3:3.11.10.113941*.\n##### CreatePrismaCloudComputeComplianceReportButton\n- Updated the Docker image to: *demisto/python3:3.11.10.113941*.\n##### PrismaCloudLocalTrustedImagesListUpdate\n- Updated the Docker image to: *demisto/python3:3.11.10.113941*.\n##### PrismaCloudComputeParseCloudDiscoveryAlert\n- Updated the Docker image to: *demisto/python3:3.11.10.113941*.\n##### TagIndicatorButton\n- Updated the Docker image to: *demisto/python3:3.11.10.113941*.","displayName":"1.7.6 - 1602991","released":"2024-11-06T20:30:18Z","pullRequests":["37006","36995","36994","36998","36993","36992","36997"]},"1.7.7":{"releaseNotes":"#### Integrations\n##### Palo Alto Networks - Prisma Cloud Compute\n- Updated the Docker image to: *demisto/python3:3.11.10.115186*.\n#### Scripts\n##### PrismaCloudComputeParseComplianceAlert\n- Updated the Docker image to: *demisto/python3:3.11.10.115186*.\n##### PCComputeContainerComplianceIssuesButton\n- Updated the Docker image to: *demisto/python3:3.11.10.115186*.\n##### CreatePrismaCloudComputeResourceComplianceReportButton\n- Updated the Docker image to: *demisto/python3:3.11.10.115186*.\n##### PrismaCloudComputeParseAuditAlert\n- Updated the Docker image to: *demisto/python3:3.11.10.115186*.\n##### PCComputeImageComplianceIssuesButton\n- Updated the Docker image to: *demisto/python3:3.11.10.115186*.\n##### PCComputeHostComplianceIssuesButton\n- Updated the Docker image to: *demisto/python3:3.11.10.115186*.\n##### PrismaCloudComputeParseCloudDiscoveryAlert\n- Updated the Docker image to: *demisto/python3:3.11.10.115186*.\n##### PrismaCloudRemoteTrustedImagesListUpdate\n- Updated the Docker image to: *demisto/python3:3.11.10.115186*.\n##### PrismaCloudLocalTrustedImagesListUpdate\n- Updated the Docker image to: *demisto/python3:3.11.10.115186*.\n##### PrismaCloudComputeParseVulnerabilityAlert\n- Updated the Docker image to: *demisto/python3:3.11.10.115186*.","displayName":"1.7.7 - R1709192","released":"2024-11-26T20:39:44Z","pullRequests":["37147","37137","37136","37140","37138","37139"]},"1.7.8":{"releaseNotes":"#### Scripts\n##### PrismaCloudComputeComplianceTable\n- Updated the Docker image to: *demisto/pandas:1.0.0.117209*.","displayName":"1.7.8 - 1738579","released":"2024-12-02T20:29:38Z","pullRequests":["37425","37421","37419","37422","37418","37420"]},"1.7.9":{"releaseNotes":"#### Playbooks\n##### Prisma Cloud Compute - Container Forensics\n- Documentation and metadata improvements.\n\n##### Prisma Cloud Compute - ServiceNow Ticket (HTML Table)\n- Documentation and metadata improvements.\n\n##### Prisma Cloud Compute - ServiceNow Ticket (XLSX)\n- Documentation and metadata improvements.\n\n##### Prisma Cloud Compute - ServiceNow Compliance Ticket\n- Documentation and metadata improvements.\n\n##### Prisma Cloud Compute - Jira Ticket (XLSX)\n- Documentation and metadata improvements.\n\n##### Prisma Cloud Compute - Jira Compliance Issue\n- Documentation and metadata improvements.\n\n##### Prisma Cloud Compute - Compliance Alert Host Enrichment Loop\n- Documentation and metadata improvements.\n\n##### Prisma Cloud Compute - Audit Alert Vulnerabilities Enrichment\n- Documentation and metadata improvements.\n\n##### Prisma Cloud Compute - Compliance Alert Container Enrichment Loop\n- Documentation and metadata improvements.\n\n##### Prisma Cloud Compute - Compliance Alert Image Enrichment Loop\n- Documentation and metadata improvements.\n\n##### Prisma Cloud Compute - Jira Ticket (Markdown Table)\n- Documentation and metadata improvements.","displayName":"1.7.9 - R1931958","released":"2025-01-06T12:18:19Z","pullRequests":["37687"]},"1.7.10":{"releaseNotes":"#### Playbooks\n##### Prisma Cloud Compute - Cloud Discovery Alert\n- Documentation and metadata improvements.","displayName":"1.7.10 - 1973041","released":"2025-01-13T10:33:18Z","pullRequests":["38107"]},"1.7.11":{"releaseNotes":"#### Integrations\n##### Palo Alto Networks - Prisma Cloud Compute\n- Code functionality improvements.\n- Updated the Docker image to: *demisto/python3:3.11.11.1940698*.","displayName":"1.7.11 - R2040490","released":"2025-01-22T22:26:05Z","pullRequests":["38069"]},"1.7.12":{"releaseNotes":"#### Integrations\n##### Palo Alto Networks - Prisma Cloud Compute\n- Fixed an issue where the **prisma-cloud-compute-container-scan-results-list** command did not return all container scan results when the *all_results* argument was set to *True*.  \n.","displayName":"1.7.12 - 2673040","released":"2025-03-06T20:40:20Z","pullRequests":["38899"]},"1.7.13":{"releaseNotes":"#### Wizards\n##### Prisma Cloud Compute Compliance Use Case\n- Updated the Prisma Cloud Compute Compliance Use Case wizard to use Jira V3 integration.","displayName":"1.7.13 - 2873483","released":"2025-03-16T20:47:19Z","pullRequests":["39032"]},"1.7.14":{"releaseNotes":"## Prisma Cloud Compute by Palo Alto Networks\nDocumentation and metadata improvements.","displayName":"1.7.14 - R2989425","released":"2025-03-26T23:36:38Z","pullRequests":["38999"]},"1.7.15":{"releaseNotes":"#### Integrations\n##### Palo Alto Networks - Prisma Cloud Compute\n- Metadata and documentation improvements.\n\n#### Scripts\n##### PCComputeHostComplianceIssuesButton\n- Metadata and documentation improvements.\n\n##### PrismaCloudRemoteTrustedImagesListUpdate\n- Metadata and documentation improvements.\n\n##### PrismaCloudComputeParseAuditAlert\n- Metadata and documentation improvements.\n\n##### TagIndicatorButton\n- Metadata and documentation improvements.\n\n##### PrismaCloudComputeParseComplianceAlert\n- Metadata and documentation improvements.\n\n##### PCComputeContainerComplianceIssuesButton\n- Metadata and documentation improvements.\n\n##### PrismaCloudComputeParseVulnerabilityAlert\n- Metadata and documentation improvements.\n\n##### PrismaCloudLocalTrustedImagesListUpdate\n- Metadata and documentation improvements.\n\n##### PCComputeImageComplianceIssuesButton\n- Metadata and documentation improvements.\n\n##### CreatePrismaCloudComputeComplianceReportButton\n- Metadata and documentation improvements.\n\n##### CreatePrismaCloudComputeResourceComplianceReportButton\n- Metadata and documentation improvements.\n\n##### PrismaCloudComputeParseCloudDiscoveryAlert\n- Metadata and documentation improvements.\n\n##### CreatePrismaCloudComputeLink\n- Metadata and documentation improvements.\n\n##### PrismaCloudComputeComplianceTable\n- Metadata and documentation improvements.","displayName":"1.7.15 - R3474673","released":"2025-05-20T20:32:43Z","pullRequests":["39142"]},"1.7.16":{"releaseNotes":"#### Integrations\n##### Palo Alto Networks - Prisma Cloud Compute\n- Updated the Docker image to: *demisto/python3:3.12.8.3296088*.\n#### Scripts\n##### PrismaCloudComputeParseVulnerabilityAlert\n- Updated the Docker image to: *demisto/python3:3.12.8.3296088*.\n##### PrismaCloudComputeParseAuditAlert\n- Updated the Docker image to: *demisto/python3:3.12.8.3296088*.\n##### CreatePrismaCloudComputeResourceComplianceReportButton\n- Updated the Docker image to: *demisto/python3:3.12.8.3296088*.\n##### PCComputeHostComplianceIssuesButton\n- Updated the Docker image to: *demisto/python3:3.12.8.3296088*.\n##### PrismaCloudComputeParseComplianceAlert\n- Updated the Docker image to: *demisto/python3:3.12.8.3296088*.\n##### PrismaCloudRemoteTrustedImagesListUpdate\n- Updated the Docker image to: *demisto/python3:3.12.8.3296088*.\n##### PrismaCloudComputeParseCloudDiscoveryAlert\n- Updated the Docker image to: *demisto/python3:3.12.8.3296088*.\n##### PCComputeContainerComplianceIssuesButton\n- Updated the Docker image to: *demisto/python3:3.12.8.3296088*.\n##### PCComputeImageComplianceIssuesButton\n- Updated the Docker image to: *demisto/python3:3.12.8.3296088*.\n##### PrismaCloudLocalTrustedImagesListUpdate\n- Updated the Docker image to: *demisto/python3:3.12.8.3296088*.","displayName":"1.7.16 - 3526238","released":"2025-05-25T10:44:39Z","pullRequests":["39931"]},"1.7.17":{"releaseNotes":"## Prisma Cloud Compute by Palo Alto Networks\nDocumentation and metadata improvements.","displayName":"1.7.17 - 3549143","released":"2025-05-26T20:36:16Z","pullRequests":["40051"]},"1.7.18":{"releaseNotes":"#### Scripts\n##### PrismaCloudComputeComplianceTable\n- Updated the Docker image to: *demisto/pandas:1.0.0.3540678*.","displayName":"1.7.18 - 3617165","released":"2025-06-03T11:05:11Z","pullRequests":["40133"]},"1.7.19":{"releaseNotes":"#### Integrations\n##### Palo Alto Networks - Prisma Cloud Compute\n- Added support for the 'Preference Center' feature for selected commands.","displayName":"1.7.19 - 3802487","released":"2025-06-15T20:32:01Z","pullRequests":["40192"]},"1.7.20":{"releaseNotes":"#### Scripts\n##### TagIndicatorButton\n- Updated the Docker image to: *demisto/python3:3.12.8.3296088*.\n##### CreatePrismaCloudComputeLink\n- Updated the Docker image to: *demisto/python3:3.12.8.3296088*.\n##### CreatePrismaCloudComputeComplianceReportButton\n- Updated the Docker image to: *demisto/python3:3.12.8.3296088*.","displayName":"1.7.20 - R3980324","released":"2025-06-26T12:57:54Z","pullRequests":["40221"]},"1.7.21":{"releaseNotes":"#### Playbooks\n##### Prisma Cloud Compute - Audit Alert v3\n- Updated the input description \"AutoBlockIndicators\".","displayName":"1.7.21 - 4856079","released":"2025-09-11T20:31:27Z","pullRequests":["41245"]}}