{
    "1.0.10": {
        "releaseNotes": "#### Integrations\n##### Cisco Umbrella Reporting\n- Updated the Docker image to: *demisto/python3:3.10.12.63474*.",
        "displayName": "1.0.10 - 5618116",
        "released": "2023-06-26T13:24:53Z",
        "pullRequests": [
            "27709"
        ]
    },
    "1.0.11": {
        "releaseNotes": "#### Integrations\n##### Cisco Umbrella Reporting\n- Updated the Docker image to: *demisto/python3:3.10.12.65389*.",
        "displayName": "1.0.11 - R5866730",
        "released": "2023-07-25T19:26:28Z",
        "pullRequests": [
            "28464"
        ]
    },
    "1.0.12": {
        "releaseNotes": "#### Integrations\n##### Cisco Umbrella Reporting\n- Updated the Docker image to: *demisto/python3:3.10.12.68714*.",
        "displayName": "1.0.12 - 6010750",
        "released": "2023-08-10T11:45:44Z",
        "pullRequests": [
            "28878"
        ]
    },
    "1.0.13": {
        "releaseNotes": "#### Integrations\n##### Cisco Umbrella Reporting\n- Updated the Docker image to: *demisto/python3:3.10.13.72123*.",
        "displayName": "1.0.13 - 6170593",
        "released": "2023-08-28T09:23:53Z",
        "pullRequests": [
            "29262"
        ]
    },
    "1.0.14": {
        "releaseNotes": "#### Integrations\n##### Cisco Umbrella Reporting\n- Updated the Docker image to: *demisto/python3:3.10.13.73190*.",
        "displayName": "1.0.14 - 6313394",
        "released": "2023-09-13T19:23:45Z",
        "pullRequests": [
            "29652"
        ]
    },
    "1.1.0": {
        "releaseNotes": "#### Integrations\n##### Cisco Umbrella Reporting\n- Updated the integration to work with the Cisco Umbrella Open API.\n- Updated the Docker image to: *demisto/python3:3.10.13.75921*.",
        "displayName": "1.1.0 - 6549677",
        "released": "2023-10-09T09:23:52Z",
        "pullRequests": [
            "30047"
        ]
    },
    "1.1.1": {
        "releaseNotes": "#### Integrations\n##### Cisco Umbrella Reporting\n- Updated the Docker image to: *demisto/python3:3.10.13.83255*.",
        "displayName": "1.1.1 - 733853",
        "released": "2024-01-02T10:22:48Z",
        "pullRequests": [
            "31878"
        ]
    },
    "1.1.2": {
        "releaseNotes": "#### Integrations\n##### Cisco Umbrella Reporting\n- Updated the Docker image to: *demisto/python3:3.10.13.84405*.",
        "displayName": "1.1.2 - R1104278",
        "released": "2024-06-19T09:29:07Z",
        "pullRequests": [
            "32183"
        ]
    }
}