{
    "1.1.1": {
        "releaseNotes": "#### Integrations\n##### LogPoint SIEM Integration\n- Upgraded the Docker image to: *demisto/python3:3.9.5.20070*.",
        "displayName": "1.1.1 - 375787",
        "released": "2021-06-03T11:17:44Z"
    },
    "1.2.0": {
        "releaseNotes": "#### Integrations\n##### LogPoint SIEM Integration\n- **Added 7 commands:**\n    - ***lp-get-users-preference***\n    - ***lp-get-logpoints***\n    - ***lp-get-repos***\n    - ***lp-get-devices***\n    - ***lp-get-livesearches***\n    - ***lp-get-searchid***\n    - ***lp-search-logs***\n- Added Content Pack's README.md file\n- Updated the Docker image to: *demisto/python3:3.9.5.20070*.",
        "displayName": "1.2.0 - 379063",
        "released": "2021-06-07T11:13:37Z"
    },
    "1.2.1": {
        "releaseNotes": "#### Integrations\n##### LogPoint SIEM Integration\n- Upgraded the Docker image to: *demisto/python3:3.9.5.21272*.",
        "displayName": "1.2.1 - 388541",
        "released": "2021-06-22T23:27:57Z"
    },
    "1.2.2": {
        "releaseNotes": "#### Integrations\n##### LogPoint SIEM Integration\n- Updated the Docker image to: *demisto/python3:3.9.7.24076*.",
        "displayName": "1.2.2 - 7561139",
        "released": "2021-09-12T09:18:29Z"
    },
    "1.2.3": {
        "releaseNotes": "#### Integrations\n##### LogPoint SIEM Integration\n- Updated the Docker image to: *demisto/python3:3.9.8.24399*.",
        "displayName": "1.2.3 - R2146019",
        "released": "2021-12-21T22:30:29Z"
    },
    "1.2.4": {
        "releaseNotes": "#### Incident Fields\nMaintenance and stability enhancements for the following fields:\n    - **LogPoint Last Action**\n    - **LogPoint Username**",
        "displayName": "1.2.4 - 2303329",
        "released": "2022-01-25T10:17:08Z"
    },
    "1.2.5": {
        "releaseNotes": "#### Incident Fields\n- **LogPoint Detection Timestamp**",
        "displayName": "1.2.5 - 2353377",
        "released": "2022-02-03T12:57:27Z"
    },
    "1.2.6": {
        "releaseNotes": "#### Incident Fields\n- **LogPoint Last Action**",
        "displayName": "1.2.6 - 2369391",
        "released": "2022-02-06T22:17:12Z"
    },
    "1.2.7": {
        "releaseNotes": "#### Integrations\n##### LogPoint SIEM Integration\n- Added type validations and other internal code improvements.",
        "displayName": "1.2.7 - R5450895",
        "released": "2023-06-05T19:31:07Z",
        "pullRequests": [
            "18028"
        ]
    },
    "1.2.8": {
        "releaseNotes": "#### Integrations\n##### LogPoint SIEM Integration\n- Updated the Docker image to: *demisto/python3:3.10.12.63474*.",
        "displayName": "1.2.8 - R5866730",
        "released": "2023-07-25T19:22:30Z",
        "pullRequests": [
            "27848"
        ]
    },
    "1.2.9": {
        "releaseNotes": "#### Mappers\n##### LogPoint SIEM Integration - Incoming Mapper\nMaintenance and stability enhancements.",
        "displayName": "1.2.9 - 927547",
        "released": "2024-04-01T19:21:56Z",
        "pullRequests": [
            "33495"
        ]
    },
    "1.2.10": {
        "releaseNotes": "#### Integrations\n##### LogPoint SIEM Integration\n- Updated the Docker image to: *demisto/python3:3.10.14.90585*.",
        "displayName": "1.2.10 - 938811",
        "released": "2024-04-07T09:32:21Z",
        "pullRequests": [
            "33641",
            "33516",
            "33519",
            "33515",
            "33329",
            "33314",
            "33318",
            "33328",
            "33357",
            "33344",
            "33359",
            "33458",
            "33535",
            "33534",
            "33537",
            "33552",
            "33580",
            "33553",
            "33418",
            "33583",
            "33555",
            "33556",
            "33559",
            "33560",
            "33619",
            "33591",
            "33602",
            "33600",
            "33314",
            "33318",
            "33328",
            "33357",
            "33344",
            "33359",
            "33458"
        ]
    }
}