{"1.1.0":{"releaseNotes":"#### Incident Fields\n- **New: Exabeam Rules**\nAdded support for Exabeam Rules.\n\n- **New: Exabeam Destination Hosts**\nAdded support for Exabeam Destination Hosts.\n\n- **New: Exabeam Source Hosts**\nAdded support for Exabeam Source Hosts.\n\n- **New: Exabeam Products**\nAdded support for Exabeam Products.\n\n- **New: Exabeam Vendors**\nAdded support for Exabeam Vendors.\n\n#### Incident Types\n- **New: Exabeam Platform Case**\nAdded support for Exabeam Platform Case.\n\n#### Integrations\n##### Exabeam Security Operations Platform\n- Added the following new parameters:\n  - Fetch Incident\n  - Mapper\n  - Incident Type\n  - First Fetch Timestamp\n  - Maximum Incidents Per Fetch\n  - Fetch Query\n- Improved implementation of **authentication** to use the existing token, and only request a new token if the validator runs out.\n- Added support for fetching case search results.\n- Added new commands:\n  - ***exabeam-platform-case-search***\n  - ***exabeam-platform-alert-search***\n  - ***exabeam-platform-context-table-list***\n  - ***exabeam-platform-context-table-delete***\n  - ***exabeam-platform-table-record-list***\n  - ***exabeam-platform-table-record-create***\n\n#### Layouts\n- **New: Exabeam Platform Case**\nCreated a new layout for types Exabeam Platform Case.\n\n#### Mappers\n##### New: Exabeam Platform - Incoming Mapper\nCreated a new mapper for Exabeam Platform.","displayName":"1.1.0 - R1681986","released":"2024-11-21T10:27:30Z","pullRequests":["35794"]},"1.1.1":{"releaseNotes":"#### Integrations\n##### Exabeam Security Operations Platform\n- Updated the Docker image to: *demisto/python3:3.11.10.115186*.","displayName":"1.1.1 - 1718057","released":"2024-11-28T11:53:35Z","pullRequests":["37407","37402","37403","37405","37406","37404"]},"1.1.2":{"releaseNotes":"#### Integrations\n##### Exabeam Security Operations Platform\n- Code functionality improvements.\n- Updated the Docker image to: *demisto/python3:3.11.10.116949*.","displayName":"1.1.2 - R2040490","released":"2025-01-22T22:20:32Z","pullRequests":["38053"]},"1.1.3":{"releaseNotes":"#### Integrations\n##### Exabeam Security Operations Platform\nUpdated the ExabeamSecOpsPlatform integration documentation to clarify query formatting and avoid double escaping.\n- Updated the Docker image to: *demisto/python3:3.12.8.1983910*.","displayName":"1.1.3 - 2561300","released":"2025-02-25T20:54:49Z","pullRequests":["38757"]},"1.1.4":{"releaseNotes":"#### Integrations\n##### Exabeam Security Operations Platform\nFixed an issue where query value with a leading space was not handled correctly.","displayName":"1.1.4 - R2988527","released":"2025-03-26T20:24:08Z","pullRequests":["38994"]},"1.1.5":{"releaseNotes":"#### Integrations\n##### Exabeam Security Operations Platform\n- Metadata and documentation improvements.","displayName":"1.1.5 - R3534539","released":"2025-05-25T20:31:40Z","pullRequests":["39225"]},"1.1.6":{"releaseNotes":"#### Integrations\n##### Exabeam Security Operations Platform\n- Updated the Docker image to: *demisto/python3:3.12.8.3296088*.","displayName":"1.1.6 - 4096037","released":"2025-07-08T10:39:17Z","pullRequests":["40498"]},"1.2.0":{"releaseNotes":"#### Integrations\n##### Exabeam Security Operations Platform\n- Improved code quality.\n- Updated the Docker image to: *demisto/python3:3.12.11.4508456*.","displayName":"1.2.0 - 4915660","released":"2025-09-17T10:54:29Z","pullRequests":["40990"]},"1.2.1":{"releaseNotes":"#### Integrations\n##### Exabeam Security Operations Platform\n- Fixed an issue where the fetch incidents command was fetching same incidents multiple times.\n- Updated the Docker image to: *demisto/python3:3.12.11.4819260*.","displayName":"1.2.1 - R5469292","released":"2025-10-20T10:49:32Z","pullRequests":["41496"]},"1.2.2":{"releaseNotes":"#### Integrations\n##### Exabeam Security Operations Platform\n- Fixed an issue with creating same incident multiple times.\n- Updated the Docker image to: *demisto/python3:3.12.12.5490952*.","displayName":"1.2.2 - 5591931","released":"2025-10-27T10:36:45Z","pullRequests":["41648"]},"1.2.3":{"releaseNotes":"Changes are not relevant for XSOAR marketplace.","displayName":"1.2.3 - 5636304","released":"2025-10-29T17:30:45Z","pullRequests":["41629"]}}