{
    "1.0.8": {
        "releaseNotes": "#### Integrations\n##### PAN-OS Policy Optimizer\n- Fixed an issue for login validity for versions 9 and 10.\n- Updated the Docker image to: *demisto/python3:3.10.5.33323*.",
        "displayName": "1.0.8 - R3649843",
        "released": "2022-09-13T14:14:58Z",
        "pullRequests": [
            "20847"
        ]
    },
    "1.1.0": {
        "releaseNotes": "#### Integrations\n##### PAN-OS Policy Optimizer\n- Added support for version 10.1.6 and solved an issue with the test module for it.\n- Updated the Docker image to: *demisto/python3:3.10.8.36650*.",
        "displayName": "1.1.0 - 3910837",
        "released": "2022-10-25T10:51:00Z",
        "pullRequests": [
            "21719"
        ]
    },
    "1.1.1": {
        "releaseNotes": "#### Integrations\n##### PAN-OS Policy Optimizer\n- Fixed an issue were the headers where used before they were defined.",
        "displayName": "1.1.1 - 3997825",
        "released": "2022-11-08T23:04:52Z",
        "pullRequests": [
            "22101"
        ]
    },
    "1.1.2": {
        "releaseNotes": "#### Integrations\n##### PAN-OS Policy Optimizer (Beta)\n- Note: the integration was moved to Beta format and support for this pack is moving to community.\n- Updated the Docker image to: *demisto/python3:3.10.8.37233*.",
        "displayName": "1.1.2 - 4034921",
        "released": "2022-11-15T00:39:00Z",
        "pullRequests": [
            "22154"
        ]
    },
    "1.1.3": {
        "releaseNotes": "#### Integrations\n##### PAN-OS Policy Optimizer (Beta)\n- Added support to get rules by both pre and post position.",
        "displayName": "1.1.3 - 4049710",
        "released": "2022-11-17T00:13:41Z",
        "pullRequests": [
            "22270"
        ]
    },
    "1.1.4": {
        "releaseNotes": "#### Layouts\n- **Policy Optimizer Layout**\n- This item is no longer supported in XSIAM.",
        "displayName": "1.1.4 - R5170573",
        "released": "2023-05-02T19:39:57Z",
        "pullRequests": [
            "24222"
        ]
    },
    "1.1.5": {
        "releaseNotes": "#### Integrations\n##### PAN-OS Policy Optimizer (Beta)\n- Fixed an issue where the documentation link was old.\n- Updated the Docker image to: *demisto/python3:3.10.11.58677*.",
        "displayName": "1.1.5 - 5277943",
        "released": "2023-05-16T09:29:53Z",
        "pullRequests": [
            "26388"
        ]
    },
    "1.1.6": {
        "releaseNotes": "#### Integrations\n##### PAN-OS Policy Optimizer (Beta)\n- Updated the Docker image to: *demisto/python3:3.10.11.61265*.",
        "displayName": "1.1.6 - 5470583",
        "released": "2023-06-07T19:34:44Z",
        "pullRequests": [
            "27272"
        ]
    },
    "1.1.7": {
        "releaseNotes": "#### Integrations\n##### PAN-OS Policy Optimizer (Beta)\n- Updated the Docker image to: *demisto/python3:3.10.12.63474*.",
        "displayName": "1.1.7 - R5692327",
        "released": "2023-07-05T19:53:18Z",
        "pullRequests": [
            "27802"
        ]
    },
    "1.1.8": {
        "releaseNotes": "#### Scripts\n##### EntryWidgetUnusedApplications\n- Updated the Docker image to: *demisto/python3:3.10.12.63474*.\n\n##### EntryWidgetPortBasedRules\n- Updated the Docker image to: *demisto/python3:3.10.12.63474*.\n\n##### EntryWidgetUnusedRules\n- Updated the Docker image to: *demisto/python3:3.10.12.63474*.",
        "displayName": "1.1.8 - R5866730",
        "released": "2023-07-25T19:30:42Z",
        "pullRequests": [
            "27997"
        ]
    },
    "1.1.9": {
        "releaseNotes": "#### Integrations\n##### PAN-OS Policy Optimizer (Beta)\n- Added support for version 10.2.0 of PAN-OS.\n- Updated the Docker image to: *demisto/python3:3.10.12.66339*.",
        "displayName": "1.1.9 - 5876761",
        "released": "2023-07-26T19:19:28Z",
        "pullRequests": [
            "28408"
        ]
    },
    "1.1.10": {
        "releaseNotes": "#### Integrations\n##### PAN-OS Policy Optimizer (Beta)\n- Updated the Docker image to: *demisto/python3:3.10.12.68714*.",
        "displayName": "1.1.10 - 6010750",
        "released": "2023-08-10T11:47:25Z",
        "pullRequests": [
            "28878"
        ]
    },
    "1.1.11": {
        "releaseNotes": "#### Integrations\n##### PAN-OS Policy Optimizer (Beta)\n- Updated the Docker image to: *demisto/python3:3.10.13.72123*.",
        "displayName": "1.1.11 - 6170593",
        "released": "2023-08-28T09:29:22Z",
        "pullRequests": [
            "29262"
        ]
    },
    "1.1.12": {
        "releaseNotes": "#### Integrations\n##### PAN-OS Policy Optimizer (Beta)\n- Updated the Docker image to: *demisto/python3:3.10.13.73190*.",
        "displayName": "1.1.12 - 6313394",
        "released": "2023-09-13T19:28:09Z",
        "pullRequests": [
            "29652"
        ]
    },
    "1.1.13": {
        "releaseNotes": "#### Integrations\n##### PAN-OS Policy Optimizer (Beta)\n- Updated the Docker image to: *demisto/python3:3.10.13.75921*.",
        "displayName": "1.1.13 - 6592021",
        "released": "2023-10-13T09:33:02Z",
        "pullRequests": [
            "30134"
        ]
    },
    "1.1.14": {
        "releaseNotes": "#### Integrations\n##### PAN-OS Policy Optimizer (Beta)\n- Updated the Docker image to: *demisto/python3:3.10.13.77674*.",
        "displayName": "1.1.14 - 6636841",
        "released": "2023-10-18T09:26:01Z",
        "pullRequests": [
            "30234"
        ]
    },
    "1.1.15": {
        "releaseNotes": "#### Integrations\n##### PAN-OS Policy Optimizer (Beta)\n- Updated the Docker image to: *demisto/python3:3.10.13.78960*.",
        "displayName": "1.1.15 - 6808171",
        "released": "2023-11-06T10:26:07Z",
        "pullRequests": [
            "30669"
        ]
    },
    "1.1.16": {
        "releaseNotes": "#### Integrations\n##### PAN-OS Policy Optimizer (Beta)\n- Updated the Docker image to: *demisto/python3:3.10.13.80593*.",
        "displayName": "1.1.16 - 6965450",
        "released": "2023-11-22T22:09:42Z",
        "pullRequests": [
            "31024"
        ]
    },
    "1.1.17": {
        "releaseNotes": "#### Integrations\n##### PAN-OS Policy Optimizer (Beta)\n- Updated the Docker image to: *demisto/python3:3.10.13.81631*.",
        "displayName": "1.1.17 - 7029664",
        "released": "2023-11-30T10:34:14Z",
        "pullRequests": [
            "31214"
        ]
    },
    "1.1.18": {
        "releaseNotes": "#### Integrations\n##### PAN-OS Policy Optimizer (Beta)\n- Updated the Docker image to: *demisto/python3:3.10.13.82076*.",
        "displayName": "1.1.18 - 7066068",
        "released": "2023-12-04T20:29:31Z",
        "pullRequests": [
            "31286"
        ]
    },
    "1.1.19": {
        "releaseNotes": "#### Integrations\n##### PAN-OS Policy Optimizer (Beta)\n- Updated the Docker image to: *demisto/python3:3.10.13.82980*.",
        "displayName": "1.1.19 - 7122577",
        "released": "2023-12-10T20:25:58Z",
        "pullRequests": [
            "31371"
        ]
    },
    "1.1.20": {
        "releaseNotes": "#### Integrations\n##### PAN-OS Policy Optimizer (Beta)\n- Added pagination support to the ***pan-os-po-get-rules*** command, with new **page_size**, **page**, and **limit** parameters.\n- Fixed an issue for the ***pan-os-po-get-rules*** command where if the optional **exclude** parameter was missing, an error would be raised.\n- Updated the Docker image to: *demisto/python3:3.10.13.83255*.",
        "displayName": "1.1.20 - 7187156",
        "released": "2023-12-17T10:23:55Z",
        "pullRequests": [
            "31402"
        ]
    },
    "1.1.21": {
        "releaseNotes": "#### Integrations\n##### PAN-OS Policy Optimizer (Beta)\n- Updated the Docker image to: *demisto/python3:3.10.13.84405*.",
        "displayName": "1.1.21 - 757686",
        "released": "2024-01-11T20:18:07Z",
        "pullRequests": [
            "32061"
        ]
    },
    "1.1.22": {
        "releaseNotes": "#### Integrations\n##### PAN-OS Policy Optimizer (Beta)\n- Updated the Docker image to: *demisto/python3:3.10.13.86272*.",
        "displayName": "1.1.22 - 798475",
        "released": "2024-02-01T10:26:03Z",
        "pullRequests": [
            "32519"
        ]
    },
    "1.1.23": {
        "releaseNotes": "#### Integrations\n##### PAN-OS Policy Optimizer (Beta)\n- Updated the Docker image to: *demisto/python3:3.10.13.87159*.",
        "displayName": "1.1.23 - 823153",
        "released": "2024-02-12T20:16:00Z",
        "pullRequests": [
            "32837"
        ]
    },
    "1.1.24": {
        "releaseNotes": "#### Integrations\n##### PAN-OS Policy Optimizer (Beta)\n- Updated the Docker image to: *demisto/python3:3.10.13.88772*.",
        "displayName": "1.1.24 - 865088",
        "released": "2024-03-03T20:21:39Z",
        "pullRequests": [
            "33184"
        ]
    },
    "1.1.25": {
        "releaseNotes": "#### Integrations\n##### PAN-OS Policy Optimizer (Beta)\n- Updated the Docker image to: *demisto/python3:3.10.14.91134*.",
        "displayName": "1.1.25 - 938811",
        "released": "2024-04-07T09:31:25Z",
        "pullRequests": [
            "33675"
        ]
    }
}