{
    "name": "Splunk",
    "id": "SplunkPy",
    "description": "Run queries on Splunk servers.",
    "created": "2020-07-26T10:33:08Z",
    "updated": "2023-07-25T19:37:00Z",
    "legacy": true,
    "support": "xsoar",
    "supportDetails": {
        "url": "https://www.paloaltonetworks.com/cortex"
    },
    "eulaLink": "https://github.com/demisto/content/blob/master/LICENSE",
    "author": "Cortex XSOAR",
    "authorImage": "content/packs/Base/Author_image.png",
    "certification": "certified",
    "price": 0,
    "serverMinVersion": "5.0.0",
    "currentVersion": "3.1.0",
    "versionInfo": "5866730",
    "commit": "884eab7e3fbe3d1431644c3b306ce33c352f7a3c",
    "downloads": 26964,
    "tags": [],
    "modules": [],
    "categories": [
        "Analytics & SIEM"
    ],
    "contentItems": {
        "layoutscontainer": [
            {
                "id": "Splunk Notable Generic",
                "name": "Splunk Notable Generic",
                "marketplaces": [
                    "xsoar"
                ],
                "fromversion": "6.0.0",
                "toversion": "",
                "description": ""
            }
        ],
        "incidentfield": [
            {
                "id": "incident_successfulassetenrichment",
                "name": "Successful Asset Enrichment",
                "type": "shortText",
                "description": "Indicates whether the asset enrichment was successful.",
                "marketplaces": [
                    "xsoar",
                    "marketplacev2"
                ],
                "fromversion": "6.0.0",
                "toversion": ""
            },
            {
                "id": "incident_notableowner",
                "name": "Notable Owner",
                "type": "user",
                "description": "The owner of the notable.",
                "marketplaces": [
                    "xsoar",
                    "marketplacev2"
                ],
                "fromversion": "6.0.0",
                "toversion": ""
            },
            {
                "id": "incident_successfuldrilldownenrichment",
                "name": "Successful Drilldown Enrichment",
                "type": "shortText",
                "description": "Indicates whether the drilldown enrichment was successful.",
                "marketplaces": [
                    "xsoar",
                    "marketplacev2"
                ],
                "fromversion": "6.0.0",
                "toversion": ""
            },
            {
                "id": "incident_notableurgency",
                "name": "Notable Urgency",
                "type": "singleSelect",
                "description": "The urgency of the notable.",
                "marketplaces": [
                    "xsoar",
                    "marketplacev2"
                ],
                "fromversion": "6.0.0",
                "toversion": ""
            },
            {
                "id": "incident_successfulidentityenrichment",
                "name": "Successful Identity Enrichment",
                "type": "shortText",
                "description": "Indicates whether the identity  enrichment was successful.",
                "marketplaces": [
                    "xsoar",
                    "marketplacev2"
                ],
                "fromversion": "6.0.0",
                "toversion": ""
            },
            {
                "id": "incident_notabledrilldown",
                "name": "Notable Drilldown",
                "type": "markdown",
                "description": "The result of the drilldown search.",
                "marketplaces": [
                    "xsoar",
                    "marketplacev2"
                ],
                "fromversion": "6.0.0",
                "toversion": ""
            },
            {
                "id": "incident_splunknotablereviewer",
                "name": "Splunk Notable Reviewer",
                "type": "user",
                "description": "The reviewer of the notable.",
                "marketplaces": [
                    "xsoar",
                    "marketplacev2"
                ],
                "fromversion": "6.0.0",
                "toversion": ""
            },
            {
                "id": "incident_notableid",
                "name": "Notable - ID",
                "type": "shortText",
                "description": "The ID of the notable",
                "marketplaces": [
                    "xsoar",
                    "marketplacev2"
                ],
                "fromversion": "6.0.0",
                "toversion": ""
            },
            {
                "id": "incident_notablestatus",
                "name": "Notable Status",
                "type": "singleSelect",
                "description": "The Splunk notable status. Can be one of the following New, In Progress, Pending, Resolved, Closed",
                "marketplaces": [
                    "xsoar",
                    "marketplacev2"
                ],
                "fromversion": "6.0.0",
                "toversion": ""
            }
        ],
        "classifier": [
            {
                "id": "SplunkPy-mapper",
                "name": "Splunk - Incoming Mapper",
                "description": "Maps Splunk logs fields.",
                "marketplaces": [
                    "xsoar",
                    "marketplacev2"
                ],
                "fromversion": "6.0.0",
                "toversion": ""
            },
            {
                "id": "SplunkPy",
                "name": "Splunk - Classifier",
                "description": "Classifies Splunk events.",
                "marketplaces": [
                    "xsoar",
                    "marketplacev2"
                ],
                "fromversion": "6.0.0",
                "toversion": ""
            },
            {
                "id": "Splunk - Notable Generic Outgoing Mapper",
                "name": "Splunk - Notable Generic Outgoing Mapper",
                "description": "Maps Splunk ES outgoing fields.",
                "marketplaces": [
                    "xsoar",
                    "marketplacev2"
                ],
                "fromversion": "6.0.0",
                "toversion": ""
            },
            {
                "id": "Splunk - Notable Generic Incoming Mapper",
                "name": "Splunk - Notable Generic Incoming Mapper",
                "description": "Maps Splunk ES incoming fields.",
                "marketplaces": [
                    "xsoar",
                    "marketplacev2"
                ],
                "fromversion": "6.0.0",
                "toversion": ""
            }
        ],
        "integration": [
            {
                "id": "SplunkPy",
                "name": "SplunkPy",
                "description": "Runs queries on Splunk servers.",
                "category": "Analytics & SIEM",
                "commands": [
                    {
                        "name": "splunk-results",
                        "description": "Returns the results of a previous Splunk search. You can use this command in conjunction with the splunk-job-create command."
                    },
                    {
                        "name": "splunk-search",
                        "description": "Searches Splunk for events. For human readable output, the table command is supported in the query argument. For example, `query=\" * | table field1 field2 field3\"` will generate a table with field1, field2, and field3 as headers."
                    },
                    {
                        "name": "splunk-submit-event",
                        "description": "Creates a new event in Splunk."
                    },
                    {
                        "name": "splunk-get-indexes",
                        "description": "Prints all Splunk index names."
                    },
                    {
                        "name": "splunk-notable-event-edit",
                        "description": "Updates existing notable events in Splunk ES."
                    },
                    {
                        "name": "splunk-job-create",
                        "description": "Creates a new search job in Splunk."
                    },
                    {
                        "name": "splunk-parse-raw",
                        "description": "Parses the raw part of the event."
                    },
                    {
                        "name": "splunk-submit-event-hec",
                        "description": "Sends events to an HTTP Event Collector using the Splunk platform JSON event protocol."
                    },
                    {
                        "name": "splunk-job-status",
                        "description": "Returns the status of a job."
                    },
                    {
                        "name": "splunk-kv-store-collection-create",
                        "description": "Creates a new KV store table."
                    },
                    {
                        "name": "splunk-kv-store-collection-config",
                        "description": "Configures the KV store fields."
                    },
                    {
                        "name": "splunk-kv-store-collection-add-entries",
                        "description": "Adds objects to a KV store utilizing the batch-save API."
                    },
                    {
                        "name": "splunk-kv-store-collections-list",
                        "description": "Lists all collections for the specified application."
                    },
                    {
                        "name": "splunk-kv-store-collection-data-list",
                        "description": "Lists all data within a specific KV store collection or collections."
                    },
                    {
                        "name": "splunk-kv-store-collection-data-delete",
                        "description": "Deletes all data within the specified KV store collection or collections."
                    },
                    {
                        "name": "splunk-kv-store-collection-delete",
                        "description": "Deletes the specified KV stores."
                    },
                    {
                        "name": "splunk-kv-store-collection-search-entry",
                        "description": "Searches for specific objects in a store. The search can be a basic key-value pair or a full query."
                    },
                    {
                        "name": "splunk-kv-store-collection-delete-entry",
                        "description": "Deletes the specified object in store. The search can be a basic key-value pair or a full query."
                    },
                    {
                        "name": "get-mapping-fields",
                        "description": "Query Splunk to retrieve a list of sample alerts by alert type. Used for mapping fetched incidents through the Get Schema option."
                    },
                    {
                        "name": "get-remote-data",
                        "description": "Gets data from a notable event. This method does not update the current incident, and should be used for debugging purposes."
                    },
                    {
                        "name": "get-modified-remote-data",
                        "description": "Gets the list of notable events that were modified since the last update. This command should be used for debugging purposes, and is available from Cortex XSOAR version 6.1."
                    },
                    {
                        "name": "splunk-reset-enriching-fetch-mechanism",
                        "description": "Resets the enrichment mechanism of fetched notables."
                    },
                    {
                        "name": "splunk-get-username-by-xsoar-user",
                        "description": "Returns the Splunk's username matching the given Cortex XSOAR's username."
                    }
                ],
                "marketplaces": [
                    "xsoar",
                    "marketplacev2"
                ],
                "fromversion": "5.0.0",
                "toversion": "",
                "isfetch": true,
                "isfetchevents": false,
                "deprecated": false
            }
        ],
        "automation": [
            {
                "id": "SplunkShowDrilldown",
                "name": "SplunkShowDrilldown",
                "description": "Automation to display drilldown search results from Splunk.",
                "tags": [
                    "dynamic-section"
                ],
                "marketplaces": [
                    "xsoar",
                    "marketplacev2"
                ],
                "fromversion": "5.0.0",
                "toversion": ""
            },
            {
                "id": "SplunkShowIdentity",
                "name": "SplunkShowIdentity",
                "description": "Automation to display identity objects from Splunk.",
                "tags": [
                    "dynamic-section"
                ],
                "marketplaces": [
                    "xsoar",
                    "marketplacev2"
                ],
                "fromversion": "5.0.0",
                "toversion": ""
            },
            {
                "id": "SplunkPySearch",
                "name": "SplunkPySearch",
                "description": "Deprecated. No available replacement. Run a query through Splunk and format the results as a table.",
                "tags": [
                    "enhancement",
                    "splunk"
                ],
                "marketplaces": [
                    "xsoar",
                    "marketplacev2"
                ],
                "fromversion": "5.0.0",
                "toversion": ""
            },
            {
                "id": "SplunkShowAsset",
                "name": "SplunkShowAsset",
                "description": "Automation to display asset objects from Splunk.",
                "tags": [
                    "dynamic-section"
                ],
                "marketplaces": [
                    "xsoar",
                    "marketplacev2"
                ],
                "fromversion": "5.0.0",
                "toversion": ""
            }
        ],
        "incidenttype": [
            {
                "id": "Splunk Notable Generic",
                "name": "Splunk Notable Generic",
                "playbook": "Splunk Generic",
                "closureScript": "",
                "hours": 0,
                "days": 0,
                "weeks": 0,
                "marketplaces": [
                    "xsoar",
                    "marketplacev2"
                ],
                "fromversion": "5.0.0",
                "toversion": ""
            }
        ],
        "playbook": [
            {
                "id": "Splunk Indicator Hunting",
                "name": "Splunk Indicator Hunting",
                "description": "This playbook queries Splunk for indicators such as file hashes, IP addresses, domains, or urls. It outputs detected users, ip addresses, and hostnames related to the indicators.",
                "marketplaces": [
                    "xsoar",
                    "marketplacev2"
                ],
                "fromversion": "5.0.0",
                "toversion": ""
            },
            {
                "id": "Splunk Generic",
                "name": "Splunk Generic",
                "description": "This is a generic playbook to be executed for the Splunk Notable Generic incident type. The playbook performs all the common parts of the investigation, including notifying the SOC, enriching the data for indicators and users, calculating the severity, assigning the incident, notifying the SIEM admin for false positives and more.",
                "marketplaces": [
                    "xsoar",
                    "marketplacev2"
                ],
                "fromversion": "5.0.0",
                "toversion": ""
            }
        ]
    },
    "contentDisplays": {
        "automation": "Automations",
        "playbook": "Playbooks",
        "integration": "Integration",
        "incidentfield": "Incident Fields",
        "incidenttype": "Incident Type",
        "layoutscontainer": "Layouts Container",
        "classifier": "Classifiers"
    },
    "searchRank": 10,
    "integrations": [
        {
            "name": "SplunkPy",
            "imagePath": "content/packs/SplunkPy/SplunkPy_image.png"
        }
    ],
    "useCases": [],
    "keywords": [],
    "dependencies": {
        "FiltersAndTransformers": {
            "mandatory": true,
            "minVersion": "1.2.24",
            "author": "Cortex XSOAR",
            "name": "Filters And Transformers",
            "certification": "certified"
        },
        "CommonTypes": {
            "mandatory": true,
            "minVersion": "3.3.81",
            "author": "Cortex XSOAR",
            "name": "Common Types",
            "certification": "certified"
        },
        "Identity": {
            "mandatory": true,
            "minVersion": "1.0.0",
            "author": "Cortex XSOAR",
            "name": "Identity",
            "certification": "certified"
        },
        "Asset": {
            "mandatory": true,
            "minVersion": "1.0.4",
            "author": "Cortex XSOAR",
            "name": "Asset",
            "certification": "certified"
        },
        "Malware": {
            "mandatory": true,
            "minVersion": "1.4.7",
            "author": "Cortex XSOAR",
            "name": "Malware Core",
            "certification": "certified"
        },
        "CommonScripts": {
            "mandatory": true,
            "minVersion": "1.12.5",
            "author": "Cortex XSOAR",
            "name": "Common Scripts",
            "certification": "certified"
        },
        "PhishingAlerts": {
            "mandatory": false,
            "minVersion": "1.0.2",
            "author": "Cortex XSOAR",
            "name": "PhishingAlerts",
            "certification": "certified"
        },
        "Base": {
            "mandatory": true,
            "minVersion": "1.32.21",
            "author": "Cortex XSOAR",
            "name": "Base",
            "certification": "certified"
        },
        "AccessInvestigation": {
            "mandatory": true,
            "minVersion": "1.2.3",
            "author": "Cortex XSOAR",
            "name": "Access Investigation",
            "certification": "certified"
        },
        "Phishing": {
            "mandatory": false,
            "minVersion": "3.5.25",
            "author": "Cortex XSOAR",
            "name": "Phishing",
            "certification": "certified"
        }
    },
    "excludedDependencies": [],
    "marketplaces": [
        "xsoar",
        "marketplacev2",
        "xpanse"
    ],
    "videos": []
}