{
    "author": "Cortex XSOAR",
    "authorImage": "content/packs/Base/Author_image.png",
    "categories": [
        "Case Management"
    ],
    "certification": "certified",
    "commit": "1c094afc70f2035bc4681995fe966d8512afca1d",
    "contentCommitHash": null,
    "contentDisplays": {
        "classifier": "Classifiers",
        "incidentfield": "Incident Fields",
        "incidenttype": "Incident Types",
        "integration": "Integration",
        "layoutscontainer": "Layouts Container"
    },
    "contentItems": {
        "classifier": [
            {
                "deprecated": false,
                "description": "FreshworksFreshservice - Classifier",
                "fromversion": "6.0.0",
                "id": "FreshworksFreshservice - Classifier",
                "name": "FreshworksFreshservice - Classifier",
                "toversion": ""
            },
            {
                "deprecated": false,
                "description": "FreshworksFreshservice - Outgoing Common Mapping",
                "fromversion": "6.0.0",
                "id": "FreshworksFreshservice - Outgoing Common Mapping",
                "name": "FreshworksFreshservice - Outgoing Common Mapping",
                "toversion": ""
            },
            {
                "deprecated": false,
                "description": "FreshworksFreshservice - Incoming Mapper",
                "fromversion": "6.0.0",
                "id": "FreshworksFreshservice - Incoming Mapper",
                "name": "FreshworksFreshservice - Incoming Mapper",
                "toversion": ""
            }
        ],
        "incidentfield": [
            {
                "deprecated": false,
                "description": "",
                "fromversion": "6.0.0",
                "id": "incident_freshworksfreshservicegroupid",
                "name": "FreshworksFreshservice Group ID",
                "toversion": "",
                "type": "shortText"
            },
            {
                "deprecated": false,
                "description": "",
                "fromversion": "6.0.0",
                "id": "incident_freshworksfreshserviceworkspaceid",
                "name": "FreshworksFreshservice Workspace ID",
                "toversion": "",
                "type": "shortText"
            },
            {
                "deprecated": false,
                "description": "",
                "fromversion": "6.0.0",
                "id": "incident_freshworksfreshservicespam",
                "name": "FreshworksFreshservice Spam",
                "toversion": "",
                "type": "boolean"
            },
            {
                "deprecated": false,
                "description": "",
                "fromversion": "6.0.0",
                "id": "incident_freshworksfreshservicetickettype",
                "name": "FreshworksFreshservice Ticket Type",
                "toversion": "",
                "type": "shortText"
            },
            {
                "deprecated": false,
                "description": "",
                "fromversion": "6.0.0",
                "id": "incident_freshworksfreshserviceimpactedservices",
                "name": "FreshworksFreshservice Impacted Services",
                "toversion": "",
                "type": "multiSelect"
            },
            {
                "deprecated": false,
                "description": "",
                "fromversion": "6.0.0",
                "id": "incident_freshworksfreshserviceplannedstartdate",
                "name": "FreshworksFreshservice Planned Start Date",
                "toversion": "",
                "type": "date"
            },
            {
                "deprecated": false,
                "description": "",
                "fromversion": "6.0.0",
                "id": "incident_freshworksfreshservicesource",
                "name": "FreshworksFreshservice Source",
                "toversion": "",
                "type": "shortText"
            },
            {
                "deprecated": false,
                "description": "",
                "fromversion": "6.0.0",
                "id": "incident_freshworksfreshservicereleasetype",
                "name": "FreshworksFreshservice Release Type",
                "toversion": "",
                "type": "singleSelect"
            },
            {
                "deprecated": false,
                "description": "",
                "fromversion": "6.0.0",
                "id": "incident_freshworksfreshserviceknownerror",
                "name": "FreshworksFreshservice Known Error",
                "toversion": "",
                "type": "boolean"
            },
            {
                "deprecated": false,
                "description": "",
                "fromversion": "6.0.0",
                "id": "incident_freshworksfreshservicecategory",
                "name": "FreshworksFreshservice Category",
                "toversion": "",
                "type": "shortText"
            },
            {
                "deprecated": false,
                "description": "",
                "fromversion": "6.0.0",
                "id": "incident_freshworksfreshserviceticketstatus",
                "name": "FreshworksFreshservice Ticket Status",
                "toversion": "",
                "type": "singleSelect"
            },
            {
                "deprecated": false,
                "description": "",
                "fromversion": "6.0.0",
                "id": "incident_freshworksfreshservicerequesterid",
                "name": "FreshworksFreshservice Requester ID",
                "toversion": "",
                "type": "shortText"
            },
            {
                "deprecated": false,
                "description": "",
                "fromversion": "6.0.0",
                "id": "incident_freshworksfreshservicetags",
                "name": "FreshworksFreshservice Tags",
                "toversion": "",
                "type": "multiSelect"
            },
            {
                "deprecated": false,
                "description": "",
                "fromversion": "6.0.0",
                "id": "incident_freshworksfreshservicesubcategory",
                "name": "FreshworksFreshservice Sub Category",
                "toversion": "",
                "type": "shortText"
            },
            {
                "deprecated": false,
                "description": "",
                "fromversion": "6.0.0",
                "id": "incident_freshworksfreshserviceanalysisfields",
                "name": "FreshworksFreshservice Analysis Fields",
                "toversion": "",
                "type": "shortText"
            },
            {
                "deprecated": false,
                "description": "",
                "fromversion": "6.0.0",
                "id": "incident_freshworksfreshserviceattachments",
                "name": "FreshworksFreshservice Attachments",
                "toversion": "",
                "type": "grid"
            },
            {
                "deprecated": false,
                "description": "",
                "fromversion": "6.0.0",
                "id": "incident_freshworksfreshservicechangestatus",
                "name": "FreshworksFreshservice Change Status",
                "toversion": "",
                "type": "singleSelect"
            },
            {
                "deprecated": false,
                "description": "",
                "fromversion": "6.0.0",
                "id": "incident_freshworksfreshservicedepartmentid",
                "name": "FreshworksFreshservice Department ID",
                "toversion": "",
                "type": "shortText"
            },
            {
                "deprecated": false,
                "description": "",
                "fromversion": "6.0.0",
                "id": "incident_freshworksfreshserviceplannedenddate",
                "name": "FreshworksFreshservice Planned End Date",
                "toversion": "",
                "type": "date"
            },
            {
                "deprecated": false,
                "description": "",
                "fromversion": "6.0.0",
                "id": "incident_freshworksfreshservicecustomfields",
                "name": "FreshworksFreshservice Custom Fields",
                "toversion": "",
                "type": "shortText"
            },
            {
                "deprecated": false,
                "description": "",
                "fromversion": "6.0.0",
                "id": "incident_freshworksfreshserviceurgency",
                "name": "FreshworksFreshservice Urgency",
                "toversion": "",
                "type": "singleSelect"
            },
            {
                "deprecated": false,
                "description": "",
                "fromversion": "6.0.0",
                "id": "incident_freshworksfreshservicetask",
                "name": "FreshworksFreshservice Task",
                "toversion": "",
                "type": "grid"
            },
            {
                "deprecated": false,
                "description": "",
                "fromversion": "6.0.0",
                "id": "incident_freshworksfreshservicedueby",
                "name": "FreshworksFreshservice Due By",
                "toversion": "",
                "type": "shortText"
            },
            {
                "deprecated": false,
                "description": "",
                "fromversion": "6.0.0",
                "id": "incident_freshworksfreshserviceproblemstatus",
                "name": "FreshworksFreshservice Problem Status",
                "toversion": "",
                "type": "singleSelect"
            },
            {
                "deprecated": false,
                "description": "",
                "fromversion": "6.0.0",
                "id": "incident_freshworksfreshservicechangetype",
                "name": "FreshworksFreshservice Change Type",
                "toversion": "",
                "type": "singleSelect"
            },
            {
                "deprecated": false,
                "description": "",
                "fromversion": "6.0.0",
                "id": "incident_freshworksfreshservicereleasestatus",
                "name": "FreshworksFreshservice Release Status",
                "toversion": "",
                "type": "singleSelect"
            },
            {
                "deprecated": false,
                "description": "",
                "fromversion": "6.0.0",
                "id": "incident_freshworksfreshserviceitemcategory",
                "name": "FreshworksFreshservice Item Category",
                "toversion": "",
                "type": "shortText"
            },
            {
                "deprecated": false,
                "description": "",
                "fromversion": "6.0.0",
                "id": "incident_freshworksfreshserviceagentid",
                "name": "FreshworksFreshservice Agent ID",
                "toversion": "",
                "type": "shortText"
            },
            {
                "deprecated": false,
                "description": "",
                "fromversion": "6.0.0",
                "id": "incident_freshworksfreshservicereleaseid",
                "name": "FreshworksFreshservice Release ID",
                "toversion": "",
                "type": "shortText"
            },
            {
                "deprecated": false,
                "description": "",
                "fromversion": "6.0.0",
                "id": "incident_freshworksfreshserviceassets",
                "name": "FreshworksFreshservice Assets",
                "toversion": "",
                "type": "grid"
            },
            {
                "deprecated": false,
                "description": "",
                "fromversion": "6.0.0",
                "id": "incident_freshworksfreshserviceapprovalstatus",
                "name": "FreshworksFreshservice Approval Status",
                "toversion": "",
                "type": "shortText"
            },
            {
                "deprecated": false,
                "description": "",
                "fromversion": "6.0.0",
                "id": "incident_freshworksfreshservicepriority",
                "name": "FreshworksFreshservice Priority",
                "toversion": "",
                "type": "singleSelect"
            },
            {
                "deprecated": false,
                "description": "",
                "fromversion": "6.0.0",
                "id": "incident_freshworksfreshserviceimpact",
                "name": "FreshworksFreshservice Impact",
                "toversion": "",
                "type": "singleSelect"
            },
            {
                "deprecated": false,
                "description": "",
                "fromversion": "6.0.0",
                "id": "incident_freshworksfreshserviceresponderid",
                "name": "FreshworksFreshservice Responder ID",
                "toversion": "",
                "type": "shortText"
            },
            {
                "deprecated": false,
                "description": "",
                "fromversion": "6.0.0",
                "id": "incident_freshworksfreshserviceincidenttype",
                "name": "FreshworksFreshservice Incident Type",
                "toversion": "",
                "type": "shortText"
            },
            {
                "deprecated": false,
                "description": "",
                "fromversion": "6.0.0",
                "id": "incident_freshworksfreshservicerisk",
                "name": "FreshworksFreshservice Risk",
                "toversion": "",
                "type": "singleSelect"
            },
            {
                "deprecated": false,
                "description": "",
                "fromversion": "6.0.0",
                "id": "incident_freshworksfreshservicedeleted",
                "name": "FreshworksFreshservice Deleted",
                "toversion": "",
                "type": "boolean"
            }
        ],
        "incidenttype": [
            {
                "closureScript": "",
                "days": 0,
                "deprecated": false,
                "description": "",
                "fromversion": "6.0.0",
                "hours": 0,
                "id": "FreshworksFreshservice Problem Request",
                "name": "FreshworksFreshservice Problem Request",
                "playbook": "",
                "toversion": "",
                "weeks": 0
            },
            {
                "closureScript": "",
                "days": 0,
                "deprecated": false,
                "description": "",
                "fromversion": "6.0.0",
                "hours": 0,
                "id": "FreshworksFreshservice Release Request",
                "name": "FreshworksFreshservice Release Request",
                "playbook": "",
                "toversion": "",
                "weeks": 0
            },
            {
                "closureScript": "",
                "days": 0,
                "deprecated": false,
                "description": "",
                "fromversion": "6.0.0",
                "hours": 0,
                "id": "FreshworksFreshservice Change Request",
                "name": "FreshworksFreshservice Change Request",
                "playbook": "",
                "toversion": "",
                "weeks": 0
            },
            {
                "closureScript": "",
                "days": 0,
                "deprecated": false,
                "description": "",
                "fromversion": "6.0.0",
                "hours": 0,
                "id": "FreshworksFreshservice Ticket",
                "name": "FreshworksFreshservice Ticket",
                "playbook": "",
                "toversion": "",
                "weeks": 0
            }
        ],
        "integration": [
            {
                "category": "Case Management",
                "commands": [
                    {
                        "deprecated": false,
                        "description": "Delete an existing ticket in Freshservice.",
                        "name": "freshservice-ticket-delete",
                        "source_repo": "content"
                    },
                    {
                        "deprecated": false,
                        "description": "Lists all the assets (or a specific asset by ID) in the Freshservice account. You can specify 'query' argument or any filter arguments, not both. When providing multiple filter arguments the connection between them will be \"AND\".",
                        "name": "freshservice-asset-list",
                        "source_repo": "content"
                    },
                    {
                        "deprecated": false,
                        "description": "Retrieve the tasks on a change request with the given ID from Freshservice.",
                        "name": "freshservice-change-task-list",
                        "source_repo": "content"
                    },
                    {
                        "deprecated": false,
                        "description": "Lists all the requesters (information about a user) in a Freshservice account. You can specify 'query' argument or any filter arguments, not both. When providing multiple filter arguments the connection between them will be \"AND\".",
                        "name": "freshservice-requester-list",
                        "source_repo": "content"
                    },
                    {
                        "deprecated": false,
                        "description": "Update an existing ticket in Freshservice.",
                        "name": "freshservice-ticket-update",
                        "source_repo": "content"
                    },
                    {
                        "deprecated": false,
                        "description": "Delete the problem with the given ID from Freshservice.",
                        "name": "freshservice-problem-delete",
                        "source_repo": "content"
                    },
                    {
                        "deprecated": false,
                        "description": "Lists all the purchase orders (or a specific order by ID) in a Freshservice account.",
                        "name": "freshservice-purchase-order-list",
                        "source_repo": "content"
                    },
                    {
                        "deprecated": false,
                        "description": "Delete the conversation on a ticket with the given ID from Freshservice.",
                        "name": "freshservice-ticket-conversation-delete",
                        "source_repo": "content"
                    },
                    {
                        "deprecated": false,
                        "description": "Create a new task on a change request in Freshservice.",
                        "name": "freshservice-change-task-create",
                        "source_repo": "content"
                    },
                    {
                        "deprecated": false,
                        "description": "Delete a release with the given ID from Freshservice.",
                        "name": "freshservice-release-delete",
                        "source_repo": "content"
                    },
                    {
                        "deprecated": false,
                        "description": "Create a new change request in Freshservice. Creating a ticket requires one of the following- requester_id or email.",
                        "name": "freshservice-change-create",
                        "source_repo": "content"
                    },
                    {
                        "deprecated": false,
                        "description": "Retrieve all existing tickets or a specific ticket by specifying the ticket ID. By default, only tickets that have been created within the past 30 days will be returned. For older tickets, use the updated_since filter. You can specify the 'query' argument, 'filter' argument or any filter arguments, but not all of them together. When providing multiple filter arguments the connection between them will be \"AND\".",
                        "name": "freshservice-ticket-list",
                        "source_repo": "content"
                    },
                    {
                        "deprecated": false,
                        "description": "Create a new reply for an existing ticket conversation.",
                        "name": "freshservice-ticket-conversation-reply-create",
                        "source_repo": "content"
                    },
                    {
                        "deprecated": false,
                        "description": "Lists all the vendors (or a specific vendor by ID) in the Freshservice account.",
                        "name": "freshservice-vendor-list",
                        "source_repo": "content"
                    },
                    {
                        "deprecated": false,
                        "description": "Retrieve a list of all change requests or the change request with the given ID from Freshservice.",
                        "name": "freshservice-change-list",
                        "source_repo": "content"
                    },
                    {
                        "deprecated": false,
                        "description": "Retrieve the tasks on a release with the given ID from Freshservice.",
                        "name": "freshservice-release-task-list",
                        "source_repo": "content"
                    },
                    {
                        "deprecated": false,
                        "description": "Update an existing task on an existing release in Freshservice.",
                        "name": "freshservice-release-task-update",
                        "source_repo": "content"
                    },
                    {
                        "deprecated": false,
                        "description": "Retrieve all conversations of a ticket. Conversations consist of replies as well as public and private notes added to a ticket. Notes are non-invasive ways of sharing updates about a ticket amongst agents and requesters. Private notes are for collaboration between agents and are not visible to the requester. Public notes are visible to and can be created by, both requesters and agents.",
                        "name": "freshservice-ticket-conversation-list",
                        "source_repo": "content"
                    },
                    {
                        "deprecated": false,
                        "description": "Retrieve the tasks on a problem with the given ID from Freshservice.",
                        "name": "freshservice-problem-task-list",
                        "source_repo": "content"
                    },
                    {
                        "deprecated": false,
                        "description": "Gets remote data from a remote incident. This method does not update the current incident, and should be used for debugging purposes.",
                        "name": "get-remote-data",
                        "source_repo": "content"
                    },
                    {
                        "deprecated": false,
                        "description": "Lists all the requester fields in a Freshservice account.",
                        "name": "freshservice-requester-field-list",
                        "source_repo": "content"
                    },
                    {
                        "deprecated": false,
                        "description": "Update an existing release in Freshservice.",
                        "name": "freshservice-release-update",
                        "source_repo": "content"
                    },
                    {
                        "deprecated": false,
                        "description": "Retrieve tasks list (or a specific task) on a ticket with the given ID from Freshservice.",
                        "name": "freshservice-ticket-task-list",
                        "source_repo": "content"
                    },
                    {
                        "deprecated": false,
                        "description": "Create a new release request in Freshservice.",
                        "name": "freshservice-release-create",
                        "source_repo": "content"
                    },
                    {
                        "deprecated": false,
                        "description": "Retrieve a list of all releases (or a specific release by ID) in Freshservice.",
                        "name": "freshservice-release-list",
                        "source_repo": "content"
                    },
                    {
                        "deprecated": false,
                        "description": "Delete the task on a change request with the given ID from Freshservice.",
                        "name": "freshservice-change-task-delete",
                        "source_repo": "content"
                    },
                    {
                        "deprecated": false,
                        "description": "Retrieve a list of all problems or a specific problem with the given ID from Freshservice.",
                        "name": "freshservice-problem-list",
                        "source_repo": "content"
                    },
                    {
                        "deprecated": false,
                        "description": "Update an existing task on an existing ticket in Freshservice.",
                        "name": "freshservice-ticket-task-update",
                        "source_repo": "content"
                    },
                    {
                        "deprecated": false,
                        "description": "Create a new note for an existing ticket conversation.",
                        "name": "freshservice-ticket-conversation-note-create",
                        "source_repo": "content"
                    },
                    {
                        "deprecated": false,
                        "description": "Create a new task on a problem in Freshservice.",
                        "name": "freshservice-problem-task-create",
                        "source_repo": "content"
                    },
                    {
                        "deprecated": false,
                        "description": "Create a new task on a release in Freshservice.",
                        "name": "freshservice-release-task-create",
                        "source_repo": "content"
                    },
                    {
                        "deprecated": false,
                        "description": "Retrieve a list of all agents (or a specific agent by ID) in Freshservice. You can specify 'query' argument or any filter arguments, not both. When providing multiple filter arguments the connection between them will be \"AND\".",
                        "name": "freshservice-agent-list",
                        "source_repo": "content"
                    },
                    {
                        "deprecated": false,
                        "description": "Lists all the agent groups (or a specific agent group by ID) in a Freshservice account.",
                        "name": "freshservice-agent-group-list",
                        "source_repo": "content"
                    },
                    {
                        "deprecated": false,
                        "description": "Update an existing task on an existing problem in Freshservice.",
                        "name": "freshservice-problem-task-update",
                        "source_repo": "content"
                    },
                    {
                        "deprecated": false,
                        "description": "Delete the change request with the given ID from Freshservice.",
                        "name": "freshservice-change-delete",
                        "source_repo": "content"
                    },
                    {
                        "deprecated": false,
                        "description": "Create a new task on a ticket request in Freshservice.",
                        "name": "freshservice-ticket-task-create",
                        "source_repo": "content"
                    },
                    {
                        "deprecated": false,
                        "description": "Lists all the roles in a Freshservice account. Roles allow you to manage access permissions for agents.",
                        "name": "freshservice-role-list",
                        "source_repo": "content"
                    },
                    {
                        "deprecated": false,
                        "description": "Returns the list of fields for an incident type.",
                        "name": "get-mapping-fields",
                        "source_repo": "content"
                    },
                    {
                        "deprecated": false,
                        "description": "Create a new ticket at the service desk. The default ticket type\nis incident. Create ticket requires one of the following: requester_id, phone, email. Ticket type helps categorize the ticket according to the different\nkinds of issues your support team deals with. As of now, API v2 supports only\ntype 'incident'.",
                        "name": "freshservice-ticket-create",
                        "source_repo": "content"
                    },
                    {
                        "deprecated": false,
                        "description": "Delete the task on a problem with the given ID from Freshservice.",
                        "name": "freshservice-problem-task-delete",
                        "source_repo": "content"
                    },
                    {
                        "deprecated": false,
                        "description": "Update an existing conversation on an existing ticket in Freshservice.",
                        "name": "freshservice-ticket-conversation-update",
                        "source_repo": "content"
                    },
                    {
                        "deprecated": false,
                        "description": "Update an existing change request in Freshservice.",
                        "name": "freshservice-change-update",
                        "source_repo": "content"
                    },
                    {
                        "deprecated": false,
                        "description": "Update an existing problem in Freshservice.",
                        "name": "freshservice-problem-update",
                        "source_repo": "content"
                    },
                    {
                        "deprecated": false,
                        "description": "Lists all the departments (or a specific department by ID) in a Freshservice account.",
                        "name": "freshservice-department-list",
                        "source_repo": "content"
                    },
                    {
                        "deprecated": false,
                        "description": "Update an existing task on an existing change request in Freshservice.",
                        "name": "freshservice-change-task-update",
                        "source_repo": "content"
                    },
                    {
                        "deprecated": false,
                        "description": "Lists all the software (or a specific software by ID) in the Freshservice account.",
                        "name": "freshservice-software-list",
                        "source_repo": "content"
                    },
                    {
                        "deprecated": false,
                        "description": "Create a new problem request in Freshservice. Creating a problem requires one of the following- requester_id or email.",
                        "name": "freshservice-problem-create",
                        "source_repo": "content"
                    },
                    {
                        "deprecated": false,
                        "description": "Delete the task on a ticket with the given ID from Freshservice.",
                        "name": "freshservice-ticket-task-delete",
                        "source_repo": "content"
                    },
                    {
                        "deprecated": false,
                        "description": "Delete the task on a release with the given ID from Freshservice.",
                        "name": "freshservice-release-task-delete",
                        "source_repo": "content"
                    },
                    {
                        "deprecated": false,
                        "description": "Gets the list of incidents that were modified since the last update time. Note that this method is here for debugging purposes. The get-modified-remote-data command is used as part of a Mirroring feature, which is available in Cortex XSOAR from version 6.1.",
                        "name": "get-modified-remote-data",
                        "source_repo": "content"
                    }
                ],
                "deprecated": false,
                "description": "Freshservice is a service management solution that allows customers to manage service requests, incidents, change requests tasks, and problem investigation.",
                "fromversion": "6.8.0",
                "id": "FreshworksFreshservice",
                "isfetch": true,
                "isfetchevents": false,
                "name": "Freshworks Freshservice",
                "toversion": ""
            }
        ],
        "layoutscontainer": [
            {
                "deprecated": false,
                "description": "FreshworksFreshservice Layout",
                "fromversion": "6.0.0",
                "id": "FreshworksFreshservice Layout",
                "name": "FreshworksFreshservice Layout",
                "toversion": ""
            }
        ]
    },
    "contributors": null,
    "created": "2023-04-20T09:24:14Z",
    "currentVersion": "1.0.23",
    "dependencies": {
        "Base": {
            "author": "Cortex XSOAR",
            "certification": "certified",
            "mandatory": true,
            "minVersion": "1.33.37",
            "name": "Base"
        },
        "CommonTypes": {
            "author": "Cortex XSOAR",
            "certification": "certified",
            "mandatory": false,
            "minVersion": "3.4.3",
            "name": "Common Types"
        }
    },
    "deprecated": false,
    "description": "Freshservice is a service management solution that allows customers to manage service requests, incidents, change requests tasks, and problem investigation.",
    "display_name": "Freshworks Freshservice",
    "downloads": 134,
    "eulaLink": "https://github.com/demisto/content/blob/master/LICENSE",
    "excludedDependencies": [],
    "git_sha": null,
    "git_status": null,
    "hidden": false,
    "hybrid": false,
    "id": "FreshworksFreshservice",
    "integrations": [
        {
            "name": "Freshworks Freshservice",
            "imagePath": "content/packs/FreshworksFreshservice/FreshworksFreshservice_image.png"
        }
    ],
    "keywords": [
        "Freshservice"
    ],
    "legacy": true,
    "marketplaces": [
        "marketplacev2",
        "xsoar",
        "xsoar_saas"
    ],
    "modules": [],
    "name": "Freshworks Freshservice",
    "old_base_content_object": null,
    "price": 0,
    "searchRank": 10,
    "serverMinVersion": "6.0.0",
    "source_repo": "content",
    "support": "xsoar",
    "supportDetails": {
        "url": "https://www.paloaltonetworks.com/cortex"
    },
    "tags": [
        "Relationship"
    ],
    "updated": "2024-03-03T20:23:51Z",
    "useCases": [],
    "versionInfo": "865088",
    "videos": []
}