{
    "author": "Cortex XSOAR",
    "authorImage": "content/packs/CortexXpanse/Author_image.png",
    "categories": [
        "Data Enrichment & Threat Intelligence"
    ],
    "certification": "certified",
    "commit": "076e0c9ec700140c284da33cb220f5d2e4f30a48",
    "contentCommitHash": null,
    "contentDisplays": {
        "classifier": "Classifiers",
        "dashboard": "Dashboard",
        "incidentfield": "Incident Fields",
        "incidenttype": "Incident Type",
        "integration": "Integration",
        "layoutscontainer": "Layouts Container",
        "playbook": "Playbooks",
        "widget": "Widgets"
    },
    "contentItems": {
        "classifier": [
            {
                "deprecated": false,
                "description": "",
                "fromversion": "6.5.0",
                "id": "Xpanse - Classifier",
                "name": "Xpanse - Classifier",
                "toversion": ""
            },
            {
                "deprecated": false,
                "description": "Mapper for Xpanse Alerts",
                "fromversion": "6.5.0",
                "id": "Xpanse - Incoming Mapper",
                "name": "Xpanse - Incoming Mapper",
                "toversion": ""
            }
        ],
        "dashboard": [
            {
                "deprecated": false,
                "fromversion": "6.8.0",
                "id": "Cortex Xpanse Overview Dashboard",
                "name": "Cortex Xpanse Overview Dashboard",
                "toversion": ""
            }
        ],
        "incidentfield": [
            {
                "deprecated": false,
                "description": "",
                "fromversion": "6.8.0",
                "id": "incident_xpansedescription",
                "name": "Xpanse Description",
                "toversion": "",
                "type": "markdown"
            },
            {
                "deprecated": false,
                "description": "",
                "fromversion": "6.8.0",
                "id": "incident_xpanseassetids",
                "name": "Xpanse Asset IDs",
                "toversion": "",
                "type": "shortText"
            },
            {
                "deprecated": false,
                "description": "",
                "fromversion": "6.5.0",
                "id": "incident_xpanseip",
                "name": "Xpanse IP",
                "toversion": "",
                "type": "shortText"
            },
            {
                "deprecated": false,
                "description": "",
                "fromversion": "6.5.0",
                "id": "incident_xpanseprogressstatus",
                "name": "Xpanse Progress Status",
                "toversion": "",
                "type": "shortText"
            },
            {
                "deprecated": false,
                "description": "Guidance for responding to Xpanse Alerts",
                "fromversion": "6.8.0",
                "id": "incident_xpanseremediationguidance",
                "name": "Xpanse Remediation Guidance",
                "toversion": "",
                "type": "markdown"
            },
            {
                "deprecated": false,
                "description": "Country associated with Xpanse Alert",
                "fromversion": "6.8.0",
                "id": "incident_xpansecountrycode",
                "name": "Xpanse Country Code",
                "toversion": "",
                "type": "shortText"
            },
            {
                "deprecated": false,
                "description": "",
                "fromversion": "6.8.0",
                "id": "incident_xpanseservicevalidation",
                "name": "Xpanse Service Validation",
                "toversion": "",
                "type": "grid"
            },
            {
                "deprecated": false,
                "description": "",
                "fromversion": "6.5.0",
                "id": "incident_xpanseexternalid",
                "name": "Xpanse External ID",
                "toversion": "",
                "type": "shortText"
            },
            {
                "deprecated": false,
                "description": "",
                "fromversion": "6.5.0",
                "id": "incident_xpansecategory",
                "name": "Xpanse Category",
                "toversion": "",
                "type": "shortText"
            },
            {
                "deprecated": false,
                "description": "Xpanse Protocol",
                "fromversion": "6.8.0",
                "id": "incident_xpanseprotocol",
                "name": "Xpanse Protocol",
                "toversion": "",
                "type": "shortText"
            },
            {
                "deprecated": false,
                "description": "Xpanse Provider",
                "fromversion": "6.8.0",
                "id": "incident_xpanseprovider",
                "name": "Xpanse Provider",
                "toversion": "",
                "type": "shortText"
            },
            {
                "deprecated": false,
                "description": "",
                "fromversion": "6.5.0",
                "id": "incident_xpansehostname",
                "name": "Xpanse Host Name",
                "toversion": "",
                "type": "shortText"
            },
            {
                "deprecated": false,
                "description": "Xpanse Service Classifications",
                "fromversion": "6.8.0",
                "id": "incident_xpanseserviceclassifications",
                "name": "Xpanse Service Classifications",
                "toversion": "",
                "type": "grid"
            },
            {
                "deprecated": false,
                "description": "",
                "fromversion": "6.5.0",
                "id": "incident_xpanseport",
                "name": "Xpanse Port",
                "toversion": "",
                "type": "number"
            },
            {
                "deprecated": false,
                "description": "Xpanse Service ID",
                "fromversion": "6.8.0",
                "id": "incident_xpanseserviceid",
                "name": "Xpanse Service ID",
                "toversion": "",
                "type": "shortText"
            },
            {
                "deprecated": false,
                "description": "",
                "fromversion": "6.5.0",
                "id": "incident_xpansealertid",
                "name": "Xpanse Alert ID",
                "toversion": "",
                "type": "shortText"
            },
            {
                "deprecated": false,
                "description": "",
                "fromversion": "6.5.0",
                "id": "incident_xpansetags",
                "name": "Xpanse Tags",
                "toversion": "",
                "type": "shortText"
            },
            {
                "deprecated": false,
                "description": "",
                "fromversion": "6.8.0",
                "id": "incident_xpansebusinessunits",
                "name": "Xpanse Business Units",
                "toversion": "",
                "type": "shortText"
            }
        ],
        "incidenttype": [
            {
                "closureScript": "",
                "days": 0,
                "deprecated": false,
                "description": "",
                "fromversion": "6.8.0",
                "hours": 0,
                "id": "Xpanse Alert",
                "name": "Xpanse Alert",
                "playbook": "Xpanse - Alert Handler",
                "toversion": "",
                "weeks": 0
            }
        ],
        "integration": [
            {
                "category": "Vulnerability Management",
                "commands": [
                    {
                        "deprecated": false,
                        "description": "Updates a given incident. Can be used to modify the status, severity, assignee, or add comments.",
                        "name": "asm-update-incident",
                        "source_repo": "content"
                    },
                    {
                        "deprecated": false,
                        "description": "Assigns tags to a list of IP ranges.",
                        "name": "asm-tag-range-assign",
                        "source_repo": "content"
                    },
                    {
                        "deprecated": false,
                        "description": "Get the external IP address range details according to the range IDs.",
                        "name": "asm-get-external-ip-address-range",
                        "source_repo": "content"
                    },
                    {
                        "deprecated": false,
                        "description": "Fetches ASM incidents that match provided filters. Incidents are an aggregation of related alerts. Note: Incident IDs may also be references as \"Case IDs' elsewhere in the API.",
                        "name": "asm-list-incidents",
                        "source_repo": "content"
                    },
                    {
                        "deprecated": false,
                        "description": "Removes tags from a list of IP ranges.",
                        "name": "asm-tag-range-remove",
                        "source_repo": "content"
                    },
                    {
                        "deprecated": false,
                        "description": "Get a list of all your internet exposures filtered by business units and organization handles. Maximum result limit is 100 ranges.",
                        "name": "asm-list-external-ip-address-range",
                        "source_repo": "content"
                    },
                    {
                        "deprecated": false,
                        "description": "Get a list of all your external services filtered by business units, externally detected providers, domain, externally inferred CVEs, active classifications, inactive classifications, service name, service type, protocol, IP address, is active, and discovery type. Maximum result limit is 100 assets.",
                        "name": "asm-list-external-service",
                        "source_repo": "content"
                    },
                    {
                        "deprecated": false,
                        "description": "Returns enrichment for an IP address.",
                        "name": "ip",
                        "source_repo": "content"
                    },
                    {
                        "deprecated": false,
                        "description": "Get service details according to the service ID.",
                        "name": "asm-get-external-service",
                        "source_repo": "content"
                    },
                    {
                        "deprecated": false,
                        "description": "Removes tags from a list of assets.",
                        "name": "asm-tag-asset-remove",
                        "source_repo": "content"
                    },
                    {
                        "deprecated": false,
                        "description": "Get a list of all your internet exposures filtered by IP address, domain, type, and/or if there is an active external service. Maximum result limit is 100 assets.",
                        "name": "asm-list-asset-internet-exposure",
                        "source_repo": "content"
                    },
                    {
                        "deprecated": false,
                        "description": "Returns enrichment for a domain.",
                        "name": "domain",
                        "source_repo": "content"
                    },
                    {
                        "deprecated": false,
                        "description": "Assigns tags to a list of assets.",
                        "name": "asm-tag-asset-assign",
                        "source_repo": "content"
                    },
                    {
                        "deprecated": false,
                        "description": "Get external websites assets.",
                        "name": "asm-list-external-websites",
                        "source_repo": "content"
                    },
                    {
                        "deprecated": false,
                        "description": "Get a list of all your ASM alerts filtered by alert IDs, severity and/or creation time. Can also sort by creation time or severity. Maximum result limit is 100 assets.",
                        "name": "asm-list-alerts",
                        "source_repo": "content"
                    },
                    {
                        "deprecated": false,
                        "description": "Returns additional details about a specific incident.",
                        "name": "asm-get-incident",
                        "source_repo": "content"
                    },
                    {
                        "deprecated": false,
                        "description": "Get internet exposure asset details according to the asset ID.",
                        "name": "asm-get-asset-internet-exposure",
                        "source_repo": "content"
                    },
                    {
                        "deprecated": false,
                        "description": "Fetches attack surface rules related to how Cortex Xpanse does assessment.",
                        "name": "asm-get-attack-surface-rule",
                        "source_repo": "content"
                    },
                    {
                        "deprecated": false,
                        "description": "Updates the state of one or more alerts.",
                        "name": "asm-update-alerts",
                        "source_repo": "content"
                    }
                ],
                "deprecated": false,
                "description": "Integration to pull assets and other ASM related information.",
                "fromversion": "6.5.0",
                "id": "Cortex Xpanse",
                "isfetch": true,
                "isfetchevents": false,
                "name": "Cortex Xpanse",
                "toversion": ""
            }
        ],
        "layoutscontainer": [
            {
                "deprecated": false,
                "description": "",
                "fromversion": "6.5.0",
                "id": "Xpanse Alert Layout",
                "name": "Xpanse Alert Layout",
                "toversion": ""
            }
        ],
        "playbook": [
            {
                "deprecated": false,
                "description": "Additional enrichment via cloud service providers and other applicable IT and security tools.",
                "fromversion": "6.8.0",
                "id": "Xpanse - Alert Enrichment",
                "name": "Xpanse - Alert Enrichment",
                "toversion": ""
            },
            {
                "deprecated": false,
                "description": "Enrichment on the alert itself using Cortex Xpanse APIs.",
                "fromversion": "6.8.0",
                "id": "Xpanse - Alert Self-Enrichment",
                "name": "Xpanse - Alert Self-Enrichment",
                "toversion": ""
            },
            {
                "deprecated": false,
                "description": "Playbook that uses NMap to do a validation scan.",
                "fromversion": "6.8.0",
                "id": "Xpanse - NMap - Detect Service",
                "name": "Xpanse - NMap - Detect Service",
                "toversion": ""
            },
            {
                "deprecated": false,
                "description": "Default alert handling for Cortex Xpanse alerts.",
                "fromversion": "6.8.0",
                "id": "Xpanse - Alert Handler",
                "name": "Xpanse - Alert Handler",
                "toversion": ""
            }
        ],
        "widget": [
            {
                "dataType": "incidents",
                "deprecated": false,
                "description": "",
                "fromversion": "6.8.0",
                "id": "90712072-ecf3-4e25-8fc9-f5d11e84b6cb",
                "name": "New Xpanse High & Critical Incidents",
                "toversion": "",
                "widgetType": "column"
            },
            {
                "dataType": "incidents",
                "deprecated": false,
                "description": "",
                "fromversion": "6.8.0",
                "id": "c21d76eb-3bf8-43e3-891e-7c552a62dc0a",
                "name": "Assigned Active Xpanse Incidents",
                "toversion": "",
                "widgetType": "trend"
            },
            {
                "dataType": "incidents",
                "deprecated": false,
                "description": "",
                "fromversion": "6.8.0",
                "id": "4a095b3f-a4e4-4bb2-83e4-433aeff01eb6",
                "name": "Unassigned Active Xpanse Incidents",
                "toversion": "",
                "widgetType": "trend"
            },
            {
                "dataType": "incidents",
                "deprecated": false,
                "description": "",
                "fromversion": "6.8.0",
                "id": "d32b7678-e28b-4d4f-8ebc-33bb1f7fe9b3",
                "name": "Xpanse Incidents by Provider",
                "toversion": "",
                "widgetType": "bar"
            },
            {
                "dataType": "incidents",
                "deprecated": false,
                "description": "",
                "fromversion": "6.8.0",
                "id": "dcaf3cf7-ed17-40f8-8b29-5a0a2ef97cd4",
                "name": "Xpanse Incident Count by Business Unit",
                "toversion": "",
                "widgetType": "column"
            },
            {
                "dataType": "incidents",
                "deprecated": false,
                "description": "",
                "fromversion": "6.8.0",
                "id": "de2b128e-6d0d-497e-87ea-484725f4701a",
                "name": "Xpanse Incidents by Protocol",
                "toversion": "",
                "widgetType": "pie"
            },
            {
                "dataType": "incidents",
                "deprecated": false,
                "description": "",
                "fromversion": "6.8.0",
                "id": "d964ed66-bf7c-4eb0-86ac-2ca26b377dc8",
                "name": "Exposed Ports in Xpanse Incidents",
                "toversion": "",
                "widgetType": "pie"
            },
            {
                "dataType": "incidents",
                "deprecated": false,
                "description": "",
                "fromversion": "6.8.0",
                "id": "debfa1a5-e0d7-4128-8004-31a2407322ff",
                "name": "Xpanse Problematic IPs",
                "toversion": "",
                "widgetType": "column"
            }
        ]
    },
    "contributors": null,
    "created": "2023-01-26T23:39:10Z",
    "currentVersion": "1.0.19",
    "dependencies": {
        "AWS-Enrichment-Remediation": {
            "author": "Cortex XSOAR",
            "certification": "certified",
            "mandatory": false,
            "minVersion": "1.1.15",
            "name": "AWS Enrichment and Remediation"
        },
        "Azure-Enrichment-Remediation": {
            "author": "Cortex XSOAR",
            "certification": "certified",
            "mandatory": false,
            "minVersion": "1.1.13",
            "name": "Azure Enrichment and Remediation"
        },
        "Base": {
            "author": "Cortex XSOAR",
            "certification": "certified",
            "mandatory": true,
            "minVersion": "1.33.34",
            "name": "Base"
        },
        "CommonScripts": {
            "author": "Cortex XSOAR",
            "certification": "certified",
            "mandatory": true,
            "minVersion": "1.14.0",
            "name": "Common Scripts"
        },
        "CommonTypes": {
            "author": "Cortex XSOAR",
            "certification": "certified",
            "mandatory": false,
            "minVersion": "3.4.1",
            "name": "Common Types"
        },
        "FiltersAndTransformers": {
            "author": "Cortex XSOAR",
            "certification": "certified",
            "mandatory": true,
            "minVersion": "1.2.61",
            "name": "Filters And Transformers"
        },
        "GCP-Enrichment-Remediation": {
            "author": "Cortex XSOAR",
            "certification": "certified",
            "mandatory": false,
            "minVersion": "1.1.16",
            "name": "GCP Enrichment and Remediation"
        },
        "Nmap": {
            "author": "Cortex XSOAR",
            "certification": "certified",
            "mandatory": false,
            "minVersion": "1.2.3",
            "name": "Nmap"
        }
    },
    "deprecated": false,
    "description": "Content for working with Attack Surface Management (ASM).",
    "display_name": "Cortex Xpanse",
    "downloads": 402,
    "eulaLink": "https://github.com/demisto/content/blob/master/LICENSE",
    "excludedDependencies": [],
    "git_status": null,
    "hidden": false,
    "id": "CortexXpanse",
    "integrations": [
        {
            "name": "Cortex Xpanse",
            "imagePath": "content/packs/CortexXpanse/CortexXpanse_image.png"
        },
        {
            "name": "nmap",
            "imagePath": "content/packs/Nmap/nmap_image.png"
        }
    ],
    "keywords": [
        "Attack Surface Management",
        "Cortex",
        "ASM",
        "Xpanse",
        "Palo Alto Networks"
    ],
    "legacy": true,
    "marketplaces": [
        "xsoar",
        "xsoar_saas"
    ],
    "modules": [],
    "name": "Cortex Xpanse",
    "old_base_content_object": null,
    "price": 0,
    "searchRank": 10,
    "serverMinVersion": "6.5.0",
    "source_repo": "content",
    "support": "xsoar",
    "supportDetails": {
        "url": "https://www.paloaltonetworks.com/cortex"
    },
    "tags": [
        "Palo Alto Networks Products"
    ],
    "updated": "2024-02-20T10:26:54Z",
    "useCases": [],
    "versionInfo": "839519",
    "videos": []
}