{
    "author": "Randy Uhrlaub",
    "authorImage": "",
    "categories": [
        "Utilities"
    ],
    "certification": "",
    "commit": "b71d71d292af7d6159e608e2bc488271bc8d491f",
    "contentCommitHash": null,
    "contentDisplays": {
        "automation": "Automations",
        "dashboard": "Dashboards"
    },
    "contentItems": {
        "automation": [
            {
                "deprecated": false,
                "description": "",
                "fromversion": "6.10.0",
                "id": "XMetricsTotal",
                "name": "XMetricsTotal",
                "tags": [
                    "widget"
                ],
                "toversion": ""
            },
            {
                "deprecated": false,
                "description": "",
                "fromversion": "6.10.0",
                "id": "XMetricsYear",
                "name": "XMetricsYear",
                "tags": [
                    "widget"
                ],
                "toversion": ""
            },
            {
                "deprecated": false,
                "description": "",
                "fromversion": "6.10.0",
                "id": "XMetrics",
                "name": "XMetrics",
                "tags": [
                    "widget"
                ],
                "toversion": ""
            },
            {
                "deprecated": false,
                "description": "Collects metrics for a time window and the top 20 incident types in that period. Creates a small CSV with four tables 1) All Incidents 2) Closed Incidents 3) Open Duration 4) SLA timer durations. The time window is expected to be a complete month specified by the \"firstday\" and \"lastday\" arguments. If partial months are used, the open durations and SLA metrics is the average of the last set of incidents found, while incident counts are incremented.\n\nThe \"slatimers\" argument is a CSV list of custom SLA timer fields to include in the metrics. \n\n       Example: slatimers=\"customsla1,customsla2,customsla3\"\n\nThe \"filters\" argument is a CSV list thats support the following field names to filter incidents on: status, notstatus, type, severity, owner:\n\n        \"severity\" values are: unknown, information, low, medium, high, critical\n         \"status or notstatus\" values are: pending, active, done, archive\n        \"type\" is the name of a single incident type\n         \"owner\" is the name of a single incident owner\n\n          Example: filters =\"type=typea,status=done,severity=high\"\n\nIf the \"query\" parameter is passed, the \"filters\" argument is ignored. The \"query\" parameter is a Lucene/Bleve search string in the incidents search box. The \"query\" string is used to select which incidents - do not specify any dates. These are controlled by the \"firstday\" and \"lastday\" parameters.\n\nIf the \"windowstart\" and \"windowend\" parameters are passed with the name of timer fields, the duration is calculated from windowend.endDate - windowstart.startDate for the \"UserWindow\" SLA metric.\n\nThe \"mode\" argument controls saving monthly statistics in this year's XSOAR list (a JSON object) as specified in the \"thisyearlist\" argument. The default mode is \"increment\" and expects the time windows for each query to be contiguous with no gaps or overlaps in the time window specified by the \"firstday\" and \"lastday\" arguments. If the time windows overlap, then incidents will be double counted. If there are gaps between time windows, then incidents may be missed. If the query needs to run and not update the saved statistics, use \"mode=noupdate\". In the event a month in the saved statistics becomes corrupted, this is corrected by using \"mode=initialize\" with the first day and the last day of the month to reset the values.\n\nThe \"computeduration\" argument allows the overall incident open duration to be computed from the created and closed dates versus using the openDuration field. Set to \"yes\" to use computed duration. This is helpful when incidents do not have valid data in the openDuration field.",
                "fromversion": "6.10.0",
                "id": "XSOARValueMetrics",
                "name": "XSOARValueMetrics",
                "tags": [],
                "toversion": ""
            }
        ],
        "dashboard": [
            {
                "deprecated": false,
                "fromversion": "6.10.0",
                "id": "XSOAR Value Metrics",
                "name": "XSOAR Value Metrics",
                "toversion": ""
            },
            {
                "deprecated": false,
                "fromversion": "6.0.0",
                "id": "CISOMetrics",
                "name": "CISOMetrics",
                "toversion": ""
            }
        ]
    },
    "contributors": null,
    "created": "2023-11-30T20:22:58Z",
    "currentVersion": "2.0.4",
    "defaultDataSource": null,
    "dependencies": {
        "Base": {
            "author": "Cortex XSOAR",
            "certification": "certified",
            "mandatory": true,
            "minVersion": "1.34.41",
            "name": "Base"
        },
        "DemistoRESTAPI": {
            "author": "Cortex XSOAR",
            "certification": "certified",
            "mandatory": true,
            "minVersion": "1.3.61",
            "name": "Cortex REST API"
        }
    },
    "deprecated": false,
    "description": "A pack that contains community dashboards",
    "display_name": "Community Common Dashboards",
    "downloads": 143,
    "eulaLink": "https://github.com/demisto/content/blob/master/LICENSE",
    "excludedDependencies": [],
    "git_sha": null,
    "git_status": null,
    "hidden": false,
    "hybrid": false,
    "id": "CommunityCommonDashboards",
    "integrations": [
        {
            "name": "Core REST API",
            "imagePath": "content/packs/DemistoRESTAPI/CoreRESTAPI_image.png"
        },
        {
            "name": "Demisto REST API (Deprecated)",
            "imagePath": "content/packs/DemistoRESTAPI/DemistoRESTAPI_image.png"
        }
    ],
    "keywords": [],
    "legacy": true,
    "marketplaces": [
        "marketplacev2",
        "xsoar",
        "xsoar_saas"
    ],
    "modules": [],
    "name": "Community Common Dashboards",
    "old_base_content_object": null,
    "price": 0,
    "searchRank": 0,
    "serverMinVersion": "6.0.0",
    "source_repo": "content",
    "support": "community",
    "supportDetails": {},
    "tags": [],
    "updated": "2024-10-28T20:26:10Z",
    "useCases": [],
    "versionInfo": "1557782",
    "videos": []
}