{
    "author": "Maciej Drobniuch and Cortex XSOAR",
    "authorImage": "",
    "categories": [
        "Network Security"
    ],
    "certification": "",
    "commit": "b3569a848cbec6c59dbd323d66439919cbd1b34b",
    "contentCommitHash": null,
    "contentDisplays": {
        "automation": "Automations",
        "incidentfield": "Incident Fields",
        "incidenttype": "Incident Type",
        "integration": "Integration",
        "layoutscontainer": "Layouts Container",
        "playbook": "Playbooks"
    },
    "contentItems": {
        "automation": [
            {
                "deprecated": false,
                "description": "Entry widget that returns the number of unused rules found by PAN-OS policy. optimizer.",
                "fromversion": "6.0.0",
                "id": "EntryWidgetUnusedRules",
                "name": "EntryWidgetUnusedRules",
                "tags": [
                    "dynamic-section"
                ],
                "toversion": ""
            },
            {
                "deprecated": false,
                "description": "Entry widget that returns the number of rules with unused applications found by PAN-OS policy optimizer.",
                "fromversion": "6.0.0",
                "id": "EntryWidgetUnusedApplications",
                "name": "EntryWidgetUnusedApplications",
                "tags": [
                    "dynamic-section"
                ],
                "toversion": ""
            },
            {
                "deprecated": false,
                "description": "Entry widget that returns the number of port based rules found by PAN-OS policy optimizer.",
                "fromversion": "6.0.0",
                "id": "EntryWidgetPortBasedRules",
                "name": "EntryWidgetPortBasedRules",
                "tags": [
                    "dynamic-section"
                ],
                "toversion": ""
            }
        ],
        "incidentfield": [
            {
                "deprecated": false,
                "description": "Port based firewall rules found by PAN-OS Policy Optimizer.",
                "fromversion": "6.0.0",
                "id": "incident_panosportbasedrules",
                "name": "PAN-OS Port Based Rules",
                "toversion": "",
                "type": "markdown"
            },
            {
                "deprecated": false,
                "description": "Unused firewall rules found by PAN-OS Policy Optimizer.",
                "fromversion": "6.0.0",
                "id": "incident_panosunusedrules",
                "name": "PAN-OS Unused Rules",
                "toversion": "",
                "type": "markdown"
            },
            {
                "deprecated": false,
                "description": "Policy Optimizer use-case that will be handled by the Policy Optimizer playbook.",
                "fromversion": "6.0.0",
                "id": "incident_policyoptimizerusecase",
                "name": "Policy Optimizer Use-Case",
                "toversion": "",
                "type": "multiSelect"
            },
            {
                "deprecated": false,
                "description": "PAN-OS firewall rules with unused applications found by PAN-OS Policy Optimizer.",
                "fromversion": "6.0.0",
                "id": "incident_panosruleswithunusedapplications",
                "name": "PAN-OS Rules with Unused Applications",
                "toversion": "",
                "type": "markdown"
            }
        ],
        "incidenttype": [
            {
                "closureScript": "",
                "days": 0,
                "deprecated": false,
                "description": "",
                "fromversion": "6.0.0",
                "hours": 0,
                "id": "Policy Optimizer",
                "name": "Policy Optimizer",
                "playbook": "Policy Optimizer - Generic",
                "toversion": "",
                "weeks": 0
            }
        ],
        "integration": [
            {
                "category": "Network Security",
                "commands": [
                    {
                        "deprecated": false,
                        "description": "Gets unused, used, or any rules.",
                        "name": "pan-os-po-get-rules",
                        "source_repo": "content"
                    },
                    {
                        "deprecated": false,
                        "description": "Gets the unused apps.",
                        "name": "pan-os-po-unused-apps",
                        "source_repo": "content"
                    },
                    {
                        "deprecated": false,
                        "description": "Gets a specific dynamic address group.",
                        "name": "pan-os-get-dag",
                        "source_repo": "content"
                    },
                    {
                        "deprecated": false,
                        "description": "Shows all security policies with no apps specified.",
                        "name": "pan-os-po-no-apps",
                        "source_repo": "content"
                    },
                    {
                        "deprecated": false,
                        "description": "Gets the Policy Optimizer statistics.",
                        "name": "pan-os-po-get-stats",
                        "source_repo": "content"
                    },
                    {
                        "deprecated": false,
                        "description": "Gets the app usage statistics for a specific security rule.",
                        "name": "pan-os-po-app-and-usage",
                        "source_repo": "content"
                    }
                ],
                "deprecated": false,
                "description": "Automate your AppID Adoption by using this integration together with your Palo Alto Networks Next-Generation Firewall or Panorama.",
                "fromversion": "6.0.0",
                "id": "PAN-OS Policy Optimizer",
                "isfetch": false,
                "isfetchassets": false,
                "isfetchevents": false,
                "name": "PAN-OS Policy Optimizer (Beta) (Community Contribution)",
                "toversion": ""
            }
        ],
        "layoutscontainer": [
            {
                "deprecated": false,
                "description": "",
                "fromversion": "6.0.0",
                "id": "Policy Optimizer Layout",
                "name": "Policy Optimizer Layout",
                "toversion": ""
            }
        ],
        "playbook": [
            {
                "deprecated": false,
                "description": "This playbook helps identify and remove unused rules that do not pass traffic in your environment.",
                "fromversion": "6.0.0",
                "id": "Policy Optimizer - Manage Unused Rules",
                "name": "Policy Optimizer - Manage Unused Rules",
                "toversion": ""
            },
            {
                "deprecated": false,
                "description": "This playbook edits rules with unused applications or rules that are port based, and adds an application to the rule. It is used in PAN-OS - Policy Optimizer playbooks and includes communication tasks to get a rule name and the application to edit from the user.",
                "fromversion": "6.0.0",
                "id": "Policy Optimizer - Add Applications to Policy Rules",
                "name": "Policy Optimizer - Add Applications to Policy Rules",
                "toversion": ""
            },
            {
                "deprecated": false,
                "description": "This playbook is triggered by the Policy Optimizer incident type, and can execute any of the following sub-playbooks:\n- Policy Optimizer - Manage Unused Rules\n- Policy Optimizer - Manage Rules with Unused Applications\n- Policy Optimizer - Manage Port Based Rules",
                "fromversion": "6.0.0",
                "id": "Policy Optimizer - Generic",
                "name": "Policy Optimizer - Generic",
                "toversion": ""
            },
            {
                "deprecated": false,
                "description": "This playbook helps identify and remove unused applications from security policy rules. If you have application-based security policy rules that allow a large number of applications, you can remove unused applications (applications never seen on the rules) from those rules to allow only applications actually seen in the rule\u2019s traffic. This strengthens your security posture by reducing the attack surface.\n",
                "fromversion": "6.0.0",
                "id": "Policy Optimizer - Manage Rules with Unused Applications",
                "name": "Policy Optimizer - Manage Rules with Unused Applications",
                "toversion": ""
            },
            {
                "deprecated": false,
                "description": "This playbook migrates port-based rules to application-based allow rules to reduce the attack surface and safely enable applications on your network.\n",
                "fromversion": "6.0.0",
                "id": "Policy Optimizer - Manage Port Based Rules",
                "name": "Policy Optimizer - Manage Port Based Rules",
                "toversion": ""
            }
        ]
    },
    "contributors": [
        "Maciej Drobniuch"
    ],
    "created": "2021-04-22T22:51:30Z",
    "currentVersion": "1.1.25",
    "dependencies": {
        "Base": {
            "author": "Cortex XSOAR",
            "certification": "certified",
            "mandatory": true,
            "minVersion": "1.33.49",
            "name": "Base"
        },
        "CommonScripts": {
            "author": "Cortex XSOAR",
            "certification": "certified",
            "mandatory": true,
            "minVersion": "1.14.26",
            "name": "Common Scripts"
        },
        "CommonTypes": {
            "author": "Cortex XSOAR",
            "certification": "certified",
            "mandatory": false,
            "minVersion": "3.4.8",
            "name": "Common Types"
        },
        "PAN-OS": {
            "author": "Cortex XSOAR",
            "certification": "certified",
            "mandatory": true,
            "minVersion": "2.1.24",
            "name": "PAN-OS by Palo Alto Networks"
        },
        "Phishing": {
            "author": "Cortex XSOAR",
            "certification": "certified",
            "mandatory": false,
            "minVersion": "3.6.17",
            "name": "Phishing"
        }
    },
    "deprecated": false,
    "description": "This integration introduces Policy Optimizer and DAG features that are not available through the regular PAN API",
    "display_name": "PAN-OS Policy Optimizer (beta)",
    "downloads": 1691,
    "eulaLink": "https://github.com/demisto/content/blob/master/LICENSE",
    "excludedDependencies": [],
    "git_sha": null,
    "git_status": null,
    "hidden": false,
    "hybrid": false,
    "id": "PANOSPolicyOptimizer",
    "integrations": [
        {
            "name": "PAN-OS Policy Optimizer (Beta)",
            "imagePath": "content/packs/PANOSPolicyOptimizer/PAN-OSPolicyOptimizer_image.png"
        },
        {
            "name": "Palo Alto Networks PAN-OS",
            "imagePath": "content/packs/PAN-OS/Panorama_image.png"
        }
    ],
    "keywords": [],
    "legacy": true,
    "marketplaces": [
        "marketplacev2",
        "xsoar",
        "xsoar_saas"
    ],
    "modules": [],
    "name": "PAN-OS Policy Optimizer (beta)",
    "old_base_content_object": null,
    "price": 0,
    "searchRank": 0,
    "serverMinVersion": "6.0.0",
    "source_repo": "content",
    "support": "community",
    "supportDetails": {
        "url": "https://www.paloaltonetworks.com/cortex"
    },
    "tags": [],
    "updated": "2024-04-07T09:31:25Z",
    "useCases": [],
    "versionInfo": "938811",
    "videos": []
}