{
    "author": "LogPoint",
    "authorImage": "content/packs/LogPoint_SIEM_Integration/Author_image.png",
    "categories": [
        "Analytics & SIEM"
    ],
    "certification": "certified",
    "commit": "b3569a848cbec6c59dbd323d66439919cbd1b34b",
    "contentCommitHash": null,
    "contentDisplays": {
        "classifier": "Classifier",
        "incidentfield": "Incident Fields",
        "incidenttype": "Incident Type",
        "integration": "Integration",
        "playbook": "Playbook"
    },
    "contentItems": {
        "classifier": [
            {
                "deprecated": false,
                "description": "Maps LogPoint Incident fields",
                "fromversion": "6.0.0",
                "id": "LogPoint SIEM Integration - Incoming Mapper",
                "name": "LogPoint SIEM Integration - Incoming Mapper",
                "toversion": ""
            }
        ],
        "incidentfield": [
            {
                "deprecated": false,
                "description": "LogPoint Repos",
                "fromversion": "6.0.0",
                "id": "incident_logpointrepos",
                "name": "LogPoint Repos",
                "toversion": "",
                "type": "shortText"
            },
            {
                "deprecated": false,
                "description": "LogPoint Comments",
                "fromversion": "6.0.0",
                "id": "incident_logpointcomments",
                "name": "LogPoint Comments",
                "toversion": "",
                "type": "shortText"
            },
            {
                "deprecated": false,
                "description": "LogPoint Username",
                "fromversion": "6.0.0",
                "id": "incident_logpointusername",
                "name": "LogPoint Username",
                "toversion": "",
                "type": "shortText"
            },
            {
                "deprecated": false,
                "description": "LogPoint Detection Timestamp",
                "fromversion": "6.0.0",
                "id": "incident_logpointdetectiontimestamp",
                "name": "LogPoint Detection Timestamp",
                "toversion": "",
                "type": "number"
            },
            {
                "deprecated": false,
                "description": "LogPoint Last Action",
                "fromversion": "6.0.0",
                "id": "incident_logpointlastaction",
                "name": "LogPoint Last Action",
                "toversion": "",
                "type": "shortText"
            },
            {
                "deprecated": false,
                "description": "LogPoint Query",
                "fromversion": "6.0.0",
                "id": "incident_logpointquery",
                "name": "LogPoint Query",
                "toversion": "",
                "type": "shortText"
            },
            {
                "deprecated": false,
                "description": "LogPoint Throttle Enabled",
                "fromversion": "6.0.0",
                "id": "incident_logpointthrottleenabled",
                "name": "LogPoint Throttle Enabled",
                "toversion": "",
                "type": "boolean"
            },
            {
                "deprecated": false,
                "description": "LogPoint Rows Count",
                "fromversion": "6.0.0",
                "id": "incident_logpointrowscount",
                "name": "LogPoint Rows Count",
                "toversion": "",
                "type": "number"
            },
            {
                "deprecated": false,
                "description": "LogPoint User Id",
                "fromversion": "6.0.0",
                "id": "incident_logpointuserid",
                "name": "LogPoint User Id",
                "toversion": "",
                "type": "shortText"
            },
            {
                "deprecated": false,
                "description": "LogPoint Alert Obj Id",
                "fromversion": "6.0.0",
                "id": "incident_logpointalertobjid",
                "name": "LogPoint AlertObjId",
                "toversion": "",
                "type": "shortText"
            },
            {
                "deprecated": false,
                "description": "LogPoint Incident ID",
                "fromversion": "6.0.0",
                "id": "incident_logpointincidentid",
                "name": "LogPoint IncidentId",
                "toversion": "",
                "type": "shortText"
            },
            {
                "deprecated": false,
                "description": "LogPoint Incident Object ID",
                "fromversion": "6.0.0",
                "id": "incident_logpointobjectid",
                "name": "LogPoint Object ID",
                "toversion": "",
                "type": "shortText"
            },
            {
                "deprecated": false,
                "description": "LogPoint Loginspect IP DNS",
                "fromversion": "6.0.0",
                "id": "incident_logpointloginspectipdns",
                "name": "LogPoint Loginspect IP DNS",
                "toversion": "",
                "type": "shortText"
            },
            {
                "deprecated": false,
                "description": "LogPoint Time Range",
                "fromversion": "6.0.0",
                "id": "incident_logpointtimerange",
                "name": "LogPoint Time Range",
                "toversion": "",
                "type": "shortText"
            },
            {
                "deprecated": false,
                "description": "LogPoint Status",
                "fromversion": "6.0.0",
                "id": "incident_logpointstatus",
                "name": "LogPoint Status",
                "toversion": "",
                "type": "shortText"
            },
            {
                "deprecated": false,
                "description": "LogPoint LogPoint Name",
                "fromversion": "6.0.0",
                "id": "incident_logpointlogpointname",
                "name": "LogPoint LogPoint Name",
                "toversion": "",
                "type": "shortText"
            },
            {
                "deprecated": false,
                "description": "LogPoint Visible To",
                "fromversion": "6.0.0",
                "id": "incident_logpointvisibleto",
                "name": "LogPoint Visible To",
                "toversion": "",
                "type": "shortText"
            },
            {
                "deprecated": false,
                "description": "LogPoint Tid",
                "fromversion": "6.0.0",
                "id": "incident_logpointtid",
                "name": "LogPoint Tid",
                "toversion": "",
                "type": "shortText"
            },
            {
                "deprecated": false,
                "description": "LogPoint Assigned To",
                "fromversion": "6.0.0",
                "id": "incident_logpointassignedto",
                "name": "LogPoint Assigned To",
                "toversion": "",
                "type": "shortText"
            },
            {
                "deprecated": false,
                "description": "LogPoint Comments Count",
                "fromversion": "6.0.0",
                "id": "incident_logpointcommentscount",
                "name": "LogPoint Comments Count",
                "toversion": "",
                "type": "number"
            }
        ],
        "incidenttype": [
            {
                "closureScript": "",
                "days": 0,
                "deprecated": false,
                "description": "",
                "fromversion": "6.0.0",
                "hours": 0,
                "id": "LogPoint Incident",
                "name": "LogPoint Incident",
                "playbook": "",
                "toversion": "",
                "weeks": 0
            }
        ],
        "integration": [
            {
                "category": "Utilities",
                "commands": [
                    {
                        "deprecated": false,
                        "description": "Re-opens the closed incidents",
                        "name": "lp-reopen-incidents",
                        "source_repo": "content"
                    },
                    {
                        "deprecated": false,
                        "description": "Add comments to the incidents",
                        "name": "lp-add-incident-comment",
                        "source_repo": "content"
                    },
                    {
                        "deprecated": false,
                        "description": "Gets user's LogPoints.",
                        "name": "lp-get-logpoints",
                        "source_repo": "content"
                    },
                    {
                        "deprecated": false,
                        "description": "Displays incidents between the provided two Timestamps ts_from and ts_to. By default, this command will display first 50 incidents of the past 24 hours but limit can be set to get desired number of incidents.",
                        "name": "lp-get-incidents",
                        "source_repo": "content"
                    },
                    {
                        "deprecated": false,
                        "description": "Gets devices associated with LogPoint.",
                        "name": "lp-get-devices",
                        "source_repo": "content"
                    },
                    {
                        "deprecated": false,
                        "description": "Gets LogPoint user's preference such as timezone, date format, etc.",
                        "name": "lp-get-users-preference",
                        "source_repo": "content"
                    },
                    {
                        "deprecated": false,
                        "description": "Gets the search ID based on the provided search parameters.",
                        "name": "lp-get-searchid",
                        "source_repo": "content"
                    },
                    {
                        "deprecated": false,
                        "description": "Closes the Incidents.",
                        "name": "lp-close-incidents",
                        "source_repo": "content"
                    },
                    {
                        "deprecated": false,
                        "description": "Gets LogPoint search results. Uses the value of search_id as an argument.",
                        "name": "lp-search-logs",
                        "source_repo": "content"
                    },
                    {
                        "deprecated": false,
                        "description": "Displays incident states data between the provided two Timestamps ts_from and ts_to. By default, this command will display first 50 data of the past 24 hours but limit can be set to get desired number of incident states data.",
                        "name": "lp-get-incident-states",
                        "source_repo": "content"
                    },
                    {
                        "deprecated": false,
                        "description": "Assigning/Re-assigning Incidents",
                        "name": "lp-assign-incidents",
                        "source_repo": "content"
                    },
                    {
                        "deprecated": false,
                        "description": "Gets live search results of the alerts and dashboards.",
                        "name": "lp-get-livesearches",
                        "source_repo": "content"
                    },
                    {
                        "deprecated": false,
                        "description": "Gets Incident users and user groups.",
                        "name": "lp-get-users",
                        "source_repo": "content"
                    },
                    {
                        "deprecated": false,
                        "description": "Retrieves a Particular Incident's Data",
                        "name": "lp-get-incident-data",
                        "source_repo": "content"
                    },
                    {
                        "deprecated": false,
                        "description": "Gets the list of LogPoint repos that can be accessed by the user.",
                        "name": "lp-get-repos",
                        "source_repo": "content"
                    },
                    {
                        "deprecated": false,
                        "description": "Resolves the Incidents.",
                        "name": "lp-resolve-incidents",
                        "source_repo": "content"
                    }
                ],
                "deprecated": false,
                "description": "Use this Content Pack to search logs, fetch incident logs from LogPoint, analyze them for underlying threats, and respond to these threats in real-time.",
                "fromversion": "6.0.0",
                "id": "LogPoint SIEM Integration",
                "isfetch": true,
                "isfetchassets": false,
                "isfetchevents": false,
                "name": "LogPoint SIEM Integration (Partner Contribution)",
                "toversion": ""
            }
        ],
        "playbook": [
            {
                "deprecated": false,
                "description": "LogPoint SIEM Playbook guides users on use cases like blocking IP and domain and disabling users using products like CheckPoint Firewall, Active Directory, and VirusTotal. The actions depicted in the playbook helps analysts create their playbooks based on actual requirements and products deployed. (Available from Cortex XSOAR 6.0.0).",
                "fromversion": "6.0.0",
                "id": "LogPoint SIEM Playbook",
                "name": "LogPoint SIEM Playbook",
                "toversion": ""
            }
        ]
    },
    "contributors": null,
    "created": "2021-01-27T23:02:56Z",
    "currentVersion": "1.2.10",
    "dependencies": {
        "Active_Directory_Query": {
            "author": "Cortex XSOAR",
            "certification": "certified",
            "mandatory": true,
            "minVersion": "1.6.33",
            "name": "Active Directory Query"
        },
        "Base": {
            "author": "Cortex XSOAR",
            "certification": "certified",
            "mandatory": true,
            "minVersion": "1.33.49",
            "name": "Base"
        },
        "CheckpointFirewall": {
            "author": "Cortex XSOAR",
            "certification": "certified",
            "mandatory": true,
            "minVersion": "2.3.21",
            "name": "Check Point Firewall"
        },
        "CommonScripts": {
            "author": "Cortex XSOAR",
            "certification": "certified",
            "mandatory": true,
            "minVersion": "1.14.26",
            "name": "Common Scripts"
        },
        "FiltersAndTransformers": {
            "author": "Cortex XSOAR",
            "certification": "certified",
            "mandatory": true,
            "minVersion": "1.2.66",
            "name": "Filters And Transformers"
        },
        "VirusTotal": {
            "author": "VirusTotal",
            "certification": "certified",
            "mandatory": true,
            "minVersion": "2.6.18",
            "name": "VirusTotal"
        }
    },
    "deprecated": false,
    "description": "Use this Content Pack to fetch incident logs from LogPoint, analyze them for underlying threats, and respond to these threats in real-time.",
    "display_name": "LogPoint SIEM Integration",
    "downloads": 772,
    "eulaLink": "https://github.com/demisto/content/blob/master/LICENSE",
    "excludedDependencies": [],
    "git_sha": null,
    "git_status": null,
    "hidden": false,
    "hybrid": false,
    "id": "LogPoint_SIEM_Integration",
    "integrations": [
        {
            "name": "LogPoint SIEM Integration",
            "imagePath": "content/packs/LogPoint_SIEM_Integration/LogPointSIEMIntegration_image.png"
        },
        {
            "name": "Active Directory Query v2",
            "imagePath": "content/packs/Active_Directory_Query/ActiveDirectoryQueryv2_image.png"
        },
        {
            "name": "VirusTotal (API v3)",
            "imagePath": "content/packs/VirusTotal/VirusTotal%28APIv3%29_image.png"
        },
        {
            "name": "VirusTotal (Deprecated)",
            "imagePath": "content/packs/VirusTotal/VirusTotal_image.png"
        },
        {
            "name": "VirusTotal - Premium (API v3)",
            "imagePath": "content/packs/VirusTotal/VirusTotal-Premium%28APIv3%29_image.png"
        },
        {
            "name": "VirusTotal Livehunt Feed",
            "imagePath": "content/packs/VirusTotal/VirusTotalLivehuntFeed_image.png"
        },
        {
            "name": "VirusTotal Retrohunt Feed",
            "imagePath": "content/packs/VirusTotal/VirusTotalRetrohuntFeed_image.png"
        },
        {
            "name": "Check Point Firewall (Deprecated)",
            "imagePath": "content/packs/CheckpointFirewall/CheckPoint_image.png"
        },
        {
            "name": "CheckPoint Firewall v2",
            "imagePath": "content/packs/CheckpointFirewall/CheckPointFirewall_v2_image.png"
        }
    ],
    "keywords": [
        "Siem",
        "incident",
        "alert",
        "logpoint"
    ],
    "legacy": true,
    "marketplaces": [
        "marketplacev2",
        "xsoar",
        "xsoar_saas"
    ],
    "modules": [],
    "name": "LogPoint SIEM Integration",
    "old_base_content_object": null,
    "price": 0,
    "searchRank": 10,
    "serverMinVersion": "6.0.0",
    "source_repo": "content",
    "support": "partner",
    "supportDetails": {
        "email": "support@logpoint.com",
        "url": "https://servicedesk.logpoint.com"
    },
    "tags": [],
    "updated": "2024-04-07T09:32:21Z",
    "useCases": [],
    "versionInfo": "938811",
    "videos": []
}