{"author":"Cortex XSOAR","authorImage":"content/packs/Base/Author_image.png","categories":["Analytics & SIEM"],"certification":"certified","commit":"a840b504cf36f74f2bba5c4435ee9e82401db6c7","contentCommitHash":null,"contentDisplays":{"classifier":"Classifier","incidentfield":"Incident Fields","incidenttype":"Incident Type","integration":"Integration","layoutscontainer":"Layouts Container"},"contentItems":{"classifier":[{"deprecated":false,"description":"","fromversion":"6.10.0","id":"Exabeam Platform - Incoming Mapper","name":"Exabeam Platform - Incoming Mapper","toversion":""}],"incidentfield":[{"deprecated":false,"description":"","fromversion":"6.10.0","id":"incident_exabeamvendors","name":"Exabeam Vendors","toversion":"","type":"multiSelect"},{"deprecated":false,"description":"","fromversion":"6.10.0","id":"incident_exabeamdestinationhosts","name":"Exabeam Destination Hosts","toversion":"","type":"multiSelect"},{"deprecated":false,"description":"","fromversion":"6.10.0","id":"incident_exabeamsourcehosts","name":"Exabeam Source Hosts","toversion":"","type":"multiSelect"},{"deprecated":false,"description":"","fromversion":"6.10.0","id":"incident_exabeamproducts","name":"Exabeam Products","toversion":"","type":"multiSelect"},{"deprecated":false,"description":"","fromversion":"6.10.0","id":"incident_exabeamrules","name":"Exabeam Rules","toversion":"","type":"grid"}],"incidenttype":[{"closureScript":"","days":0,"deprecated":false,"description":"","fromversion":"6.10.0","hours":0,"id":"Exabeam Platform Case","name":"Exabeam Platform Case","playbook":"","toversion":"","weeks":0}],"integration":[{"category":"Analytics & SIEM","commands":[{"compliantpolicies":[],"deprecated":false,"description":"Get events from Exabeam Security Operations Platform.","hidden":false,"name":"exabeam-platform-event-search","quickaction":false,"source_repo":"content"},{"compliantpolicies":[],"deprecated":false,"description":"Get cases from Exabeam Security Operations Platform as Cortex XSIAM events. This command is supported in Cortex XSIAM only and is intended to be used for debugging purposes as it may result in duplicate events.","hidden":false,"name":"exabeam-platform-get-events","quickaction":false,"source_repo":"content"},{"compliantpolicies":[],"deprecated":false,"description":"Search for cases that match one or more search criteria. For example, you can search for cases that are associated with a specific case ID and that reference specific rules.","hidden":false,"name":"exabeam-platform-case-search","quickaction":false,"source_repo":"content"},{"compliantpolicies":[],"deprecated":false,"description":"Search for alerts that match one or more search criteria.","hidden":false,"name":"exabeam-platform-alert-search","quickaction":false,"source_repo":"content"},{"compliantpolicies":[],"deprecated":false,"description":"Retrieve metadata for all existing context tables, including source, operational status, and attribute mapping.","hidden":false,"name":"exabeam-platform-context-table-list","quickaction":false,"source_repo":"content"},{"compliantpolicies":[],"deprecated":false,"description":"Delete a specific context table, including records and attributes.","hidden":false,"name":"exabeam-platform-context-table-delete","quickaction":false,"source_repo":"content"},{"compliantpolicies":[],"deprecated":false,"description":"Retrieve the records for a specific context table.","hidden":false,"name":"exabeam-platform-table-record-list","quickaction":false,"source_repo":"content"},{"compliantpolicies":[],"deprecated":false,"description":"Add one or more context records directly to an existing table.","hidden":false,"name":"exabeam-platform-table-record-create","quickaction":false,"source_repo":"content"}],"deprecated":false,"description":"Exabeam Security Operations Platform offers a centralized and scalable platform for log management.","fromversion":"6.10.0","id":"ExabeamSecOpsPlatform","isfetch":true,"isfetchassets":false,"isfetchevents":false,"name":"Exabeam Security Operations Platform","toversion":""}],"layoutscontainer":[{"deprecated":false,"description":"","fromversion":"6.10.0","group":"incident","id":"Exabeam Platform Case","name":"Exabeam Platform Case","toversion":""}]},"contributors":null,"created":"2024-05-26T19:23:41Z","currentVersion":"1.2.3","defaultDataSource":null,"dependencies":{"Base":{"author":"Cortex XSOAR","certification":"certified","mandatory":true,"minVersion":"1.41.32","name":"Base"},"CommonTypes":{"author":"Cortex XSOAR","certification":"certified","mandatory":false,"minVersion":"3.9.6","name":"Common Types"},"FiltersAndTransformers":{"author":"Cortex XSOAR","certification":"certified","mandatory":true,"minVersion":"1.4.2","name":"Filters And Transformers"}},"deprecated":false,"description":" Exabeam Security Operations Platform ","display_name":"Exabeam Security Operations Platform","downloads":45,"eulaLink":"https://github.com/demisto/content/blob/master/LICENSE","excludedDependencies":[],"git_sha":null,"git_status":null,"hidden":false,"hybrid":false,"id":"ExabeamSecurityOperationsPlatform","integrations":[{"name":"Exabeam Security Operations Platform","imagePath":"content/packs/ExabeamSecurityOperationsPlatform/ExabeamSecOpsPlatform_image.png"}],"keywords":[],"legacy":true,"marketplaces":["marketplacev2","platform","xsoar","xsoar_saas"],"modules":[],"name":"Exabeam Security Operations Platform","old_base_content_object":null,"price":0,"searchRank":10,"serverMinVersion":"6.10.0","source_repo":"content","support":"xsoar","supportDetails":{"url":"https://www.paloaltonetworks.com/cortex"},"supportedModules":["X1","X3","X5","ENT_PLUS","agentix","xsiam"],"tags":["Collection"],"updated":"2025-10-29T17:30:45Z","useCases":[],"versionInfo":"5636304","videos":[]}