{"author":"Cortex XSOAR","authorImage":"content/packs/Base/Author_image.png","categories":["Cloud Security"],"certification":"certified","commit":"ff0e71864d726cc5aac7ede94452ba03b48525e1","contentCommitHash":null,"contentDisplays":{"automation":"Automations","classifier":"Classifiers","incidentfield":"Incident Fields","incidenttype":"Incident Types","integration":"Integration","layoutscontainer":"Layouts Containers","playbook":"Playbooks","wizard":"Wizard"},"contentItems":{"automation":[{"deprecated":false,"description":"Gets the existing \"Trusted Images\" results from Prisma Cloud Compute and updates the relevant trust group with the images stored in the given internal list.","fromversion":"6.9.0","id":"PrismaCloudRemoteTrustedImagesListUpdate","name":"PrismaCloudRemoteTrustedImagesListUpdate","tags":[],"toversion":""},{"deprecated":false,"description":"This script creates a link back to the Prisma Cloud Compute instance.","fromversion":"6.0.0","id":"CreatePrismaCloudComputeLink","name":"CreatePrismaCloudComputeLink","tags":[],"toversion":""},{"deprecated":false,"description":"Parse Cloud Discovery alert raw JSON data.","fromversion":"5.0.0","id":"PrismaCloudComputeParseCloudDiscoveryAlert","name":"PrismaCloudComputeParseCloudDiscoveryAlert","tags":["Prisma Cloud Compute"],"toversion":""},{"deprecated":false,"description":"Parse Compliance alert raw JSON data.","fromversion":"5.0.0","id":"PrismaCloudComputeParseComplianceAlert","name":"PrismaCloudComputeParseComplianceAlert","tags":["Prisma Cloud Compute"],"toversion":""},{"deprecated":false,"description":"This is a wrapper around the setIndicators script.","fromversion":"6.0.0","id":"TagIndicatorButton","name":"TagIndicatorButton","tags":[],"toversion":""},{"deprecated":false,"description":"Parse Vulnerability alert raw JSON data.","fromversion":"5.0.0","id":"PrismaCloudComputeParseVulnerabilityAlert","name":"PrismaCloudComputeParseVulnerabilityAlert","tags":["Prisma Cloud Compute"],"toversion":""},{"deprecated":false,"description":"This script runs the \"prisma-cloud-compute-container-scan-results-list\" command for a specific container ID and returns details about its compliance issues, if found. If any compliance issues found, it will create a new tab in the layout called \"Detailed Compliance Issues\" showing the issues details.\nReturns the following fields for each compliance ID:\n- Compliance ID\n- Cause\n- Severity\n- Title\n- Description.","fromversion":"6.10.0","id":"PCComputeContainerComplianceIssuesButton","name":"PCComputeContainerComplianceIssuesButton","tags":[],"toversion":""},{"deprecated":false,"description":"Generate a compliance report via button.","fromversion":"6.0.0","id":"CreatePrismaCloudComputeComplianceReportButton","name":"CreatePrismaCloudComputeComplianceReportButton","tags":[],"toversion":""},{"deprecated":false,"description":"Generate a compliance report for Prisma Cloud resources - host, container or image.","fromversion":"6.10.0","id":"CreatePrismaCloudComputeResourceComplianceReportButton","name":"CreatePrismaCloudComputeResourceComplianceReportButton","tags":[],"toversion":""},{"deprecated":false,"description":"Takes the results of \"prisma-cloud-compute-images-scan-list\" and \"prisma-cloud-ci-scan-results-list\" commands and creates or updates a list of trusted images which can be used for updating the \"Trusted Images\" list in Prisma Cloud, using the PrismaCloudRemoteTrustedImagesListUpdate automation.","fromversion":"6.9.0","id":"PrismaCloudLocalTrustedImagesListUpdate","name":"PrismaCloudLocalTrustedImagesListUpdate","tags":[],"toversion":""},{"deprecated":false,"description":"Parse Audit alert raw JSON data","fromversion":"5.0.0","id":"PrismaCloudComputeParseAuditAlert","name":"PrismaCloudComputeParseAuditAlert","tags":["Prisma Cloud Compute"],"toversion":""},{"deprecated":false,"description":"Iterate over EnrichedComplianceIssue information in the context data and add the important keys to a table under PrismaCloudCompute.ComplianceTable or a provided grid id.","fromversion":"6.10.0","id":"PrismaCloudComputeComplianceTable","name":"PrismaCloudComputeComplianceTable","tags":["context","field-display","Prisma Cloud Compute"],"toversion":""},{"deprecated":false,"description":"This script runs the \"prisma-cloud-compute-hosts-scan-list\" command for a specific hostname and returns details about its compliance issues, if found. If any compliance issues found, it will create a new tab in the layout called \"Detailed Compliance Issues\" showing the issues details.\nReturns the following fields for each compliance ID:\n- Compliance ID\n- Cause\n- Severity\n- Title\n- Description.","fromversion":"6.10.0","id":"PCComputeHostComplianceIssuesButton","name":"PCComputeHostComplianceIssuesButton","tags":[],"toversion":""},{"deprecated":false,"description":"This script runs the \"prisma-cloud-compute-images-scan-list\" command for a specific container ID and returns details about its compliance issues, if found. If any compliance issues found, it will create a new tab in the layout called \"Detailed Compliance Issues\" showing the issues details.\nReturns the following fields for each compliance ID:\n- Compliance ID\n- Cause\n- Severity\n- Title\n- Description.","fromversion":"6.10.0","id":"PCComputeImageComplianceIssuesButton","name":"PCComputeImageComplianceIssuesButton","tags":[],"toversion":""}],"classifier":[{"deprecated":false,"description":"Classifies Palo Alto Networks Prisma Cloud Compute events.","fromversion":"6.0.0","id":"PaloAltoNetworks_PrismaCloudCompute","name":"Palo Alto Networks Prisma Cloud Compute - Classifier","toversion":""},{"deprecated":false,"description":"Maps incoming Palo Alto Networks Prisma Cloud Compute  event fields.","fromversion":"6.0.0","id":"PaloAltoNetworks_PrismaCloudCompute-mapper","name":"Palo Alto Networks Prisma Cloud Compute - Incoming Mapper","toversion":""}],"incidentfield":[{"deprecated":false,"description":"","fromversion":"5.0.0","id":"incident_prismacloudcomputedistribution","name":"Prisma Cloud Compute Distribution","toversion":"","type":"shortText"},{"deprecated":false,"description":"","fromversion":"5.0.0","id":"incident_prismacloudcomputemessage","name":"Prisma Cloud Compute Message","toversion":"","type":"shortText"},{"deprecated":false,"description":"","fromversion":"6.10.0","id":"incident_prismacloudcomputecontainercomplianceissues","name":"Prisma Cloud Compute Container Compliance Issues","toversion":"","type":"grid"},{"deprecated":false,"description":"","fromversion":"5.0.0","id":"incident_prismacloudcomputemarkdown","name":"Prisma Cloud Compute Markdown","toversion":"","type":"markdown"},{"deprecated":false,"description":"","fromversion":"5.0.0","id":"incident_prismacloudcomputecredentialid","name":"Prisma Cloud Compute Credential ID","toversion":"","type":"shortText"},{"deprecated":false,"description":"","fromversion":"5.0.0","id":"incident_prismacloudcomputeservice","name":"Prisma Cloud Compute Service","toversion":"","type":"shortText"},{"deprecated":false,"description":"","fromversion":"5.0.0","id":"incident_prismacloudcomputeprovider","name":"Prisma Cloud Compute Provider","toversion":"","type":"shortText"},{"deprecated":false,"description":"","fromversion":"5.0.0","id":"incident_prismacloudcomputeimage","name":"Prisma Cloud Compute Image","toversion":"","type":"shortText"},{"deprecated":false,"description":"","fromversion":"5.0.0","id":"incident_prismacloudcomputeproject","name":"Prisma Cloud Compute Project","toversion":"","type":"shortText"},{"deprecated":false,"description":"","fromversion":"5.0.0","id":"incident_prismacloudcomputeprotected","name":"Prisma Cloud Compute Protected","toversion":"","type":"shortText"},{"deprecated":false,"description":"","fromversion":"6.10.0","id":"incident_prismacloudcomputeshowcompliancetab","name":"Prisma Cloud Compute Show Compliance Tab","toversion":"","type":"shortText"},{"deprecated":false,"description":"","fromversion":"5.0.0","id":"incident_prismacloudcomputeerror","name":"Prisma Cloud Compute Error","toversion":"","type":"shortText"},{"deprecated":false,"description":"","fromversion":"5.0.0","id":"incident_prismacloudcomputeappid","name":"Prisma Cloud Compute AppID","toversion":"","type":"shortText"},{"deprecated":false,"description":"","fromversion":"6.10.0","id":"incident_prismacloudcomputeimagecomplianceissues","name":"Prisma Cloud Compute Image Compliance Issues","toversion":"","type":"grid"},{"deprecated":false,"description":"","fromversion":"5.0.0","id":"incident_prismacloudcomputetotal","name":"Prisma Cloud Compute Total","toversion":"","type":"shortText"},{"deprecated":false,"description":"","fromversion":"5.0.0","id":"incident_prismacloudcomputecontainer","name":"Prisma Cloud Compute Container","toversion":"","type":"shortText"},{"deprecated":false,"description":"","fromversion":"5.0.0","id":"incident_prismacloudcomputerule","name":"Prisma Cloud Compute Rule","toversion":"","type":"shortText"},{"deprecated":false,"description":"","fromversion":"5.0.0","id":"incident_prismacloudcomputeservicetype","name":"Prisma Cloud Compute Service Type","toversion":"","type":"shortText"},{"deprecated":false,"description":"","fromversion":"5.0.0","id":"incident_prismacloudcomputeinteractive","name":"Prisma Cloud Compute Interactive","toversion":"","type":"boolean"},{"deprecated":false,"description":"","fromversion":"5.0.0","id":"incident_prismacloudcomputekubernetesresource","name":"Prisma Cloud Compute Kubernetes Resource","toversion":"","type":"shortText"},{"deprecated":false,"description":"","fromversion":"6.10.0","id":"incident_prismacloudcomputehostcomplianceissues","name":"Prisma Cloud Compute Host Compliance Issues","toversion":"","type":"grid"},{"deprecated":false,"description":"","fromversion":"5.0.0","id":"incident_prismacloudcomputerawalertjson","name":"Prisma Cloud Compute Raw Alert JSON","toversion":"","type":"shortText"},{"deprecated":false,"description":"","fromversion":"5.0.0","id":"incident_prismacloudcomputeuser","name":"Prisma Cloud Compute User","toversion":"","type":"shortText"},{"deprecated":false,"description":"","fromversion":"5.0.0","id":"incident_prismacloudcomputedefenderlogs","name":"Prisma Cloud Compute Defender Logs","toversion":"","type":"markdown"},{"deprecated":false,"description":"","fromversion":"5.0.0","id":"incident_prismacloudcomputefunction","name":"Prisma Cloud Compute Function","toversion":"","type":"shortText"},{"deprecated":false,"description":"","fromversion":"5.0.0","id":"incident_prismacloudcomputelabels","name":"Prisma Cloud Compute Labels","toversion":"","type":"shortText"},{"deprecated":false,"description":"A table to hold all tickets information related to Prisma Cloud Compute that were opened or updated by XSOAR.","fromversion":"6.10.0","id":"incident_prismacloudcomputeticketsinfo","name":"Prisma Cloud Compute Tickets Info","toversion":"","type":"grid"},{"deprecated":false,"description":"","fromversion":"5.0.0","id":"incident_prismacloudcomputeactivitytype","name":"Prisma Cloud Compute Activity Type","toversion":"","type":"shortText"},{"deprecated":false,"description":"","fromversion":"5.0.0","id":"incident_prismacloudcomputeregistry","name":"Prisma Cloud Compute Registry","toversion":"","type":"shortText"},{"deprecated":false,"description":"","fromversion":"5.0.0","id":"incident_prismacloudcomputehost","name":"Prisma Cloud Compute Host","toversion":"","type":"shortText"},{"deprecated":false,"description":"The namespaces associated to the resource.","fromversion":"6.10.0","id":"incident_prismacloudcomputenamespaces","name":"Prisma Cloud Compute Namespaces","toversion":"","type":"multiSelect"},{"deprecated":false,"description":"","fromversion":"5.0.0","id":"incident_prismacloudcomputetype","name":"Prisma Cloud Compute Type","toversion":"","type":"shortText"},{"deprecated":false,"description":"","fromversion":"5.0.0","id":"incident_prismacloudcomputecategory","name":"Prisma Cloud Compute Category","toversion":"","type":"shortText"},{"deprecated":false,"description":"","fromversion":"6.5.0","id":"incident_prismaaudittable","name":"Prisma Cloud Compute Audit Table","toversion":"","type":"markdown"},{"deprecated":false,"description":"","fromversion":"5.0.0","id":"incident_prismacloudcomputecommand","name":"Prisma Cloud Compute Command","toversion":"","type":"shortText"},{"deprecated":false,"description":"","fromversion":"5.0.0","id":"incident_prismacloudcomputeruntime","name":"Prisma Cloud Compute Runtime","toversion":"","type":"shortText"},{"deprecated":false,"description":"","fromversion":"6.10.0","id":"incident_prismacloudcomputecluster","name":"Prisma Cloud Compute Cluster","toversion":"","type":"shortText"},{"deprecated":false,"description":"","fromversion":"5.0.0","id":"incident_prismacloudcomputeline","name":"Prisma Cloud Compute Line","toversion":"","type":"shortText"},{"deprecated":false,"description":"","fromversion":"5.0.0","id":"incident_prismacloudcomputeforensic","name":"Prisma Cloud Compute Forensic","toversion":"","type":"url"},{"deprecated":false,"description":"","fromversion":"5.0.0","id":"incident_prismacloudcomputeregion","name":"Prisma Cloud Compute Region","toversion":"","type":"shortText"},{"deprecated":false,"description":"","fromversion":"5.0.0","id":"incident_prismacloudcomputelogfile","name":"Prisma Cloud Compute Log File","toversion":"","type":"shortText"},{"deprecated":false,"description":"","fromversion":"5.0.0","id":"incident_prismacloudcomputefqdn","name":"Prisma Cloud Compute FQDN","toversion":"","type":"shortText"},{"deprecated":false,"description":"","fromversion":"6.5.0","id":"incident_pccdefenderlogs","name":"Prisma Cloud Compute PCC Defender Logs","toversion":"","type":"markdown"},{"deprecated":false,"description":"","fromversion":"5.0.0","id":"incident_prismacloudcomputecollections","name":"Prisma Cloud Compute Collections","toversion":"","type":"shortText"}],"incidenttype":[{"closureScript":"","days":0,"deprecated":false,"description":"","fromversion":"5.0.0","hours":0,"id":"Prisma Cloud Compute Cloud Discovery","name":"Prisma Cloud Compute Cloud Discovery","playbook":"Prisma Cloud Compute - Cloud Discovery Alert","toversion":"","weeks":0},{"closureScript":"","days":0,"deprecated":false,"description":"","fromversion":"6.10.0","hours":0,"id":"Prisma Cloud Compute Audit v3","name":"Prisma Cloud Compute Audit v3","playbook":"Prisma Cloud Compute - Audit Alert v3","toversion":"","weeks":0},{"closureScript":"","days":0,"deprecated":false,"description":"","fromversion":"5.0.0","hours":0,"id":"Prisma Cloud Compute Compliance","name":"Prisma Cloud Compute Compliance","playbook":"Prisma Cloud Compute - Compliance Alert","toversion":"","weeks":0},{"closureScript":"","days":0,"deprecated":false,"description":"","fromversion":"6.10.0","hours":0,"id":"Prisma Cloud Compute Compliance v2","name":"Prisma Cloud Compute Compliance v2","playbook":"Prisma Cloud Compute - Compliance Alert v2","toversion":"","weeks":0},{"closureScript":"","days":0,"deprecated":false,"description":"","fromversion":"5.0.0","hours":0,"id":"Prisma Cloud Compute Vulnerability","name":"Prisma Cloud Compute Vulnerability","playbook":"Prisma Cloud Compute - Vulnerability Alert","toversion":"","weeks":0},{"closureScript":"","days":0,"deprecated":false,"description":"","fromversion":"5.0.0","hours":0,"id":"Prisma Cloud Compute Audit","name":"Prisma Cloud Compute Audit","playbook":"Prisma Cloud Compute - Audit Alert","toversion":"","weeks":0},{"closureScript":"","days":0,"deprecated":false,"description":"","fromversion":"6.5.0","hours":0,"id":"Prisma Cloud Compute Audit v2","name":"Prisma Cloud Compute Audit v2","playbook":"Prisma Cloud Compute - Audit Alert v2","toversion":"","weeks":0}],"integration":[{"category":"Network Security","commands":[{"compliantpolicies":[],"deprecated":false,"description":"Get information about the hosts and their profile events. This command supports asterisks which allows you to get host profiles by filtering its fields according to a specific substring.","hidden":false,"name":"prisma-cloud-compute-profile-host-list","quickaction":false,"source_repo":"content"},{"compliantpolicies":[],"deprecated":false,"description":"Get information about the containers and their profile events. This command supports asterisks which allows you to get container profiles by filtering its fields according to a specific substring.","hidden":false,"name":"prisma-cloud-compute-profile-container-list","quickaction":false,"source_repo":"content"},{"compliantpolicies":[],"deprecated":false,"description":"Get the hosts where a specific container is running.","hidden":false,"name":"prisma-cloud-compute-profile-container-hosts-list","quickaction":false,"source_repo":"content"},{"compliantpolicies":[],"deprecated":false,"description":"Get runtime forensics data for a specific container on a specific. host.","hidden":false,"name":"prisma-cloud-compute-profile-container-forensic-list","quickaction":false,"source_repo":"content"},{"compliantpolicies":[],"deprecated":false,"description":"Get forensics on a specific host.","hidden":false,"name":"prisma-cloud-compute-host-forensic-list","quickaction":false,"source_repo":"content"},{"compliantpolicies":[],"deprecated":false,"description":"Get the console version.","hidden":false,"name":"prisma-cloud-compute-console-version-info","quickaction":false,"source_repo":"content"},{"compliantpolicies":[],"deprecated":false,"description":"Get all the blacklisted IP addresses in the system.","hidden":false,"name":"prisma-cloud-compute-custom-feeds-ip-list","quickaction":false,"source_repo":"content"},{"compliantpolicies":["IP Blockage"],"deprecated":false,"description":"Add a list of banned IP addresses to be blocked by the system.","hidden":false,"name":"prisma-cloud-compute-custom-feeds-ip-add","quickaction":false,"source_repo":"content"},{"compliantpolicies":[],"deprecated":false,"description":"Remove a list of IPs from the system's block list.","hidden":false,"name":"prisma-cloud-compute-custom-feeds-ip-remove","quickaction":false,"source_repo":"content"},{"compliantpolicies":[],"deprecated":false,"description":"List all custom uploaded md5 malwares.","hidden":false,"name":"prisma-cloud-compute-custom-feeds-malware-list","quickaction":false,"source_repo":"content"},{"compliantpolicies":[],"deprecated":false,"description":"Add custom MD5 malware hashes.","hidden":false,"name":"prisma-cloud-compute-custom-feeds-malware-add","quickaction":false,"source_repo":"content"},{"compliantpolicies":[],"deprecated":false,"description":"Get information about the CVEs in the system. Will return a maximum of 50 records. It is possible to query for a partial CVE description such as cve-2020 or cve-2014 or by severity/distro/package.","hidden":false,"name":"cve","quickaction":false,"source_repo":"content"},{"compliantpolicies":[],"deprecated":false,"description":"Retrieve a list of defenders and their information.","hidden":false,"name":"prisma-cloud-compute-defenders-list","quickaction":false,"source_repo":"content"},{"compliantpolicies":[],"deprecated":false,"description":"Retrieves a list of all collections.","hidden":false,"name":"prisma-cloud-compute-collections-list","quickaction":false,"source_repo":"content"},{"compliantpolicies":[],"deprecated":false,"description":"Get the containers namespaces names.","hidden":false,"name":"prisma-cloud-compute-container-namespace-list","quickaction":false,"source_repo":"content"},{"compliantpolicies":[],"deprecated":false,"description":"Get images scan report. The report includes vulnerabilities, compliance issues, binaries, etc.","hidden":false,"name":"prisma-cloud-compute-images-scan-list","quickaction":false,"source_repo":"content"},{"compliantpolicies":[],"deprecated":false,"description":"Get hosts scan report. The report includes vulnerabilities, compliance issues, binaries, etc.","hidden":false,"name":"prisma-cloud-compute-hosts-scan-list","quickaction":false,"source_repo":"content"},{"compliantpolicies":[],"deprecated":false,"description":"Get the list of Prisma Cloud Compute vulnerabilities resources.","hidden":false,"name":"prisma-cloud-compute-vulnerabilities-impacted-resources-list","quickaction":false,"source_repo":"content"},{"compliantpolicies":[],"deprecated":false,"description":"Get the Waas Container Policies from Defend >> WAAS >> Containers.","hidden":false,"name":"prisma-cloud-compute-get-waas-policies","quickaction":false,"source_repo":"content"},{"compliantpolicies":[],"deprecated":false,"description":"Update the Waas Policy for containers.","hidden":false,"name":"prisma-cloud-compute-update-waas-policies","quickaction":false,"source_repo":"content"},{"compliantpolicies":[],"deprecated":false,"description":"Get the audits for the firewall container policies.","hidden":false,"name":"prisma-cloud-compute-get-audit-firewall-container-alerts","quickaction":false,"source_repo":"content"},{"compliantpolicies":[],"deprecated":false,"description":"Get the available alert alert profiles from a specific project.","hidden":false,"name":"prisma-cloud-compute-get-alert-profiles","quickaction":false,"source_repo":"content"},{"compliantpolicies":[],"deprecated":false,"description":"Get the Defender settings.","hidden":false,"name":"prisma-cloud-compute-get-settings-defender","quickaction":false,"source_repo":"content"},{"compliantpolicies":[],"deprecated":false,"description":"Download the Defender logs.","hidden":false,"name":"prisma-cloud-compute-logs-defender","quickaction":false,"source_repo":"content"},{"compliantpolicies":[],"deprecated":false,"description":"Download a zip of all Defender logs.","hidden":false,"name":"prisma-cloud-compute-logs-defender-download","quickaction":false,"source_repo":"content"},{"compliantpolicies":[],"deprecated":false,"description":"Returns the available backups.","hidden":false,"name":"prisma-cloud-compute-get-backups","quickaction":false,"source_repo":"content"},{"compliantpolicies":[],"deprecated":false,"description":"Get runtime file integrity audit events.","hidden":false,"name":"prisma-cloud-compute-get-file-integrity-events","quickaction":false,"source_repo":"content"},{"compliantpolicies":[],"deprecated":false,"description":"Use this command to unstuck the fetch stream in case it's getting duplicated incidents.","hidden":false,"name":"prisma-cloud-compute-unstuck-fetch-stream","quickaction":false,"source_repo":"content"},{"compliantpolicies":[],"deprecated":false,"description":"Retrieves all scan reports for images scanned by the Jenkins plugin or twistcli. Maps to Monitor > Vulnerabilities > Images > CI in the Console UI. The default will retrieve only the passed scans.","hidden":false,"name":"prisma-cloud-compute-ci-scan-results-list","quickaction":false,"source_repo":"content"},{"compliantpolicies":[],"deprecated":false,"description":"Returns the trusted registries, repositories, and images. Maps to the image table in Defend > Compliance > Trusted Images in the Console UI.","hidden":false,"name":"prisma-cloud-compute-trusted-images-list","quickaction":false,"source_repo":"content"},{"compliantpolicies":[],"deprecated":false,"description":"Updates a trusted image to the system. Specify trusted images using either the image name or layers properties. This is a potentially harmful command which overwrites the existing list, so use with caution. We recommend that is only be used in a playbook by a script that uses it.","hidden":false,"name":"prisma-cloud-compute-trusted-images-update","quickaction":false,"source_repo":"content"},{"compliantpolicies":[],"deprecated":false,"description":"Retrieves container scan reports. Maps to Monitor > Compliance > Containers in the Console UI.","hidden":false,"name":"prisma-cloud-compute-container-scan-results-list","quickaction":false,"source_repo":"content"},{"compliantpolicies":[],"deprecated":false,"description":"Returns minimal information that includes hostname, distro, distro-release, collections, clusters, and agentless about all deployed hosts.","hidden":false,"name":"prisma-cloud-compute-hosts-list","quickaction":false,"source_repo":"content"},{"compliantpolicies":[],"deprecated":false,"description":"Retrieves all container audit events when a runtime sensor such as process, network, file system, or system call detects an activity that deviates from the predictive model.","hidden":false,"name":"prisma-cloud-compute-runtime-container-audit-events-list","quickaction":false,"source_repo":"content"},{"compliantpolicies":[],"deprecated":false,"description":"Acknowledges an incident and moves it to an archived state.","hidden":false,"name":"prisma-cloud-compute-archive-audit-incident","quickaction":false,"source_repo":"content"},{"compliantpolicies":[],"deprecated":false,"description":"Retrieves the runtime host audit events.","hidden":false,"name":"prisma-cloud-compute-runtime-host-audit-events-list","quickaction":false,"source_repo":"content"},{"compliantpolicies":[],"deprecated":false,"description":"Retrieves the runtime policy for containers protected by Defender. A policy consists of ordered rules.","hidden":false,"name":"prisma-cloud-compute-runtime-container-policy-list","quickaction":false,"source_repo":"content"}],"deprecated":false,"description":"Use the Prisma Cloud Compute integration to fetch incidents from your Prisma Cloud Compute environment.","fromversion":"5.0.0","id":"PaloAltoNetworks_PrismaCloudCompute","isfetch":true,"isfetchassets":false,"isfetchevents":false,"name":"Palo Alto Networks - Prisma Cloud Compute","toversion":""}],"layoutscontainer":[{"deprecated":false,"description":"","fromversion":"6.0.0","group":"incident","id":"Prisma Cloud Compute Compliance","name":"Prisma Cloud Compute Compliance Incident","toversion":""},{"deprecated":false,"description":"","fromversion":"6.0.0","group":"incident","id":"Prisma Cloud Compute Vulnerability","name":"Prisma Cloud Compute Vulnerability Incident","toversion":""},{"deprecated":false,"description":"","fromversion":"6.0.0","group":"incident","id":"Prisma Cloud Compute Audit","name":"Prisma Cloud Compute Audit","toversion":""},{"deprecated":false,"description":"","fromversion":"6.10.0","group":"incident","id":"Prisma Cloud Compute Audit Layout v3","name":"Prisma Cloud Compute Audit Layout v3","toversion":""},{"deprecated":false,"description":"","fromversion":"6.0.0","group":"incident","id":"Prisma Cloud Compute Audit Layout v2","name":"Prisma Cloud Compute Audit Layout v2","toversion":""},{"deprecated":false,"description":"","fromversion":"6.10.0","group":"incident","id":"Prisma Cloud Compute Compliance Incident v2","name":"Prisma Cloud Compute Compliance Incident v2","toversion":""},{"deprecated":false,"description":"","fromversion":"6.0.0","group":"incident","id":"Prisma Cloud Compute Cloud Discovery","name":"Prisma Cloud Compute Cloud Discovery Incident","toversion":""}],"playbook":[{"deprecated":false,"description":"This playbook is a sub-playbook of the \"Prisma Cloud Compute - ServiceNow Compliance Ticket\" playbook.\nIt creates a new ServiceNow ticket or updates an existing ServiceNow ticket with an HTML table for the given compliance ID retrieved from the parent playbook, with enriched data for each resource (host, image or container).","fromversion":"6.10.0","id":"Prisma Cloud Compute - ServiceNow Ticket (HTML Table)","name":"Prisma Cloud Compute - ServiceNow Ticket (HTML Table)","tags":[],"toversion":""},{"deprecated":false,"description":"Default playbook for parsing and enrichment of Prisma Cloud Compute audit alerts.\nThe playbook has the following sections:\nEnrichment:\n- Image details\n- Similar container events\n- Owner details\n- Vulnerabilities\n- Compliance details\n- Forensics\n- Defender logs.\n\nRemediation:\n- Block Indicators - Generic v3\n- Cloud Response - Generic\n- Manual Remediation.\n\nCurrently, the playbook supports incidents created by **Runtime** and **WAAS** triggers.","fromversion":"6.10.0","id":"Prisma Cloud Compute - Audit Alert v3","name":"Prisma Cloud Compute - Audit Alert v3","tags":[],"toversion":""},{"deprecated":false,"description":"This is a sub-playbook of the \"Prisma Cloud Compute - Audit Alert v2\" playbook.\nIt creates CVE indicators based on image or host vulnerabilities. ","fromversion":"6.10.0","id":"Prisma Cloud Compute - Audit Alert Vulnerabilities Enrichment","name":"Prisma Cloud Compute - Audit Alert Vulnerabilities Enrichment","tags":[],"toversion":""},{"deprecated":false,"description":"Default playbook for parsing Prisma Cloud Compute Cloud Discovery alerts","fromversion":"5.0.0","id":"Prisma Cloud Compute - Cloud Discovery Alert","name":"Prisma Cloud Compute - Cloud Discovery Alert","tags":[],"toversion":""},{"deprecated":false,"description":"This is a sub-playbook of the \"Prisma Cloud Compute - Compliance Alert v2\" playbook.\nIt will loop through all of the given compliance issue IDs and will retrieve the following information for each affected host based on the compliance issue ID:\n- Hostname\n- Compliance Issues\n- Compliance Distribution\n- Cloud MetaData\n\nThe enriched information will be displayed in the layout in a dedicated table under the \"Host Compliance Information\" tab.","fromversion":"6.10.0","id":"Prisma Cloud Compute - Compliance Alert Host Enrichment Loop","name":"Prisma Cloud Compute - Compliance Alert Host Enrichment Loop","tags":[],"toversion":"7.99.99"},{"deprecated":false,"description":"This is a sub-playbook of the \u201cPrisma Cloud Compute - Audit Alert v2\u201d playbook.\n- Gets defender logs and sets them to layout\n- Downloads defender logs\n- Gets defender backups","fromversion":"6.10.0","id":"Prisma Cloud Compute - Get Defender Logs","name":"Prisma Cloud Compute - Get Defender Logs","tags":[],"toversion":""},{"deprecated":false,"description":"This playbook is a sub-playbook of the \"Prisma Cloud Compute - Compliance Alert Host Enrichment Loop\" playbook.\nIt creates a new ServiceNow ticket or updates an existing ServiceNow ticket for each compliance ID retrieved in the original Prisma Cloud compliance alert, with enriched data for each resource (host, image or container).","fromversion":"6.10.0","id":"Prisma Cloud Compute - ServiceNow Compliance Ticket","name":"Prisma Cloud Compute - ServiceNow Compliance Ticket","tags":[],"toversion":""},{"deprecated":false,"description":"This is a sub-playbook of the \"Prisma Cloud Compute - Audit Alert v2\" playbook.\nRetrieves the following information:\n- Alert profiles.\n- Container WAAS policies.\n- Image compliance issues.","fromversion":"6.10.0","id":"Prisma Cloud Compute - Audit Alert Compliance Enrichment","name":"Prisma Cloud Compute - Audit Alert Compliance Enrichment","tags":[],"toversion":""},{"deprecated":true,"description":"Deprecated. Use \"Prisma Cloud Compute - Audit Alert v3\" instead. Default playbook for parsing Prisma Cloud Compute audit alerts","fromversion":"5.0.0","id":"Prisma Cloud Compute - Audit Alert","name":"Prisma Cloud Compute - Audit Alert","tags":[],"toversion":""},{"deprecated":false,"description":"Default playbook for parsing Prisma Cloud Compute vulnerability alerts","fromversion":"5.0.0","id":"Prisma Cloud Compute - Vulnerability Alert","name":"Prisma Cloud Compute - Vulnerability Alert","tags":[],"toversion":""},{"deprecated":false,"description":"This playbook is a sub-playbook of the \"Prisma Cloud Compute - Jira Compliance Issue\" playbook.\nIt creates a new Jira issue or updates an existing Jira issue with a markdown table for the given compliance ID retrieved from the parent playbook, with enriched data for each resource (host, image or container).","fromversion":"6.10.0","id":"Prisma Cloud Compute - Jira Ticket (Markdown Table)","name":"Prisma Cloud Compute - Jira Ticket (Markdown Table)","tags":[],"toversion":""},{"deprecated":false,"description":"Playbook for enriching Prisma Cloud Compute compliance alerts.\nIt will handle hosts, images and container compliance alerts.\nEach sub-playbook in this playbook is dedicated to a specific resource type: host, container or image, and will loop through all of the retrieved Compliance Issue IDs in order to retrieve enriched information about each of the resources.\nThe enriched information will be displayed in the layout under dedicated tabs and includes resources information like hostnames, container ID, image ID, cloud provider info, enriched compliance issue details and more.\n\nIn addition, the playbook can create and update external ticketing systems for each compliance issue automatically with the relevant enriched information. In order to do so, fill the relevant playbook inputs.","fromversion":"6.10.0","id":"Prisma Cloud Compute - Compliance Alert v2","name":"Prisma Cloud Compute - Compliance Alert v2","tags":[],"toversion":""},{"deprecated":false,"description":"This playbook is a sub-playbook of the \"Prisma Cloud Compute - Jira Compliance Issue\" playbook.\nIt creates a new Jira issue or updates an existing Jira issue with an XLSX file for the given compliance ID retrieved from the parent playbook, with enriched data for each resource (host, image or container).","fromversion":"6.10.0","id":"Prisma Cloud Compute - Jira Ticket (XLSX)","name":"Prisma Cloud Compute - Jira Ticket (XLSX)","tags":[],"toversion":""},{"deprecated":true,"description":"Deprecated. Use Prisma Cloud Compute - Compliance Alert v2 instead.","fromversion":"5.0.0","id":"Prisma Cloud Compute - Compliance Alert","name":"Prisma Cloud Compute - Compliance Alert","tags":[],"toversion":""},{"deprecated":false,"description":"This playbook is a sub-playbook of the \"Prisma Cloud Compute - Compliance Alert Host Enrichment Loop\" playbook.\nIt creates a new Jira issue or updates an existing Jira issue for each compliance ID retrieved in the original Prisma Cloud compliance alert, with enriched data for each resource (host, image or container).","fromversion":"6.10.0","id":"Prisma Cloud Compute - Jira Compliance Issue","name":"Prisma Cloud Compute - Jira Compliance Issue","tags":[],"toversion":""},{"deprecated":false,"description":"This playbook is a sub-playbook of the \"Prisma Cloud Compute - ServiceNow Compliance Ticket\" playbook.\nIt creates a new ServiceNow ticket or updates an existing ServiceNow ticket with an XLSX file for the given compliance ID retrieved from the parent playbook, with enriched data for each resource (host, image or container).","fromversion":"6.10.0","id":"Prisma Cloud Compute - ServiceNow Ticket (XLSX)","name":"Prisma Cloud Compute - ServiceNow Ticket (XLSX)","tags":[],"toversion":""},{"deprecated":false,"description":"This is a sub-playbook of the \"Prisma Cloud Compute - Compliance Alert v2\" playbook.\nIt will loop through all of the given compliance issue IDs and will retrieve the following information for each affected container based on the compliance issue ID:\n- Container ID\n- Compliance Issues\n- Compliance Distribution\n- Hostname\n- Image Name\n- Cloud MetaData\n\nThe enriched information will be displayed in the layout in a dedicated table under the \"Container Compliance Information\" tab.","fromversion":"6.10.0","id":"Prisma Cloud Compute - Compliance Alert Container Enrichment Loop","name":"Prisma Cloud Compute - Compliance Alert Container Enrichment Loop","tags":[],"toversion":"7.99.99"},{"deprecated":false,"description":"This is a sub-playbook of the \"Prisma Cloud Compute - Audit Alert v2\" playbook.\nIt does the following:\n- Runs the \"Prisma Cloud - Get Account Owner\" playbook in order to retrieve potential owners for the alert.\n- Sets the incident link to the layout.\n- Pulls image details and alerts\n- Pulls host scan results.","fromversion":"6.10.0","id":"Prisma Cloud Compute - Audit Alert Enrichment","name":"Prisma Cloud Compute - Audit Alert Enrichment","tags":[],"toversion":""},{"deprecated":false,"description":"This is a sub-playbook of the \"Prisma Cloud Compute - Audit Alert v2\" playbook.\nGets the container profile and forensics.","fromversion":"6.10.0","id":"Prisma Cloud Compute - Container Forensics","name":"Prisma Cloud Compute - Container Forensics","tags":[],"toversion":""},{"deprecated":true,"description":"Deprecated. Use \"Prisma Cloud Compute - Audit Alert v3\" instead. Default playbook for parsing and enrichment of Prisma Cloud Compute audit alerts.","fromversion":"6.0.0","id":"Prisma Cloud Compute - Audit Alert v2","name":"Prisma Cloud Compute - Audit Alert v2","tags":[],"toversion":""},{"deprecated":false,"description":"This is a sub-playbook of the \"Prisma Cloud Compute - Compliance Alert v2\" playbook.\nIt will loop through all of the given compliance issue IDs and will retrieve the following information for each affected image based on the compliance issue ID:\n- Image ID\n- Compliance Issues\n- Compliance Distribution\n- Hosts\n- Image Instances\n- Cloud MetaData\n\nThe enriched information will be displayed in the layout in a dedicated table under the \"Image Compliance Information\" tab.","fromversion":"6.10.0","id":"Prisma Cloud Compute - Compliance Alert Image Enrichment Loop","name":"Prisma Cloud Compute - Compliance Alert Image Enrichment Loop","tags":[],"toversion":"7.99.99"},{"deprecated":false,"description":"This is a sub-playbook of the \"Prisma Cloud Compute - Audit Alert v2\" playbook.\n- Get container runtime or WAAS events and set it in the layout.","fromversion":"6.10.0","id":"Prisma Cloud Compute - Get Container Events","name":"Prisma Cloud Compute - Get Container Events","tags":[],"toversion":""}],"wizard":[{"dependency_packs":[{"min_required":1,"name":"Case Management","packs":[{"display_name":"Atlassian Jira","name":"Jira"},{"display_name":"ServiceNow v2","name":"ServiceNow"}]}],"deprecated":false,"description":"Welcome to the Deployment Wizard!  These steps will guide you through configuring your content pack so you'll have a working use case when the wizard finishes. Make sure to follow the steps in order, you can always continue the wizard where you left off. Learn more about this pack\u2019s deployment in the \"Cortex XSOAR Administrator Guide\" -> \"Set up Your Use Case with the Deployment Wizard\".","fromversion":"6.9.0","id":"Prisma Cloud Compute Compliance Use Case","name":"Prisma Cloud Compute Compliance Use Case","toversion":""}]},"contributors":["Eric Partington"],"created":"2020-03-10T08:37:18Z","currentVersion":"1.7.21","defaultDataSource":null,"dependencies":{"Base":{"author":"Cortex XSOAR","certification":"certified","mandatory":true,"minVersion":"1.41.22","name":"Base"},"CommonPlaybooks":{"author":"Cortex XSOAR","certification":"certified","mandatory":false,"minVersion":"2.7.16","name":"Common Playbooks"},"CommonScripts":{"author":"Cortex XSOAR","certification":"certified","mandatory":true,"minVersion":"1.20.13","name":"Common Scripts"},"CommonTypes":{"author":"Cortex XSOAR","certification":"certified","mandatory":false,"minVersion":"3.9.3","name":"Common Types"},"FiltersAndTransformers":{"author":"Cortex XSOAR","certification":"certified","mandatory":true,"minVersion":"1.3.10","name":"Filters And Transformers"},"Jira":{"author":"Cortex XSOAR","certification":"certified","mandatory":false,"minVersion":"3.3.8","name":"Atlassian Jira"},"PrismaCloud":{"author":"Cortex XSOAR","certification":"certified","mandatory":true,"minVersion":"4.4.9","name":"Prisma Cloud by Palo Alto Networks"},"ServiceNow":{"author":"Cortex XSOAR","certification":"certified","mandatory":false,"minVersion":"2.8.10","name":"ServiceNow"}},"deprecated":false,"description":"Use the Prisma Cloud Compute integration to fetch incidents from your Prisma Cloud Compute environment.","display_name":"Prisma Cloud Compute by Palo Alto Networks","downloads":6414,"eulaLink":"https://github.com/demisto/content/blob/master/LICENSE","excludedDependencies":[],"git_sha":null,"git_status":null,"hidden":false,"hybrid":false,"id":"PrismaCloudCompute","integrations":[{"name":"Palo Alto Networks - Prisma Cloud Compute","imagePath":"content/packs/PrismaCloudCompute/PaloAltoNetworks_PrismaCloudCompute_image.png"},{"name":"ServiceNow (Deprecated)","imagePath":"content/packs/ServiceNow/ServiceNow_image.png"},{"name":"ServiceNow CMDB","imagePath":"content/packs/ServiceNow/ServiceNowCMDB_image.png"},{"name":"ServiceNow IAM","imagePath":"content/packs/ServiceNow/ServiceNowIAM_image.png"},{"name":"ServiceNow v2","imagePath":"content/packs/ServiceNow/ServiceNowv2_image.png"},{"name":"Atlassian Jira v2 (Deprecated)","imagePath":"content/packs/Jira/jira-v2_image.png"},{"name":"Atlassian Jira v3","imagePath":"content/packs/Jira/JiraV3_image.png"},{"name":"Prisma Cloud (RedLock)","imagePath":"content/packs/PrismaCloud/RedLock_image.png"},{"name":"Prisma Cloud (RedLock) (Deprecated)","imagePath":"content/packs/PrismaCloud/RedLock_image.png"},{"name":"Prisma Cloud v2","imagePath":"content/packs/PrismaCloud/PrismaCloudv2_image.png"},{"name":"PrismaCloud IAM","imagePath":"content/packs/PrismaCloud/PrismaCloudIAM_image.png"}],"keywords":[],"legacy":true,"marketplaces":["marketplacev2","platform","xsoar","xsoar_saas"],"modules":[],"name":"Prisma Cloud Compute by Palo Alto Networks","old_base_content_object":null,"price":0,"searchRank":10,"serverMinVersion":"5.0.0","source_repo":"content","support":"xsoar","supportDetails":{"url":"https://www.paloaltonetworks.com/cortex"},"supportedModules":["X1","X3","X5","ENT_PLUS","agentix"],"tags":["Palo Alto Networks Products"],"updated":"2025-09-11T20:31:26Z","useCases":[],"versionInfo":"4856079","videos":[]}