{"author":"Cortex XSOAR","authorImage":"content/packs/Base/Author_image.png","categories":["Code Repositories"],"certification":"certified","commit":"a840b504cf36f74f2bba5c4435ee9e82401db6c7","contentCommitHash":null,"contentDisplays":{"integration":"Integrations"},"contentItems":{"integration":[{"category":"Utilities","commands":[{"compliantpolicies":[],"deprecated":false,"description":"Creates an issue in GitHub.","hidden":false,"name":"GitHub-create-issue","quickaction":false,"source_repo":"content"},{"compliantpolicies":[],"deprecated":false,"description":"Closes an existing issue.","hidden":false,"name":"GitHub-close-issue","quickaction":false,"source_repo":"content"},{"compliantpolicies":[],"deprecated":false,"description":"Updates the parameters of a specified issue.","hidden":false,"name":"GitHub-update-issue","quickaction":false,"source_repo":"content"},{"compliantpolicies":[],"deprecated":false,"description":"Lists all issues that the user has access to view.","hidden":false,"name":"GitHub-list-all-issues","quickaction":false,"source_repo":"content"},{"compliantpolicies":[],"deprecated":false,"description":"Searches for code in repositories that match a given query.","hidden":false,"name":"GitHub-search-code","quickaction":false,"source_repo":"content"},{"compliantpolicies":[],"deprecated":false,"description":"Searches for and returns issues that match a given query.","hidden":false,"name":"GitHub-search-issues","quickaction":false,"source_repo":"content"},{"compliantpolicies":[],"deprecated":false,"description":"Returns the total number of downloads for all releases for the specified repository.","hidden":false,"name":"GitHub-get-download-count","quickaction":false,"source_repo":"content"},{"compliantpolicies":[],"deprecated":false,"description":"Gets inactive pull requests.","hidden":false,"name":"GitHub-get-stale-prs","quickaction":false,"source_repo":"content"},{"compliantpolicies":[],"deprecated":false,"description":"Gets a branch.","hidden":false,"name":"GitHub-get-branch","quickaction":false,"source_repo":"content"},{"compliantpolicies":[],"deprecated":false,"description":"Create a new branch.","hidden":false,"name":"GitHub-create-branch","quickaction":false,"source_repo":"content"},{"compliantpolicies":[],"deprecated":false,"description":"Retrieves a user membership status with a team.","hidden":false,"name":"GitHub-get-team-membership","quickaction":false,"source_repo":"content"},{"compliantpolicies":[],"deprecated":false,"description":"Requests reviews from GitHub users for a given pull request.","hidden":false,"name":"GitHub-request-review","quickaction":false,"source_repo":"content"},{"compliantpolicies":[],"deprecated":false,"description":"Creates a comment for a given issue.","hidden":false,"name":"GitHub-create-comment","quickaction":false,"source_repo":"content"},{"compliantpolicies":[],"deprecated":false,"description":"Lists comments on an issue.","hidden":false,"name":"GitHub-list-issue-comments","quickaction":false,"source_repo":"content"},{"compliantpolicies":[],"deprecated":false,"description":"Lists the pull request files.","hidden":false,"name":"GitHub-list-pr-files","quickaction":false,"source_repo":"content"},{"compliantpolicies":[],"deprecated":false,"description":"Lists reviews on a pull request.","hidden":false,"name":"GitHub-list-pr-reviews","quickaction":false,"source_repo":"content"},{"compliantpolicies":[],"deprecated":false,"description":"Gets a commit.","hidden":false,"name":"GitHub-get-commit","quickaction":false,"source_repo":"content"},{"compliantpolicies":[],"deprecated":false,"description":"Adds labels to an issue.","hidden":false,"name":"GitHub-add-label","quickaction":false,"source_repo":"content"},{"compliantpolicies":[],"deprecated":false,"description":"Gets a pull request.","hidden":false,"name":"GitHub-get-pull-request","quickaction":false,"source_repo":"content"},{"compliantpolicies":[],"deprecated":false,"description":"Lists the teams for an organization. Note that this API call is only available to authenticated members of the organization.","hidden":false,"name":"GitHub-list-teams","quickaction":false,"source_repo":"content"},{"compliantpolicies":[],"deprecated":false,"description":"Deletes a branch.","hidden":false,"name":"GitHub-delete-branch","quickaction":false,"source_repo":"content"},{"compliantpolicies":[],"deprecated":false,"description":"Lists all the review comments for a pull request.","hidden":false,"name":"GitHub-list-pr-review-comments","quickaction":false,"source_repo":"content"},{"compliantpolicies":[],"deprecated":false,"description":"Updates a pull request in a repository.","hidden":false,"name":"GitHub-update-pull-request","quickaction":false,"source_repo":"content"},{"compliantpolicies":[],"deprecated":false,"description":"Returns a merged pull request. If the pull request has been merged, the API returns 'Status: 204 No Content'. If the pull request has not been merged the API returns 'Status: 404 Not Found'.","hidden":false,"name":"GitHub-is-pr-merged","quickaction":false,"source_repo":"content"},{"compliantpolicies":[],"deprecated":false,"description":"Creates a new pull request.","hidden":false,"name":"GitHub-create-pull-request","quickaction":false,"source_repo":"content"},{"compliantpolicies":[],"deprecated":false,"description":"Gets the usage details of GitHub action workflows of private repositories by repository owner.","hidden":false,"name":"Github-get-github-actions-usage","quickaction":false,"source_repo":"content"},{"compliantpolicies":[],"deprecated":false,"description":"Gets a check run details.","hidden":false,"name":"Github-get-check-run","quickaction":false,"source_repo":"content"},{"compliantpolicies":[],"deprecated":false,"description":"Gets the content of a file from GitHub.","hidden":false,"name":"GitHub-get-file-content","quickaction":false,"source_repo":"content"},{"compliantpolicies":[],"deprecated":false,"description":"Gets list of files from the given path in the repository.","hidden":false,"name":"Github-list-files","quickaction":false,"source_repo":"content"},{"compliantpolicies":[],"deprecated":false,"description":"Lists team members.","hidden":false,"name":"GitHub-list-team-members","quickaction":false,"source_repo":"content"},{"compliantpolicies":[],"deprecated":false,"description":"Commits a given file.","hidden":false,"name":"Github-commit-file","quickaction":false,"source_repo":"content"},{"compliantpolicies":[],"deprecated":false,"description":"Create a release.","hidden":false,"name":"GitHub-create-release","quickaction":false,"source_repo":"content"},{"compliantpolicies":[],"deprecated":false,"description":"Gets pull requests corresponding to the given branch name.","hidden":false,"name":"GitHub-list-branch-pull-requests","quickaction":false,"source_repo":"content"},{"compliantpolicies":[],"deprecated":false,"description":"Returns events corresponding to the given issue.","hidden":false,"name":"Github-list-issue-events","quickaction":false,"source_repo":"content"},{"compliantpolicies":[],"deprecated":false,"description":"Lists all issues that the user has access to view.","hidden":false,"name":"GitHub-list-all-projects","quickaction":false,"source_repo":"content"},{"compliantpolicies":[],"deprecated":false,"description":"Adds an Issue as a card in column of a spesific project.","hidden":false,"name":"GitHub-add-issue-to-project-board","quickaction":false,"source_repo":"content"},{"compliantpolicies":[],"deprecated":false,"description":"Gets the data of the a given path.","hidden":false,"name":"GitHub-get-path-data","quickaction":false,"source_repo":"content"},{"compliantpolicies":[],"deprecated":false,"description":"Gets releases data from a given repository and organization.","hidden":false,"name":"GitHub-releases-list","quickaction":false,"source_repo":"content"},{"compliantpolicies":[],"deprecated":false,"description":"Update an already existing comment.","hidden":false,"name":"GitHub-update-comment","quickaction":false,"source_repo":"content"},{"compliantpolicies":[],"deprecated":false,"description":"Deletes a comment.","hidden":false,"name":"GitHub-delete-comment","quickaction":false,"source_repo":"content"},{"compliantpolicies":[],"deprecated":false,"description":"Adds up to 10 assignees to an issue/PR. Users already assigned to an issue are not replaced.","hidden":false,"name":"GitHub-add-assignee","quickaction":false,"source_repo":"content"},{"compliantpolicies":[],"deprecated":false,"description":"Triggers a GitHub workflow on a given repository and workflow.","hidden":false,"name":"GitHub-trigger-workflow","quickaction":false,"source_repo":"content"},{"compliantpolicies":[],"deprecated":false,"description":"Cancels a GitHub workflow.","hidden":false,"name":"GitHub-cancel-workflow","quickaction":false,"source_repo":"content"},{"compliantpolicies":[],"deprecated":false,"description":"Returns a list of GitHub workflows on a given repository.","hidden":false,"name":"GitHub-list-workflows","quickaction":false,"source_repo":"content"}],"deprecated":false,"description":"Integration to GitHub API.","fromversion":"5.0.0","id":"GitHub","isfetch":true,"isfetchassets":false,"isfetchevents":false,"name":"GitHub","toversion":""},{"category":"Identity and Access Management","commands":[{"compliantpolicies":[],"deprecated":false,"description":"Creates a user.","hidden":false,"name":"iam-create-user","quickaction":false,"source_repo":"content"},{"compliantpolicies":["User Hard Remediation"],"deprecated":false,"description":"Updates an existing user with the data passed in the user-profile argument.","hidden":false,"name":"iam-update-user","quickaction":false,"source_repo":"content"},{"compliantpolicies":[],"deprecated":false,"description":"Retrieves a single user resource.","hidden":false,"name":"iam-get-user","quickaction":false,"source_repo":"content"},{"compliantpolicies":["User Hard Remediation"],"deprecated":false,"description":"Disable an active user.","hidden":false,"name":"iam-disable-user","quickaction":false,"source_repo":"content"},{"compliantpolicies":[],"deprecated":false,"description":"Retrieves a User Profile schema which holds all of the user fields within the application. Used for outgoing-mapping through the Get Schema option.","hidden":false,"name":"get-mapping-fields","quickaction":false,"source_repo":"content"}],"deprecated":false,"description":"Integrate with GitHub services to perform Identity Lifecycle Management operations.","fromversion":"6.0.0","id":"GitHub IAM","isfetch":false,"isfetchassets":false,"isfetchevents":false,"name":"GitHub IAM","toversion":""}]},"contributors":null,"created":"2020-04-14T00:00:00Z","currentVersion":"2.1.10","defaultDataSource":null,"dependencies":{"Base":{"author":"Cortex XSOAR","certification":"certified","mandatory":true,"minVersion":"1.41.32","name":"Base"},"IAM-SCIM":{"author":"Cortex XSOAR","certification":"certified","mandatory":true,"minVersion":"1.1.1","name":"IAM SCIM"}},"deprecated":false,"description":"Manage GitHub issues and pull requests directly from Cortex XSOAR","display_name":"GitHub","downloads":9331,"eulaLink":"https://github.com/demisto/content/blob/master/LICENSE","excludedDependencies":[],"git_sha":null,"git_status":null,"hidden":false,"hybrid":false,"id":"GitHub","integrations":[{"name":"GitHub","imagePath":"content/packs/GitHub/GitHub_image.png"},{"name":"GitHub IAM","imagePath":"content/packs/GitHub/GitHubIAM_image.png"}],"keywords":[],"legacy":true,"marketplaces":["marketplacev2","platform","xsoar","xsoar_saas"],"modules":[],"name":"GitHub","old_base_content_object":null,"price":0,"searchRank":10,"serverMinVersion":"5.0.0","source_repo":"content","support":"xsoar","supportDetails":{"url":"https://www.paloaltonetworks.com/cortex"},"supportedModules":["C1","C3","X0","X1","X3","X5","ENT_PLUS","agentix","cloud_runtime_security","cloud_posture","xsiam","edr","cloud"],"tags":[],"updated":"2025-10-29T17:11:15Z","useCases":[],"versionInfo":"5636304","videos":[]}