{
    "author": "Cortex XSOAR",
    "authorImage": "content/packs/Base/Author_image.png",
    "categories": [
        "Network Security"
    ],
    "certification": "certified",
    "commit": "af243a7bcb794aace65b8d8a92f410afa1b13f43",
    "contentCommitHash": null,
    "contentDisplays": {
        "integration": "Integration"
    },
    "contentItems": {
        "integration": [
            {
                "category": "Network Security",
                "commands": [
                    {
                        "deprecated": false,
                        "description": "List of categories ordered by the number of requests made matching the categories in descending order.",
                        "name": "umbrella-reporting-category-list",
                        "source_repo": "content"
                    },
                    {
                        "deprecated": false,
                        "description": "List of identities ordered by the number of requests made matching the categories in descending order.",
                        "name": "umbrella-reporting-identity-list",
                        "source_repo": "content"
                    },
                    {
                        "deprecated": false,
                        "description": "List of top threats within a time frame. Returns both DNS and Proxy data.",
                        "name": "umbrella-reporting-threat-list",
                        "source_repo": "content"
                    },
                    {
                        "deprecated": false,
                        "description": "List all activity entries (dns/proxy/firewall/ip/intrusion/amp) within the time frame.",
                        "name": "umbrella-reporting-activity-list",
                        "source_repo": "content"
                    },
                    {
                        "deprecated": false,
                        "description": "List of event types ordered by the number of requests made for each type of event in descending order. The event types are: domain_security, domain_integration, url_security, url_integration, cisco_amp and antivirus.",
                        "name": "umbrella-reporting-event-type-list",
                        "source_repo": "content"
                    },
                    {
                        "deprecated": false,
                        "description": "List all entries within a time frame based on the traffic type selected. Valid activity types are dns, proxy, firewall, intrusion, ip, amp.\nOnly one activity type can be selected at a time.",
                        "name": "umbrella-reporting-activity-get",
                        "source_repo": "content"
                    },
                    {
                        "deprecated": false,
                        "description": "List of destinations ordered by the number of requests made in descending order.",
                        "name": "umbrella-reporting-destination-list",
                        "source_repo": "content"
                    },
                    {
                        "deprecated": false,
                        "description": "List of files within a time frame. Only returns proxy data.",
                        "name": "umbrella-reporting-file-list",
                        "source_repo": "content"
                    },
                    {
                        "deprecated": false,
                        "description": "Get the summary.",
                        "name": "umbrella-reporting-summary-list",
                        "source_repo": "content"
                    }
                ],
                "deprecated": false,
                "description": "The Umbrella Reporting v2 API provides visibility into your core network and security activities and Umbrella logs.",
                "fromversion": "6.5.0",
                "id": "Cisco Umbrella Reporting",
                "isfetch": false,
                "isfetchassets": false,
                "isfetchevents": false,
                "name": "Cisco Umbrella Reporting",
                "toversion": ""
            }
        ]
    },
    "contributors": null,
    "created": "2022-11-24T23:40:01Z",
    "currentVersion": "1.1.2",
    "defaultDataSource": null,
    "dependencies": {
        "Base": {
            "author": "Cortex XSOAR",
            "certification": "certified",
            "mandatory": true,
            "minVersion": "1.34.13",
            "name": "Base"
        }
    },
    "deprecated": false,
    "description": "Use Cisco Umbrella's Reporting to monitor your Umbrella integration and gain a better understanding of your Umbrella usage. Gain insights into request activity and blocked activity, determining which of your identities are generating blocked requests. Reports help build actionable intelligence in addressing security threats including changes in usage trends over time. The Umbrella Reporting v2 API provides visibility into your core network and security activities and Umbrella logs. This integration was integrated and tested with version 2 of Cisco-umbrella-reporting.",
    "display_name": "Cisco Umbrella Reporting",
    "downloads": 176,
    "eulaLink": "https://github.com/demisto/content/blob/master/LICENSE",
    "excludedDependencies": [],
    "git_sha": null,
    "git_status": null,
    "hidden": false,
    "hybrid": false,
    "id": "CiscoUmbrellaReporting",
    "integrations": [
        {
            "name": "Cisco Umbrella Reporting",
            "imagePath": "content/packs/CiscoUmbrellaReporting/CiscoUmbrellaReporting_image.png"
        }
    ],
    "keywords": [],
    "legacy": true,
    "marketplaces": [
        "marketplacev2",
        "xsoar",
        "xsoar_saas"
    ],
    "modules": [],
    "name": "Cisco Umbrella Reporting",
    "old_base_content_object": null,
    "price": 0,
    "searchRank": 10,
    "serverMinVersion": "6.5.0",
    "source_repo": "content",
    "support": "xsoar",
    "supportDetails": {
        "url": "https://www.paloaltonetworks.com/cortex"
    },
    "tags": [],
    "updated": "2024-06-19T09:29:07Z",
    "useCases": [],
    "versionInfo": "1104278",
    "videos": []
}