{
    "author": "Cortex XSOAR",
    "authorImage": "content/packs/Base/Author_image.png",
    "categories": [
        "Messaging And Conferencing"
    ],
    "certification": "certified",
    "commit": "87e581243053003480db57f71ea95102647d9362",
    "contentCommitHash": null,
    "contentDisplays": {
        "automation": "Automations",
        "integration": "Integrations"
    },
    "contentItems": {
        "automation": [
            {
                "deprecated": false,
                "description": "This script grants a user the permissions needed to create a Teams meeting. It connects to MS Teams, creating an application access policy to a chosen application and then grants a user permissions.",
                "fromversion": "5.5.0",
                "id": "ConfigureAzureApplicationAccessPolicy",
                "name": "ConfigureAzureApplicationAccessPolicy",
                "tags": [],
                "toversion": ""
            },
            {
                "deprecated": false,
                "description": "Send a team member or channel a question with predefined response options on Microsoft Teams. The response can be used to close a task (might be conditional) in a playbook.",
                "fromversion": "5.0.0",
                "id": "MicrosoftTeamsAsk",
                "name": "MicrosoftTeamsAsk",
                "tags": [
                    "microsoftteams"
                ],
                "toversion": ""
            }
        ],
        "integration": [
            {
                "category": "Messaging and Conferencing",
                "commands": [
                    {
                        "deprecated": false,
                        "description": "Send a message to Microsoft Teams via Incoming Webhook.",
                        "name": "ms-teams-message",
                        "source_repo": "content"
                    }
                ],
                "deprecated": false,
                "description": "Integration for sending notifications to a Microsoft Teams channel via Incoming Webhook.",
                "fromversion": "6.2.0",
                "id": "Microsoft Teams via Webhook",
                "isfetch": false,
                "isfetchassets": false,
                "isfetchevents": false,
                "name": "Microsoft Teams via Webhook",
                "toversion": ""
            },
            {
                "category": "Messaging and Conferencing",
                "commands": [
                    {
                        "deprecated": false,
                        "description": "Create a copy of a team. This operation also creates a copy of the corresponding group. Cloning is a long-running operation.",
                        "name": "microsoft-teams-team-clone",
                        "source_repo": "content"
                    },
                    {
                        "deprecated": false,
                        "description": "Retrieve the properties and relationships of the specified team.",
                        "name": "microsoft-teams-team-get",
                        "source_repo": "content"
                    },
                    {
                        "deprecated": false,
                        "description": "Update the properties of the specified team.",
                        "name": "microsoft-teams-team-update",
                        "source_repo": "content"
                    },
                    {
                        "deprecated": false,
                        "description": "Run this command to complete the authorization process.\nShould be used after running the microsoft-teams-auth-start command.",
                        "name": "microsoft-teams-auth-complete",
                        "source_repo": "content"
                    },
                    {
                        "deprecated": false,
                        "description": "Add a user to be a team member.",
                        "name": "microsoft-teams-member-add",
                        "source_repo": "content"
                    },
                    {
                        "deprecated": false,
                        "description": "Archive the specified team. When a team is archived, users can no longer send or like messages on any channel in the team, edit the team's name, description, or other settings, or in general make most changes to the team. Membership changes to the team continue to be allowed. Archiving is an async operation. A team is archived once the async operation completes successfully, which may occur subsequent to a response from this command. In order to archive a team, the team and group must have an owner.",
                        "name": "microsoft-teams-team-archive",
                        "source_repo": "content"
                    },
                    {
                        "deprecated": false,
                        "description": "Deletes a group. Note: it might take time for the team to disappear from the teams list.",
                        "name": "microsoft-teams-team-delete",
                        "source_repo": "content"
                    },
                    {
                        "deprecated": false,
                        "description": "Updates a team member.",
                        "name": "microsoft-teams-member-update",
                        "source_repo": "content"
                    },
                    {
                        "deprecated": false,
                        "description": "Gets a member of a team.",
                        "name": "microsoft-teams-member-get",
                        "source_repo": "content"
                    },
                    {
                        "deprecated": false,
                        "description": "Remove a member from the team.",
                        "name": "microsoft-teams-member-remove",
                        "source_repo": "content"
                    },
                    {
                        "deprecated": false,
                        "description": "Creates a new team.",
                        "name": "microsoft-teams-team-create",
                        "source_repo": "content"
                    },
                    {
                        "deprecated": false,
                        "description": "Run this command to start the authorization process and follow the instructions in the command results.",
                        "name": "microsoft-teams-auth-start",
                        "source_repo": "content"
                    },
                    {
                        "deprecated": false,
                        "description": "Create a new team under a group. In order to create a team, the group must have a least one owner and the group cannot be of type Security.",
                        "name": "microsoft-teams-team-create-from-group",
                        "source_repo": "content"
                    },
                    {
                        "deprecated": false,
                        "description": "Get the teams in Microsoft Teams that the user is a direct member of.",
                        "name": "microsoft-teams-teams-list-joined",
                        "source_repo": "content"
                    },
                    {
                        "deprecated": false,
                        "description": "Returns all the groups that have teams in an organization.",
                        "name": "microsoft-teams-teams-list",
                        "source_repo": "content"
                    },
                    {
                        "deprecated": false,
                        "description": "Tests connectivity to Microsoft.",
                        "name": "microsoft-teams-auth-test",
                        "source_repo": "content"
                    },
                    {
                        "deprecated": false,
                        "description": "Returns the members of the specified team.",
                        "name": "microsoft-teams-members-list",
                        "source_repo": "content"
                    },
                    {
                        "deprecated": false,
                        "description": "Run this command if for some reason you need to rerun the authentication process.",
                        "name": "microsoft-teams-auth-reset",
                        "source_repo": "content"
                    },
                    {
                        "deprecated": false,
                        "description": "Restore an archived team. This restores the users' ability to send messages and edit the team, abiding by tenant and team settings. Unarchiving is an async operation. A team is unarchived once the async operation completes successfully, which may occur subsequent to a response from this command.",
                        "name": "microsoft-teams-team-unarchive",
                        "source_repo": "content"
                    }
                ],
                "deprecated": false,
                "description": "Manage teams and members in Microsoft Teams.",
                "fromversion": "5.0.0",
                "id": "Microsoft Teams Management",
                "isfetch": false,
                "isfetchassets": false,
                "isfetchevents": false,
                "name": "Microsoft Teams Management",
                "toversion": ""
            },
            {
                "category": "Messaging and Conferencing",
                "commands": [
                    {
                        "deprecated": false,
                        "description": "Updates the chat name. It can only be set for group chats.",
                        "name": "microsoft-teams-chat-update",
                        "source_repo": "content"
                    },
                    {
                        "deprecated": false,
                        "description": "Retrieves a list of chats that the user is part of. If 'chat' is specified, retrieves this chat only.",
                        "name": "microsoft-teams-chat-list",
                        "source_repo": "content"
                    },
                    {
                        "deprecated": false,
                        "description": "Returns real-time and historical data on the integration status.",
                        "name": "microsoft-teams-integration-health",
                        "source_repo": "content"
                    },
                    {
                        "deprecated": false,
                        "description": "Creates a new chat. \nNote: Only one oneOnOne chat can exist between two members. If a oneOnOne chat already exists, it will be returned.",
                        "name": "microsoft-teams-chat-create",
                        "source_repo": "content"
                    },
                    {
                        "deprecated": false,
                        "description": "Creates a new channel in a Microsoft Teams team.",
                        "name": "microsoft-teams-create-channel",
                        "source_repo": "content"
                    },
                    {
                        "deprecated": false,
                        "description": "Deletes the specified Microsoft Teams channel.",
                        "name": "close-channel",
                        "source_repo": "content"
                    },
                    {
                        "deprecated": false,
                        "description": "Mirrors the XSOAR investigation to the specified Microsoft Teams channel. Supports only standard channels.",
                        "name": "mirror-investigation",
                        "source_repo": "content"
                    },
                    {
                        "deprecated": false,
                        "description": "Creates a new meeting in Microsoft Teams.",
                        "name": "microsoft-teams-create-meeting",
                        "source_repo": "content"
                    },
                    {
                        "deprecated": true,
                        "description": "Adds a member (user) to a private/shared channel.",
                        "name": "add-user-to-channel",
                        "source_repo": "content"
                    },
                    {
                        "deprecated": false,
                        "description": "Retrieves a list of members from a chat.",
                        "name": "microsoft-teams-chat-member-list",
                        "source_repo": "content"
                    },
                    {
                        "deprecated": false,
                        "description": "Sends a message to the specified teams.\nTo mention a user in the message, add a semicolon \";\" at the end of the user mention. For example: @Bruce Willis;.",
                        "name": "send-notification",
                        "source_repo": "content"
                    },
                    {
                        "deprecated": false,
                        "description": "Ring a user's Teams account. Note: This is a ring only! no media will play in case the generated call is answered. To use this make sure your Bot has the following permissions - Calls.Initiate.All and Calls.InitiateGroupCall.All",
                        "name": "microsoft-teams-ring-user",
                        "source_repo": "content"
                    },
                    {
                        "deprecated": false,
                        "description": "Generate the login url used for Authorization code flow.",
                        "name": "microsoft-teams-generate-login-url",
                        "source_repo": "content"
                    },
                    {
                        "deprecated": false,
                        "description": "Tests the connectivity to MicrosoftTeams.",
                        "name": "microsoft-teams-auth-test",
                        "source_repo": "content"
                    },
                    {
                        "deprecated": false,
                        "description": "Sends a new chat message in the specified chat.",
                        "name": "microsoft-teams-message-send-to-chat",
                        "source_repo": "content"
                    },
                    {
                        "deprecated": false,
                        "description": "Adds a member (user) to a group chat.",
                        "name": "microsoft-teams-chat-add-user",
                        "source_repo": "content"
                    },
                    {
                        "deprecated": false,
                        "description": "Retrieves a list of messages in a chat.",
                        "name": "microsoft-teams-chat-message-list",
                        "source_repo": "content"
                    },
                    {
                        "deprecated": false,
                        "description": "Run this command if you need to rerun the authentication process.",
                        "name": "microsoft-teams-auth-reset",
                        "source_repo": "content"
                    },
                    {
                        "deprecated": false,
                        "description": "Removes a member (user) from a private/shared channel.",
                        "name": "microsoft-teams-user-remove-from-channel",
                        "source_repo": "content"
                    },
                    {
                        "deprecated": false,
                        "description": "Retrieves a list of members from a channel.",
                        "name": "microsoft-teams-channel-user-list",
                        "source_repo": "content"
                    },
                    {
                        "deprecated": false,
                        "description": "Adds a member (user) to a private/shared channel.",
                        "name": "microsoft-teams-add-user-to-channel",
                        "source_repo": "content"
                    },
                    {
                        "deprecated": true,
                        "description": "Creates a new channel in a Microsoft Teams team.",
                        "name": "create-channel",
                        "source_repo": "content"
                    }
                ],
                "deprecated": false,
                "description": "Send messages and notifications to your team members.",
                "fromversion": "5.0.0",
                "id": "Microsoft Teams",
                "isfetch": false,
                "isfetchassets": false,
                "isfetchevents": false,
                "name": "Microsoft Teams",
                "toversion": ""
            }
        ]
    },
    "contributors": null,
    "created": "2020-09-25T16:13:46Z",
    "currentVersion": "1.4.64",
    "defaultDataSource": null,
    "dependencies": {
        "Base": {
            "author": "Cortex XSOAR",
            "certification": "certified",
            "mandatory": true,
            "minVersion": "1.34.17",
            "name": "Base"
        }
    },
    "deprecated": false,
    "description": "Send messages and notifications to your team members.",
    "display_name": "Microsoft Teams",
    "downloads": 18672,
    "eulaLink": "https://github.com/demisto/content/blob/master/LICENSE",
    "excludedDependencies": [],
    "git_sha": null,
    "git_status": null,
    "hidden": false,
    "hybrid": false,
    "id": "MicrosoftTeams",
    "integrations": [
        {
            "name": "Microsoft Teams",
            "imagePath": "content/packs/MicrosoftTeams/MicrosoftTeams_image.png"
        },
        {
            "name": "Microsoft Teams Management",
            "imagePath": "content/packs/MicrosoftTeams/MicrosoftTeamsManagement_image.png"
        },
        {
            "name": "Microsoft Teams via Webhook",
            "imagePath": "content/packs/MicrosoftTeams/MicrosoftTeamsviaWebhook_image.png"
        }
    ],
    "keywords": [],
    "legacy": true,
    "marketplaces": [
        "marketplacev2",
        "xsoar",
        "xsoar_saas"
    ],
    "modules": [],
    "name": "Microsoft Teams",
    "old_base_content_object": null,
    "price": 0,
    "searchRank": 10,
    "serverMinVersion": "5.0.0",
    "source_repo": "content",
    "support": "xsoar",
    "supportDetails": {
        "url": "https://www.paloaltonetworks.com/cortex"
    },
    "tags": [],
    "updated": "2024-06-27T19:19:12Z",
    "useCases": [],
    "versionInfo": "1129454",
    "videos": []
}