{
    "author": "Cortex XSOAR",
    "authorImage": "content/packs/Base/Author_image.png",
    "categories": [
        "Messaging And Conferencing"
    ],
    "certification": "certified",
    "commit": "9cdb3bea71a0b6b869f41de6a0583a8c586bd0b4",
    "contentCommitHash": null,
    "contentDisplays": {
        "automation": "Automations",
        "classifier": "Classifiers",
        "integration": "Integrations",
        "playbook": "Playbooks"
    },
    "contentItems": {
        "automation": [
            {
                "deprecated": false,
                "description": "Sends a message (question) to either user (in a direct message) or to a channel. The message includes predefined reply options. The response can also close a task (might be conditional) in a playbook.",
                "fromversion": "5.5.0",
                "id": "SlackAskV2",
                "name": "SlackAskV2",
                "tags": [
                    "slack"
                ],
                "toversion": ""
            },
            {
                "deprecated": false,
                "description": "Sends a message (question) to either user (in a direct message) or to a channel. The message includes predefined reply options. The response can also close a task (might be conditional) in a playbook.",
                "fromversion": "5.0.0",
                "id": "SlackAsk",
                "name": "SlackAsk",
                "tags": [
                    "slack"
                ],
                "toversion": ""
            },
            {
                "deprecated": false,
                "description": "GetSlackBlockBuilderResponse will format a SlackBlockBuilder response and insert it into an incident's context.",
                "fromversion": "6.10.0",
                "id": "GetSlackBlockBuilderResponse",
                "name": "GetSlackBlockBuilderResponse",
                "tags": [
                    "slack"
                ],
                "toversion": ""
            },
            {
                "deprecated": false,
                "description": "SlackBlockBuilder will format a given Slack block into a format readable by the SlackV3 integration. The script will also send the block to the given destination. Make sure to mark **Trust any certificate** and fill the **XSOAR API Key integration** parameters if you want to get a response to the incident context.",
                "fromversion": "6.2.0",
                "id": "SlackBlockBuilder",
                "name": "SlackBlockBuilder",
                "tags": [
                    "slack"
                ],
                "toversion": ""
            }
        ],
        "classifier": [
            {
                "deprecated": false,
                "description": "",
                "fromversion": "6.8.0",
                "id": "Slack Classifier",
                "name": "Slack Classifier",
                "toversion": ""
            },
            {
                "deprecated": false,
                "description": "",
                "fromversion": "6.8.0",
                "id": "Slack Mapper",
                "name": "Slack Mapper",
                "toversion": ""
            }
        ],
        "integration": [
            {
                "category": "Identity and Access Management",
                "commands": [
                    {
                        "deprecated": false,
                        "description": "Updates an existing user with the data passed in the user-profile argument.",
                        "name": "iam-update-user",
                        "source_repo": "content"
                    },
                    {
                        "deprecated": false,
                        "description": "Retrieves a User Profile schema, which holds all of the user fields within the application. Used for outgoing-mapping through the Get Schema option.",
                        "name": "get-mapping-fields",
                        "source_repo": "content"
                    },
                    {
                        "deprecated": false,
                        "description": "Disable an active user.",
                        "name": "iam-disable-user",
                        "source_repo": "content"
                    },
                    {
                        "deprecated": false,
                        "description": "Retrieves the group information including members",
                        "name": "iam-get-group",
                        "source_repo": "content"
                    },
                    {
                        "deprecated": false,
                        "description": "Permanently removes a group.",
                        "name": "iam-delete-group",
                        "source_repo": "content"
                    },
                    {
                        "deprecated": false,
                        "description": "Creates a user.",
                        "name": "iam-create-user",
                        "source_repo": "content"
                    },
                    {
                        "deprecated": false,
                        "description": "Retrieves a single user resource.",
                        "name": "iam-get-user",
                        "source_repo": "content"
                    },
                    {
                        "deprecated": false,
                        "description": "Updates an existing group resource. This command allows individual (or groups of) users to be added or removed from the group with a single operation. A max of 15,000 users can be modified in 1 call",
                        "name": "iam-update-group",
                        "source_repo": "content"
                    },
                    {
                        "deprecated": false,
                        "description": "Creates an empty group",
                        "name": "iam-create-group",
                        "source_repo": "content"
                    }
                ],
                "deprecated": false,
                "description": "Integrate with Slack's services to execute CRUD operations for employee lifecycle processes.",
                "fromversion": "6.0.0",
                "id": "Slack IAM",
                "isfetch": false,
                "isfetchevents": false,
                "name": "Slack IAM",
                "toversion": ""
            },
            {
                "category": "Messaging and Conferencing",
                "commands": [
                    {
                        "deprecated": false,
                        "description": "Invites users to join a channel.",
                        "name": "slack-invite-to-channel",
                        "source_repo": "content"
                    },
                    {
                        "deprecated": false,
                        "description": "Sends a message to a user, group, or channel.",
                        "name": "send-notification",
                        "source_repo": "content"
                    },
                    {
                        "deprecated": false,
                        "description": "Reset user session token in Slack.",
                        "name": "slack-user-session-reset",
                        "source_repo": "content"
                    },
                    {
                        "deprecated": false,
                        "description": "List all of the channels in the organization workspace. This command required scopes depend on the type of channel-like object you're working with. To use the command, you'll need at least one of the channels:, groups:, im: or mpim: scopes corresponding to the conversation type you're working with.",
                        "name": "slack-list-channels",
                        "source_repo": "content"
                    },
                    {
                        "deprecated": false,
                        "description": "Sends a file to a user, channel, or group. If not specified, the file is sent to the mirrored investigation channel (if the channel exists).",
                        "name": "slack-send-file",
                        "source_repo": "content"
                    },
                    {
                        "deprecated": false,
                        "description": "Edit an existing Slack message.",
                        "name": "slack-edit-message",
                        "source_repo": "content"
                    },
                    {
                        "deprecated": false,
                        "description": "Renames a channel in Slack.",
                        "name": "slack-rename-channel",
                        "source_repo": "content"
                    },
                    {
                        "deprecated": false,
                        "description": "Removes users from the specified channel.",
                        "name": "slack-kick-from-channel",
                        "source_repo": "content"
                    },
                    {
                        "deprecated": false,
                        "description": "Pins a selected message to the given channel.",
                        "name": "slack-pin-message",
                        "source_repo": "content"
                    },
                    {
                        "deprecated": false,
                        "description": "Archives a Slack channel.",
                        "name": "close-channel",
                        "source_repo": "content"
                    },
                    {
                        "deprecated": false,
                        "description": "Get details about a specified user.",
                        "name": "slack-get-user-details",
                        "source_repo": "content"
                    },
                    {
                        "deprecated": false,
                        "description": "Sets the topic for a channel.",
                        "name": "slack-set-channel-topic",
                        "source_repo": "content"
                    },
                    {
                        "deprecated": false,
                        "description": "Retrieves replies to specific messages, regardless of whether it's from a public or private channel, direct message, or otherwise.",
                        "name": "slack-get-conversation-replies",
                        "source_repo": "content"
                    },
                    {
                        "deprecated": false,
                        "description": "Mirrors the investigation between Slack and the Cortex XSOAR War Room.",
                        "name": "mirror-investigation",
                        "source_repo": "content"
                    },
                    {
                        "deprecated": false,
                        "description": "Creates a channel in Slack.",
                        "name": "slack-create-channel",
                        "source_repo": "content"
                    },
                    {
                        "deprecated": false,
                        "description": "Returns the integration context as a file. Use this command for debug purposes only.",
                        "name": "slack-get-integration-context",
                        "source_repo": "content"
                    },
                    {
                        "deprecated": false,
                        "description": "Fetches a conversation's history of messages and events.",
                        "name": "slack-get-conversation-history",
                        "source_repo": "content"
                    }
                ],
                "deprecated": false,
                "description": "Send messages and notifications to your Slack team.",
                "fromversion": "5.5.0",
                "id": "SlackV3",
                "isfetch": false,
                "isfetchevents": false,
                "name": "Slack v3",
                "toversion": ""
            },
            {
                "category": "Messaging and Conferencing",
                "commands": [
                    {
                        "deprecated": true,
                        "description": "Sends a file to a user, channel, or group. If not specified, the file is sent to the mirrored investigation channel (if the channel exists).",
                        "name": "slack-send-file",
                        "source_repo": "content"
                    },
                    {
                        "deprecated": true,
                        "description": "Renames a channel in Slack.",
                        "name": "slack-rename-channel",
                        "source_repo": "content"
                    },
                    {
                        "deprecated": true,
                        "description": "Mirrors the investigation between Slack and the Demisto War Room.",
                        "name": "mirror-investigation",
                        "source_repo": "content"
                    },
                    {
                        "deprecated": true,
                        "description": "Sends a message to a user, group, or channel.",
                        "name": "send-notification",
                        "source_repo": "content"
                    },
                    {
                        "deprecated": true,
                        "description": "Creates a channel in Slack.",
                        "name": "slack-create-channel",
                        "source_repo": "content"
                    },
                    {
                        "deprecated": true,
                        "description": "Get details about a specified user.",
                        "name": "slack-get-user-details",
                        "source_repo": "content"
                    },
                    {
                        "deprecated": true,
                        "description": "Returns the integration context as a file. Use this command for debug purposes only.",
                        "name": "slack-get-integration-context",
                        "source_repo": "content"
                    },
                    {
                        "deprecated": true,
                        "description": "Deprecated. Use the \"mirror-investigation\" command instead.",
                        "name": "slack-mirror-investigation",
                        "source_repo": "content"
                    },
                    {
                        "deprecated": true,
                        "description": "Sets the topic for a channel.",
                        "name": "slack-set-channel-topic",
                        "source_repo": "content"
                    },
                    {
                        "deprecated": true,
                        "description": "Deprecated. Use the \"send-notification\" command instead.",
                        "name": "slack-send",
                        "source_repo": "content"
                    },
                    {
                        "deprecated": true,
                        "description": "Removes users from the specified channel.",
                        "name": "slack-kick-from-channel",
                        "source_repo": "content"
                    },
                    {
                        "deprecated": true,
                        "description": "Invites users to join a channel.",
                        "name": "slack-invite-to-channel",
                        "source_repo": "content"
                    },
                    {
                        "deprecated": true,
                        "description": "Returns a list of channels matching criteria",
                        "name": "slack-filter-channels",
                        "source_repo": "content"
                    },
                    {
                        "deprecated": true,
                        "description": "Deprecated. Use the \"close-channel\" command instead.",
                        "name": "slack-close-channel",
                        "source_repo": "content"
                    },
                    {
                        "deprecated": true,
                        "description": "Archives a Slack channel.",
                        "name": "close-channel",
                        "source_repo": "content"
                    }
                ],
                "deprecated": true,
                "description": "Deprecated. Use SlackV3 instead.",
                "fromversion": "5.0.0",
                "id": "SlackV2",
                "isfetch": false,
                "isfetchevents": false,
                "name": "Slack v2 (Deprecated)",
                "toversion": ""
            }
        ],
        "playbook": [
            {
                "deprecated": false,
                "description": "Investigates a failed login event. The playbook interacts with the user via the Slack integration, checks whether the logins were a result of the user's attempts or an attack, raises the severity, and expires the user's password according to the user's replies.",
                "fromversion": "5.0.0",
                "id": "Slack - General Failed Logins v2.1",
                "name": "Slack - General Failed Logins v2.1",
                "toversion": ""
            },
            {
                "deprecated": false,
                "description": "This is an example of how to use the SlackBlockBuilder within a playbook.",
                "fromversion": "6.10.0",
                "id": "SlackBlockBuilderResponseExample",
                "name": "SlackBlockBuilderResponseExample",
                "toversion": ""
            }
        ]
    },
    "contributors": null,
    "created": "2020-08-13T11:42:23Z",
    "currentVersion": "3.4.1",
    "dependencies": {
        "Active_Directory_Query": {
            "author": "Cortex XSOAR",
            "certification": "certified",
            "mandatory": false,
            "minVersion": "1.6.27",
            "name": "Active Directory Query"
        },
        "Base": {
            "author": "Cortex XSOAR",
            "certification": "certified",
            "mandatory": true,
            "minVersion": "1.33.16",
            "name": "Base"
        },
        "CommonTypes": {
            "author": "Cortex XSOAR",
            "certification": "certified",
            "mandatory": true,
            "minVersion": "3.3.98",
            "name": "Common Types"
        },
        "FiltersAndTransformers": {
            "author": "Cortex XSOAR",
            "certification": "certified",
            "mandatory": true,
            "minVersion": "1.2.52",
            "name": "Filters And Transformers"
        },
        "MicrosoftTeams": {
            "author": "Cortex XSOAR",
            "certification": "certified",
            "mandatory": false,
            "minVersion": "1.4.46",
            "name": "Microsoft Teams"
        },
        "PasswordResetViaChatbot": {
            "author": "Cortex XSOAR",
            "certification": "certified",
            "mandatory": false,
            "minVersion": "1.0.0",
            "name": "Password Reset via Chatbot"
        },
        "Syslog": {
            "author": "Cortex XSOAR",
            "certification": "certified",
            "mandatory": false,
            "minVersion": "2.0.16",
            "name": "Syslog"
        }
    },
    "deprecated": false,
    "description": "Interact with Slack API - collect logs, send messages and notifications to your Slack team.",
    "display_name": "Slack",
    "downloads": 16712,
    "eulaLink": "https://github.com/demisto/content/blob/master/LICENSE",
    "excludedDependencies": [],
    "git_status": null,
    "hidden": false,
    "id": "Slack",
    "integrations": [
        {
            "name": "Slack IAM",
            "imagePath": "content/packs/Slack/SlackIAM_image.png"
        },
        {
            "name": "Slack v2 (Deprecated)",
            "imagePath": "content/packs/Slack/SlackV2_image.png"
        },
        {
            "name": "Slack v3",
            "imagePath": "content/packs/Slack/SlackV3_image.png"
        },
        {
            "name": "Active Directory Query v2",
            "imagePath": "content/packs/Active_Directory_Query/ActiveDirectoryQueryv2_image.png"
        },
        {
            "name": "Microsoft Teams",
            "imagePath": "content/packs/MicrosoftTeams/MicrosoftTeams_image.png"
        },
        {
            "name": "Microsoft Teams Management",
            "imagePath": "content/packs/MicrosoftTeams/MicrosoftTeamsManagement_image.png"
        },
        {
            "name": "Microsoft Teams via Webhook",
            "imagePath": "content/packs/MicrosoftTeams/MicrosoftTeamsviaWebhook_image.png"
        },
        {
            "name": "Syslog Sender",
            "imagePath": "content/packs/Syslog/SyslogSender_image.png"
        },
        {
            "name": "Syslog v2",
            "imagePath": "content/packs/Syslog/Syslogv2_image.png"
        }
    ],
    "keywords": [
        "Slack"
    ],
    "legacy": true,
    "marketplaces": [
        "marketplacev2",
        "xsoar",
        "xsoar_saas"
    ],
    "modules": [],
    "name": "Slack",
    "old_base_content_object": null,
    "price": 0,
    "searchRank": 10,
    "serverMinVersion": "5.0.0",
    "source_repo": "content",
    "support": "xsoar",
    "supportDetails": {
        "url": "https://www.paloaltonetworks.com/cortex"
    },
    "tags": [],
    "updated": "2024-01-09T20:25:34Z",
    "useCases": [],
    "versionInfo": "752611",
    "videos": [
        "https://www.youtube.com/watch?v=rt3lvsI_0-4"
    ]
}