{
    "detailsV2": {
        "tabs": [
            {
                "id": "summary",
                "name": "Legacy Summary",
                "type": "summary"
            },
            {
                "id": "caseinfoid",
                "name": "Incident Info",
                "sections": [
                    {
                        "displayType": "ROW",
                        "h": 2,
                        "i": "caseinfoid-fce71720-98b0-11e9-97d7-ed26ef9e46c8",
                        "isVisible": true,
                        "items": [
                            {
                                "endCol": 2,
                                "fieldId": "type",
                                "height": 22,
                                "id": "incident-type-field",
                                "index": 0,
                                "sectionItemType": "field",
                                "startCol": 0
                            },
                            {
                                "endCol": 2,
                                "fieldId": "owner",
                                "height": 22,
                                "id": "incident-owner-field",
                                "index": 1,
                                "sectionItemType": "field",
                                "startCol": 0
                            },
                            {
                                "endCol": 2,
                                "fieldId": "sourcebrand",
                                "height": 22,
                                "id": "incident-sourceBrand-field",
                                "index": 2,
                                "sectionItemType": "field",
                                "startCol": 0
                            },
                            {
                                "endCol": 2,
                                "fieldId": "playbookid",
                                "height": 22,
                                "id": "incident-playbookId-field",
                                "index": 3,
                                "sectionItemType": "field",
                                "startCol": 0
                            }
                        ],
                        "maxW": 3,
                        "moved": false,
                        "name": "Case Details",
                        "static": false,
                        "w": 1,
                        "x": 0,
                        "y": 0
                    },
                    {
                        "h": 2,
                        "i": "caseinfoid-61263cc0-98b1-11e9-97d7-ed26ef9e46c8",
                        "maxW": 3,
                        "moved": false,
                        "name": "Notes",
                        "static": false,
                        "type": "notes",
                        "w": 1,
                        "x": 2,
                        "y": 0
                    },
                    {
                        "displayType": "ROW",
                        "h": 2,
                        "i": "caseinfoid-6aabad20-98b1-11e9-97d7-ed26ef9e46c8",
                        "maxW": 3,
                        "moved": false,
                        "name": "Work Plan",
                        "static": false,
                        "type": "workplan",
                        "w": 1,
                        "x": 1,
                        "y": 0
                    },
                    {
                        "displayType": "ROW",
                        "h": 2,
                        "i": "caseinfoid-770ec200-98b1-11e9-97d7-ed26ef9e46c8",
                        "isVisible": true,
                        "maxW": 3,
                        "moved": false,
                        "name": "Linked Incidents",
                        "static": false,
                        "type": "linkedIncidents",
                        "w": 1,
                        "x": 1,
                        "y": 4
                    },
                    {
                        "displayType": "ROW",
                        "h": 2,
                        "i": "caseinfoid-842632c0-98b1-11e9-97d7-ed26ef9e46c8",
                        "maxW": 3,
                        "moved": false,
                        "name": "Child Incidents",
                        "static": false,
                        "type": "childInv",
                        "w": 1,
                        "x": 2,
                        "y": 4
                    },
                    {
                        "displayType": "ROW",
                        "h": 2,
                        "i": "caseinfoid-7ce69dd0-a07f-11e9-936c-5395a1acf11e",
                        "maxW": 3,
                        "moved": false,
                        "name": "Indicators",
                        "query": "",
                        "queryType": "input",
                        "static": false,
                        "type": "indicators",
                        "w": 2,
                        "x": 1,
                        "y": 2
                    },
                    {
                        "displayType": "CARD",
                        "h": 2,
                        "i": "caseinfoid-ac32f620-a0b0-11e9-b27f-13ae1773d289",
                        "items": [
                            {
                                "endCol": 1,
                                "fieldId": "occurred",
                                "height": 22,
                                "id": "incident-occurred-field",
                                "index": 0,
                                "sectionItemType": "field",
                                "startCol": 0
                            },
                            {
                                "endCol": 1,
                                "fieldId": "dbotmodified",
                                "height": 22,
                                "id": "incident-modified-field",
                                "index": 1,
                                "sectionItemType": "field",
                                "startCol": 0
                            },
                            {
                                "endCol": 2,
                                "fieldId": "dbotduedate",
                                "height": 22,
                                "id": "incident-dueDate-field",
                                "index": 2,
                                "sectionItemType": "field",
                                "startCol": 0
                            },
                            {
                                "endCol": 2,
                                "fieldId": "dbotcreated",
                                "height": 22,
                                "id": "incident-created-field",
                                "index": 0,
                                "sectionItemType": "field",
                                "startCol": 1
                            },
                            {
                                "endCol": 2,
                                "fieldId": "dbotclosed",
                                "height": 22,
                                "id": "incident-closed-field",
                                "index": 1,
                                "sectionItemType": "field",
                                "startCol": 1
                            }
                        ],
                        "maxW": 3,
                        "moved": false,
                        "name": "Timeline Information",
                        "static": false,
                        "w": 1,
                        "x": 0,
                        "y": 2
                    },
                    {
                        "displayType": "ROW",
                        "h": 2,
                        "i": "caseinfoid-88e6bf70-a0b1-11e9-b27f-13ae1773d289",
                        "isVisible": true,
                        "items": [
                            {
                                "endCol": 2,
                                "fieldId": "dbotclosed",
                                "height": 22,
                                "id": "incident-dbotClosed-field",
                                "index": 0,
                                "sectionItemType": "field",
                                "startCol": 0
                            },
                            {
                                "endCol": 2,
                                "fieldId": "closereason",
                                "height": 22,
                                "id": "incident-closeReason-field",
                                "index": 1,
                                "sectionItemType": "field",
                                "startCol": 0
                            },
                            {
                                "endCol": 2,
                                "fieldId": "closenotes",
                                "height": 22,
                                "id": "incident-closeNotes-field",
                                "index": 2,
                                "sectionItemType": "field",
                                "startCol": 0
                            }
                        ],
                        "maxW": 3,
                        "moved": false,
                        "name": "Closing Information",
                        "static": false,
                        "w": 1,
                        "x": 0,
                        "y": 4
                    }
                ],
                "type": "custom"
            },
            {
                "id": "warRoom",
                "name": "War Room",
                "type": "warRoom"
            },
            {
                "id": "workPlan",
                "name": "Work Plan",
                "type": "workPlan"
            },
            {
                "hidden": true,
                "id": "evidenceBoard",
                "name": "Evidence Board",
                "type": "evidenceBoard"
            },
            {
                "hidden": true,
                "id": "relatedIncidents",
                "name": "Related Incidents",
                "type": "relatedIncidents"
            },
            {
                "hidden": true,
                "id": "canvas",
                "name": "Canvas",
                "type": "canvas"
            }
        ]
    },
    "edit": {
        "sections": [
            {
                "description": "",
                "fields": [
                    {
                        "fieldId": "incident_name",
                        "isVisible": true
                    },
                    {
                        "fieldId": "incident_type",
                        "isVisible": true
                    },
                    {
                        "fieldId": "incident_genericexportindicatorsserviceaction",
                        "isVisible": true
                    },
                    {
                        "fieldId": "incident_genericexportindicatorsservicetag",
                        "isVisible": true
                    },
                    {
                        "fieldId": "incident_genericexportindicatorsserviceindicatortype",
                        "filters": [
                            [
                                {
                                    "left": {
                                        "isContext": true,
                                        "value": {
                                            "simple": "genericexportindicatorsserviceaction"
                                        }
                                    },
                                    "operator": "isEqualString",
                                    "right": {
                                        "value": {
                                            "simple": "Add"
                                        }
                                    },
                                    "type": "singleSelect"
                                }
                            ]
                        ],
                        "isVisible": true
                    },
                    {
                        "fieldId": "incident_genericexportindicatorsserviceindicatorslist",
                        "isVisible": true
                    }
                ],
                "isVisible": true,
                "name": "EDL Change Details",
                "query": null,
                "queryType": "",
                "readOnly": false,
                "type": ""
            }
        ]
    },
    "group": "incident",
    "id": "EDL Change Layout",
    "name": "EDL Change Layout",
    "system": false,
    "version": -1,
    "fromVersion": "6.6.0",
    "description": ""
}
