{
    "name": "Generic Export Indicators Service",
    "description": "Use this pack to generate a list based on your Threat Intel Library, and export it to ANY other product in your network, such as your firewall, agent or SIEM. This pack is built for ongoing distribution of indicators from XSOAR to other products in the network, by creating an endpoint with a list of indicators that can be pulled by external vendors.",
    "support": "xsoar",
    "currentVersion": "3.1.16",
    "author": "Cortex XSOAR",
    "url": "https://www.paloaltonetworks.com/cortex",
    "email": "",
    "categories": [
        "Data Enrichment & Threat Intelligence"
    ],
    "tags": [
        "TIM"
    ],
    "created": "2020-04-14T00:00:00Z",
    "useCases": [],
    "keywords": [
        "EDL",
        "pan-os EDL",
        "panos EDL",
        "panos",
        "export-indicators",
        "export"
    ],
    "dependencies": {},
    "marketplaces": [
        "xsoar",
        "marketplacev2"
    ]
}