{
	"id": "63ae7488-7d68-4377-80b1-8fc5599f604c",
	"version": 0,
	"cacheVersn": 0,
	"modified": "0001-01-01T00:00:00Z",
	"packID": "",
	"packName": "",
	"itemVersion": "",
	"fromServerVersion": "",
	"toServerVersion": "",
	"definitionId": "",
	"vcShouldIgnore": false,
	"vcShouldKeepItemLegacyProdMachine": false,
	"commitMessage": "",
	"shouldCommit": false,
	"currentVersion": "",
	"name": "SlackDanTest327",
	"description": "",
	"updated": "0001-01-01T00:00:00Z",
	"created": "2024-03-03T11:47:14.404401+02:00",
	"support": "internalContribution",
	"author": "Admin Dude",
	"authorImage": "",
	"supportDetails": {
		"url": "",
		"email": "admintest@demisto.com"
	},
	"beta": false,
	"deprecated": false,
	"certification": "none",
	"serverMinVersion": "",
	"serverMaxVersion": "",
	"general": null,
	"tags": null,
	"rawTags": null,
	"categories": null,
	"contentItems": {
		"integration": null,
		"automation": null,
		"incidentfield": null,
		"incidenttype": null,
		"indicatorfield": null,
		"reputation": null,
		"report": null,
		"dashboard": null,
		"playbook": null,
		"classifier": null,
		"layoutscontainer": null,
		"widget": null,
		"list": null,
		"generictype": null,
		"genericfield": null,
		"wizard": null
	},
	"contentItemTypes": null,
	"integrations": null,
	"useCases": null,
	"rawUseCases": null,
	"keywords": null,
	"rawKeywords": null,
	"dependencies": {},
	"legacy": false,
	"price": 0,
	"premium": false,
	"installMessage": "",
	"versionInfo": "",
	"eulaLink": "",
	"previewOnly": false,
	"downloads": 0,
	"searchRank": 0,
	"videos": null,
	"prevName": "",
	"modules": null
}