{"description":"CrowdStrike Falcon mirror out mapper.","feed":false,"id":"CrowdStrike Falcon - Outgoing Mapper","mapping":{"CrowdStrike Falcon Detection":{"dontMapEventToLabels":true,"internalMapping":{"status":{"simple":"state"}}},"CrowdStrike Falcon IDP Detection":{"dontMapEventToLabels":true,"internalMapping":{"status":{"simple":"state"}}},"CrowdStrike Falcon Mobile Detection":{"dontMapEventToLabels":true,"internalMapping":{"status":{"simple":"state"}}},"CrowdStrike Falcon On-Demand Scans Detection":{"dontMapEventToLabels":true,"internalMapping":{"status":{"simple":"state"}}},"CrowdStrike Falcon OFP Detection":{"dontMapEventToLabels":true,"internalMapping":{"status":{"simple":"state"}}},"CrowdStrike Falcon NGSIEM Detection":{"dontMapEventToLabels":true,"internalMapping":{"status":{"simple":"state"}}},"CrowdStrike Falcon Incident":{"dontMapEventToLabels":true,"internalMapping":{"status":{"simple":"sourcestatus"},"tag":{"simple":"tags"}}}},"name":"CrowdStrike Falcon - Outgoing Mapper","type":"mapping-outgoing","version":-1,"fromVersion":"6.0.0","marketplaces":["xsoar"]}