{"id":"incident_prismacloudcomputeticketsinfo","version":-1,"modified":"2024-03-21T15:54:23.434875498Z","name":"Prisma Cloud Compute Tickets Info","ownerOnly":false,"description":"A table to hold all tickets information related to Prisma Cloud Compute that were opened or updated by XSOAR.","cliName":"prismacloudcomputeticketsinfo","type":"grid","closeForm":false,"editForm":true,"required":false,"neverSetAsRequired":false,"isReadOnly":false,"useAsKpi":false,"locked":false,"system":false,"content":true,"group":0,"hidden":false,"openEnded":false,"associatedTypes":["Prisma Cloud Compute Compliance v2"],"associatedToAll":false,"unmapped":false,"caseInsensitive":true,"columns":[{"key":"ticketingsystem","displayName":"Ticketing System","type":"shortText","orgType":"shortText","required":false,"script":"","width":150,"isDefault":true,"fieldCalcScript":"","isReadOnly":false,"selectValues":null},{"key":"ticketid","displayName":"Ticket ID","type":"shortText","orgType":"shortText","required":false,"script":"","width":150,"isDefault":true,"fieldCalcScript":"","isReadOnly":false,"selectValues":null},{"key":"ticketnumber","displayName":"Ticket Number","type":"shortText","orgType":"shortText","required":false,"script":"","width":150,"isDefault":true,"fieldCalcScript":"","isReadOnly":false,"selectValues":null},{"key":"action","displayName":"Action","type":"shortText","orgType":"shortText","required":false,"script":"","width":150,"isDefault":true,"fieldCalcScript":"","isReadOnly":false,"selectValues":null},{"key":"title","displayName":"Title","type":"shortText","orgType":"shortText","required":false,"script":"","width":150,"isDefault":true,"fieldCalcScript":"","isReadOnly":false,"selectValues":null}],"defaultRows":[{},{},{}],"sla":0,"threshold":72,"unsearchable":true,"fromVersion":"6.10.0"}