{"id":"incident_prismacloudcomputenamespaces","version":-1,"modified":"2023-11-21T06:36:28.955050978Z","name":"Prisma Cloud Compute Namespaces","ownerOnly":false,"description":"The namespaces associated to the resource.","cliName":"prismacloudcomputenamespaces","type":"multiSelect","closeForm":false,"editForm":true,"required":false,"neverSetAsRequired":false,"isReadOnly":false,"useAsKpi":false,"locked":false,"system":false,"content":true,"group":0,"hidden":false,"openEnded":true,"associatedTypes":["Prisma Cloud Compute Audit","Prisma Cloud Compute Audit v2","Prisma Cloud Compute Audit v3"],"associatedToAll":false,"unmapped":false,"unsearchable":true,"caseInsensitive":true,"sla":0,"threshold":72,"fromVersion":"6.10.0"}