{"associatedToAll":false,"associatedTypes":["Prisma Cloud Compute Cloud Discovery"],"breachScript":"","caseInsensitive":true,"cliName":"prismacloudcomputeprovider","closeForm":false,"columns":null,"content":true,"defaultRows":null,"description":"","editForm":true,"fieldCalcScript":"","group":0,"hidden":false,"id":"incident_prismacloudcomputeprovider","isReadOnly":false,"locked":false,"name":"Prisma Cloud Compute Provider","neverSetAsRequired":false,"ownerOnly":false,"placeholder":"","required":false,"script":"","selectValues":[],"sla":0,"system":false,"systemAssociatedTypes":null,"threshold":72,"type":"shortText","unmapped":false,"unsearchable":false,"useAsKpi":false,"validationRegex":"","version":-1,"fromVersion":"5.0.0"}