{"id":"incident_likelyimpact","version":-1,"modified":"2019-04-17T13:37:07.009127127Z","name":"Likely Impact","ownerOnly":false,"placeholder":"","description":"\"A data protection impact assessment (...) shall in particular be required in the case of: (a) a systematic and extensive evaluation of personal aspects relating to natural persons which is based on automated processing, including profiling, and on which decisions are based that produce legal effects concerning the natural person or similarly significantly affect the natural person; (b) processing on a large scale of special categories of data referred to in Article 9(1), or of personal data relating to criminal convictions and offences referred to in Article 10; or (c) a systematic monitoring of a publicly accessible area on a large scale. - GDPR Art. 35","cliName":"likelyimpact","type":"shortText","closeForm":false,"editForm":true,"required":false,"script":"","fieldCalcScript":"","neverSetAsRequired":false,"isReadOnly":false,"selectValues":[],"useAsKpi":false,"locked":false,"system":false,"content":true,"group":0,"hidden":false,"associatedTypes":["GDPR Data Breach"],"systemAssociatedTypes":null,"associatedToAll":false,"unmapped":false,"unsearchable":false,"caseInsensitive":true,"sla":0,"threshold":72,"breachScript":"","fromVersion":"5.0.0"}