{"version":-1,"fromVersion":"6.0.0","associatedToAll":false,"associatedTypes":["LogPoint Incident"],"breachScript":"","caseInsensitive":true,"cliName":"logpointcommentscount","closeForm":false,"columns":null,"content":true,"defaultRows":null,"description":"LogPoint Comments Count","editForm":true,"fieldCalcScript":"","group":0,"hidden":false,"id":"incident_logpointcommentscount","isReadOnly":false,"locked":false,"name":"LogPoint Comments Count","neverSetAsRequired":false,"ownerOnly":false,"placeholder":"","required":false,"script":"","selectValues":null,"sla":0,"system":false,"systemAssociatedTypes":null,"threshold":72,"type":"number","unmapped":false,"unsearchable":false,"useAsKpi":false,"validationRegex":""}