{"associatedToAll":false,"associatedTypes":["FreshworksFreshservice Change Request"],"caseInsensitive":true,"cliName":"freshworksfreshserviceapprovalstatus","closeForm":false,"content":true,"editForm":true,"group":0,"hidden":false,"id":"incident_freshworksfreshserviceapprovalstatus","isReadOnly":false,"locked":false,"name":"FreshworksFreshservice Approval Status","neverSetAsRequired":false,"openEnded":false,"ownerOnly":false,"required":false,"sla":0,"system":false,"threshold":72,"type":"shortText","unmapped":false,"unsearchable":true,"useAsKpi":false,"version":-1,"fromVersion":"6.0.0"}