{"associatedToAll":false,"associatedTypes":["FreshworksFreshservice Ticket","FreshworksFreshservice Change Request","FreshworksFreshservice Problem Request","FreshworksFreshservice Release Request"],"caseInsensitive":true,"cliName":"freshworksfreshserviceassets","closeForm":false,"columns":[{"displayName":"name","fieldCalcScript":"","isDefault":true,"isReadOnly":false,"key":"name","orgType":"shortText","required":false,"script":"","selectValues":null,"type":"shortText","width":150},{"displayName":"display_id","fieldCalcScript":"","isDefault":true,"isReadOnly":false,"key":"display_id","orgType":"shortText","required":false,"script":"","selectValues":null,"type":"shortText","width":150},{"displayName":"impact","fieldCalcScript":"","isDefault":true,"isReadOnly":false,"key":"impact","orgType":"shortText","required":false,"script":"","selectValues":null,"type":"shortText","width":150},{"displayName":"description","fieldCalcScript":"","isDefault":true,"isReadOnly":false,"key":"description","orgType":"shortText","required":false,"script":"","selectValues":null,"type":"longText","width":150},{"displayName":"agent_id","fieldCalcScript":"","isDefault":true,"isReadOnly":false,"key":"agent_id","orgType":"shortText","required":false,"script":"","selectValues":null,"type":"shortText","width":150},{"displayName":"asset_tag","fieldCalcScript":"","isDefault":true,"isReadOnly":false,"key":"asset_tag","orgType":"shortText","required":false,"script":"","selectValues":null,"type":"shortText","width":150},{"displayName":"group_id","fieldCalcScript":"","isDefault":true,"isReadOnly":false,"key":"group_id","orgType":"shortText","required":false,"script":"","selectValues":null,"type":"shortText","width":150},{"displayName":"department_id","fieldCalcScript":"","isDefault":true,"isReadOnly":false,"key":"department_id","orgType":"shortText","required":false,"script":"","selectValues":null,"type":"shortText","width":150}],"content":true,"defaultRows":[{},{},{}],"editForm":true,"group":0,"hidden":false,"id":"incident_freshworksfreshserviceassets","isReadOnly":false,"locked":false,"name":"FreshworksFreshservice Assets","neverSetAsRequired":false,"openEnded":false,"ownerOnly":false,"required":false,"sla":0,"system":false,"threshold":72,"type":"grid","unmapped":false,"unsearchable":true,"useAsKpi":false,"version":-1,"fromVersion":"6.0.0"}