{"id":"incident_target","version":-1,"modified":"2020-04-08T03:03:27.049248685Z","name":"Target","ownerOnly":false,"description":"Target Firewall - Usually serial number","cliName":"target","type":"shortText","closeForm":false,"editForm":true,"required":false,"neverSetAsRequired":false,"isReadOnly":false,"useAsKpi":false,"locked":false,"system":false,"content":true,"group":0,"hidden":false,"associatedTypes":["PanoramaThreatCoverage"],"associatedToAll":true,"unmapped":false,"unsearchable":false,"caseInsensitive":true,"sla":0,"threshold":72,"fromVersion":"5.0.0"}