{"associatedToAll":false,"associatedTypes":["Splunk Notable Generic"],"caseInsensitive":true,"cliName":"notableowner","closeForm":false,"content":true,"description":"The owner of the notable.","editForm":true,"group":0,"hidden":false,"id":"incident_notableowner","isReadOnly":false,"locked":false,"name":"Notable Owner","neverSetAsRequired":false,"ownerOnly":false,"propagationLabels":["all"],"required":false,"sla":0,"system":false,"threshold":72,"type":"user","unmapped":false,"unsearchable":false,"useAsKpi":false,"version":-1,"fromVersion":"6.0.0"}