{"associatedToAll":false,"associatedTypes":["FreshworksFreshservice Ticket","FreshworksFreshservice Change Request","FreshworksFreshservice Problem Request","FreshworksFreshservice Release Request"],"caseInsensitive":true,"cliName":"freshworksfreshservicetask","closeForm":false,"columns":[{"displayName":"id","fieldCalcScript":"","isDefault":true,"isReadOnly":false,"key":"id","orgType":"shortText","required":false,"script":"","selectValues":null,"type":"shortText","width":150},{"displayName":"agent_id","fieldCalcScript":"","isDefault":true,"isReadOnly":false,"key":"agent_id","orgType":"shortText","required":false,"script":"","selectValues":null,"type":"shortText","width":150},{"displayName":"status","fieldCalcScript":"","isDefault":true,"isReadOnly":false,"key":"status","orgType":"shortText","required":false,"script":"","selectValues":null,"type":"shortText","width":150},{"displayName":"due_date","fieldCalcScript":"","isDefault":true,"isReadOnly":false,"key":"due_date","orgType":"date","required":false,"script":"","selectValues":null,"type":"date","width":150},{"displayName":"notify_before","fieldCalcScript":"","isDefault":true,"isReadOnly":false,"key":"notify_before","orgType":"shortText","required":false,"script":"","selectValues":null,"type":"shortText","width":150},{"displayName":"title","fieldCalcScript":"","isDefault":true,"isReadOnly":false,"key":"title","orgType":"shortText","required":false,"script":"","selectValues":null,"type":"shortText","width":150},{"displayName":"description","fieldCalcScript":"","isDefault":true,"isReadOnly":false,"key":"description","orgType":"shortText","required":false,"script":"","selectValues":null,"type":"shortText","width":150},{"displayName":"created_at","fieldCalcScript":"","isDefault":true,"isReadOnly":false,"key":"created_at","orgType":"date","required":false,"script":"","selectValues":null,"type":"date","width":150},{"displayName":"updated_at","fieldCalcScript":"","isDefault":true,"isReadOnly":false,"key":"updated_at","orgType":"date","required":false,"script":"","selectValues":null,"type":"date","width":150},{"displayName":"closed_at","fieldCalcScript":"","isDefault":true,"isReadOnly":false,"key":"closed_at","orgType":"shortText","required":false,"script":"","selectValues":null,"type":"shortText","width":150},{"displayName":"group_id","fieldCalcScript":"","isDefault":true,"isReadOnly":false,"key":"group_id","orgType":"shortText","required":false,"script":"","selectValues":null,"type":"shortText","width":150},{"displayName":"deleted","fieldCalcScript":"","isDefault":true,"isReadOnly":false,"key":"deleted","orgType":"boolean","required":false,"script":"","selectValues":null,"type":"boolean","width":150}],"content":true,"defaultRows":[{},{},{}],"editForm":true,"group":0,"hidden":false,"id":"incident_freshworksfreshservicetask","isReadOnly":false,"locked":false,"name":"FreshworksFreshservice Task","neverSetAsRequired":false,"openEnded":false,"ownerOnly":false,"required":false,"sla":0,"system":false,"threshold":72,"type":"grid","unmapped":false,"unsearchable":true,"useAsKpi":false,"version":-1,"fromVersion":"6.0.0"}