{"id":"incident_xpanseassetids","version":-1,"modified":"2023-06-26T19:35:28.018455441Z","name":"Xpanse Asset IDs","ownerOnly":false,"cliName":"xpanseassetids","type":"shortText","closeForm":false,"editForm":true,"required":false,"neverSetAsRequired":false,"isReadOnly":false,"useAsKpi":false,"locked":false,"system":false,"content":true,"group":0,"hidden":false,"openEnded":true,"associatedToAll":true,"unmapped":false,"unsearchable":true,"caseInsensitive":true,"sla":0,"threshold":72,"fromVersion":"6.8.0"}