{"id":"incident_xpansecountrycode","version":-1,"modified":"2023-06-26T19:36:39.45266719Z","name":"Xpanse Country Code","ownerOnly":false,"description":"Country associated with Xpanse Alert","cliName":"xpansecountrycode","type":"shortText","closeForm":false,"editForm":true,"required":false,"neverSetAsRequired":false,"isReadOnly":false,"useAsKpi":false,"locked":false,"system":false,"content":true,"group":0,"hidden":false,"openEnded":false,"associatedToAll":true,"unmapped":false,"unsearchable":true,"caseInsensitive":true,"sla":0,"threshold":72,"fromVersion":"6.8.0"}