{"id":"incident_prismacloudcomputehostcomplianceissues","version":-1,"modified":"2024-03-21T15:50:38.795285704Z","name":"Prisma Cloud Compute Host Compliance Issues","ownerOnly":false,"cliName":"prismacloudcomputehostcomplianceissues","type":"grid","closeForm":false,"editForm":true,"required":false,"neverSetAsRequired":false,"isReadOnly":false,"useAsKpi":false,"locked":false,"system":false,"content":true,"group":0,"hidden":false,"openEnded":false,"associatedTypes":["Prisma Cloud Compute Compliance v2"],"associatedToAll":false,"unmapped":false,"caseInsensitive":true,"columns":[{"key":"hostname","displayName":"Hostname","type":"shortText","orgType":"shortText","required":false,"script":"","width":150,"isDefault":true,"fieldCalcScript":"","isReadOnly":false,"selectValues":null},{"key":"complianceissues","displayName":"Compliance Issues","type":"shortText","orgType":"shortText","required":false,"script":"","width":150,"isDefault":true,"fieldCalcScript":"","isReadOnly":false,"selectValues":null},{"key":"compliancedistribution","displayName":"Compliance Distribution","type":"shortText","orgType":"shortText","required":false,"script":"","width":150,"isDefault":true,"fieldCalcScript":"","isReadOnly":false,"selectValues":null},{"key":"cloudmetadata","displayName":"Cloud MetaData","type":"shortText","orgType":"shortText","required":false,"script":"","width":150,"isDefault":true,"fieldCalcScript":"","isReadOnly":false,"selectValues":null}],"defaultRows":[{},{},{}],"sla":0,"threshold":72,"unsearchable":true,"fromVersion":"6.10.0"}