{"associatedToAll":false,"associatedTypes":["FreshworksFreshservice Ticket","FreshworksFreshservice Change Request","FreshworksFreshservice Problem Request","FreshworksFreshservice Release Request"],"caseInsensitive":true,"cliName":"freshworksfreshserviceattachments","closeForm":false,"columns":[{"displayName":"attachment_url","fieldCalcScript":"","isDefault":true,"isReadOnly":false,"key":"attachment_url","orgType":"shortText","required":false,"script":"","selectValues":null,"type":"url","width":150},{"displayName":"content_type","fieldCalcScript":"","isDefault":true,"isReadOnly":false,"key":"content_type","orgType":"shortText","required":false,"script":"","selectValues":null,"type":"shortText","width":150},{"displayName":"created_at","fieldCalcScript":"","isDefault":true,"isReadOnly":false,"key":"created_at","orgType":"shortText","required":false,"script":"","selectValues":null,"type":"shortText","width":150},{"displayName":"id","fieldCalcScript":"","isDefault":true,"isReadOnly":false,"key":"id","orgType":"shortText","required":false,"script":"","selectValues":null,"type":"shortText","width":150},{"displayName":"name","fieldCalcScript":"","isDefault":true,"isReadOnly":false,"key":"name","orgType":"shortText","required":false,"script":"","selectValues":null,"type":"shortText","width":150},{"displayName":"size","fieldCalcScript":"","isDefault":true,"isReadOnly":false,"key":"size","orgType":"shortText","required":false,"script":"","selectValues":null,"type":"shortText","width":150},{"displayName":"updated_at","fieldCalcScript":"","isDefault":true,"isReadOnly":false,"key":"updated_at","orgType":"date","required":false,"script":"","selectValues":null,"type":"date","width":150}],"content":true,"defaultRows":[{},{},{}],"editForm":true,"group":0,"hidden":false,"id":"incident_freshworksfreshserviceattachments","isReadOnly":false,"locked":false,"name":"FreshworksFreshservice Attachments","neverSetAsRequired":false,"openEnded":false,"ownerOnly":false,"required":false,"sla":0,"system":false,"threshold":72,"type":"grid","unmapped":false,"unsearchable":true,"useAsKpi":false,"version":-1,"fromVersion":"6.0.0"}