{"associatedToAll":false,"associatedTypes":["FreshworksFreshservice Ticket","FreshworksFreshservice Change Request","FreshworksFreshservice Problem Request","FreshworksFreshservice Release Request"],"caseInsensitive":false,"cliName":"freshworksfreshservicepriority","closeForm":false,"content":true,"editForm":true,"group":0,"hidden":false,"id":"incident_freshworksfreshservicepriority","isReadOnly":false,"locked":false,"name":"FreshworksFreshservice Priority","neverSetAsRequired":false,"openEnded":false,"ownerOnly":false,"required":false,"selectValues":["","Low","Medium","High","Urgent"],"sla":0,"system":false,"threshold":72,"type":"singleSelect","unmapped":false,"unsearchable":true,"useAsKpi":false,"version":-1,"fromVersion":"6.0.0"}