{"id":"incident_affecteddatatype","version":-1,"modified":"2019-04-14T11:32:24.494022702Z","name":"Affected Data Type","ownerOnly":false,"placeholder":"","description":"","cliName":"affecteddatatype","type":"shortText","closeForm":false,"editForm":true,"required":false,"script":"","fieldCalcScript":"","neverSetAsRequired":false,"isReadOnly":false,"selectValues":[],"useAsKpi":false,"locked":false,"system":false,"content":true,"group":0,"hidden":false,"associatedTypes":["GDPR Data Breach"],"systemAssociatedTypes":null,"associatedToAll":false,"unmapped":false,"unsearchable":false,"caseInsensitive":true,"sla":0,"threshold":72,"breachScript":"","fromVersion":"5.0.0"}