{"id":"incident_prismacloudcomputecluster","version":-1,"modified":"2023-12-17T10:33:04.952785874Z","name":"Prisma Cloud Compute Cluster","ownerOnly":false,"cliName":"prismacloudcomputecluster","type":"shortText","closeForm":false,"editForm":true,"required":false,"neverSetAsRequired":false,"isReadOnly":false,"useAsKpi":false,"locked":false,"system":false,"content":true,"group":0,"hidden":false,"openEnded":false,"associatedTypes":["Prisma Cloud Compute Audit v3"],"associatedToAll":false,"unmapped":false,"unsearchable":true,"caseInsensitive":true,"sla":0,"threshold":72,"fromVersion":"6.10.0","marketplaces":["xsoar"]}