{"id":"incident_targetfirewallversion","version":-1,"modified":"2019-12-07T00:22:45.216985797Z","name":"Target Firewall Version","ownerOnly":false,"placeholder":"","description":"Version to install on the firewall e.g. 9.0.5 for PAN-OS","cliName":"targetfirewallversion","type":"shortText","closeForm":false,"editForm":true,"required":false,"script":"","fieldCalcScript":"","neverSetAsRequired":false,"isReadOnly":false,"selectValues":null,"validationRegex":"","useAsKpi":true,"locked":false,"system":false,"content":true,"group":0,"hidden":false,"associatedTypes":["FirewallUpgrade"],"systemAssociatedTypes":null,"associatedToAll":false,"unmapped":false,"unsearchable":false,"caseInsensitive":true,"columns":null,"defaultRows":null,"sla":0,"threshold":72,"breachScript":"","fromVersion":"5.0.0"}