{"id":"incident_sizenumberofemployees","version":-1,"modified":"2019-04-14T11:27:37.886534316Z","name":"Size - number of employees","ownerOnly":false,"placeholder":"","description":"","cliName":"sizenumberofemployees","type":"shortText","closeForm":false,"editForm":true,"required":false,"script":"","fieldCalcScript":"","neverSetAsRequired":false,"isReadOnly":false,"selectValues":null,"useAsKpi":false,"locked":false,"system":false,"content":true,"group":0,"hidden":false,"associatedTypes":["GDPR Data Breach"],"systemAssociatedTypes":null,"associatedToAll":false,"unmapped":false,"unsearchable":false,"caseInsensitive":true,"sla":0,"threshold":72,"breachScript":"","fromVersion":"5.0.0"}