{"associatedToAll":false,"associatedTypes":["FreshworksFreshservice Problem Request"],"caseInsensitive":true,"cliName":"freshworksfreshserviceknownerror","closeForm":false,"content":true,"editForm":true,"group":0,"hidden":false,"id":"incident_freshworksfreshserviceknownerror","isReadOnly":false,"locked":false,"name":"FreshworksFreshservice Known Error","neverSetAsRequired":false,"openEnded":false,"ownerOnly":false,"required":false,"sla":0,"system":false,"threshold":72,"type":"boolean","unmapped":false,"unsearchable":true,"useAsKpi":false,"version":-1,"fromVersion":"6.0.0"}