{"version":-1,"fromVersion":"6.0.0","associatedToAll":false,"associatedTypes":["LogPoint Incident"],"breachScript":"","caseInsensitive":true,"cliName":"logpointthrottleenabled","closeForm":false,"columns":null,"content":true,"defaultRows":null,"description":"LogPoint Throttle Enabled","editForm":true,"fieldCalcScript":"","group":0,"hidden":false,"id":"incident_logpointthrottleenabled","isReadOnly":false,"locked":false,"name":"LogPoint Throttle Enabled","neverSetAsRequired":false,"ownerOnly":false,"placeholder":"","required":false,"script":"","selectValues":null,"sla":0,"system":false,"systemAssociatedTypes":null,"threshold":72,"type":"boolean","unmapped":false,"unsearchable":false,"useAsKpi":false,"validationRegex":""}