{"associatedToAll":false,"associatedTypes":["Xpanse Alert"],"caseInsensitive":true,"cliName":"xpanseprogressstatus","closeForm":false,"content":true,"editForm":true,"group":0,"hidden":false,"id":"incident_xpanseprogressstatus","isReadOnly":false,"locked":false,"name":"Xpanse Progress Status","neverSetAsRequired":false,"ownerOnly":false,"required":false,"sla":0,"system":false,"threshold":72,"type":"shortText","unmapped":false,"unsearchable":true,"useAsKpi":false,"version":-1,"fromVersion":"6.5.0"}