{"associatedToAll":false,"associatedTypes":["Prisma Cloud Compute Audit","Prisma Cloud Compute Audit v2","Prisma Cloud Compute Audit v3"],"breachScript":"","caseInsensitive":true,"cliName":"prismacloudcomputecategory","closeForm":false,"columns":null,"content":true,"defaultRows":null,"description":"","editForm":true,"fieldCalcScript":"","group":0,"hidden":false,"id":"incident_prismacloudcomputecategory","isReadOnly":false,"locked":false,"name":"Prisma Cloud Compute Category","neverSetAsRequired":false,"ownerOnly":false,"placeholder":"","required":false,"script":"","selectValues":[],"sla":0,"system":false,"systemAssociatedTypes":["Prisma Cloud Compute Audit","Prisma Cloud Compute Audit v2","Prisma Cloud Compute Audit v3"],"threshold":72,"type":"shortText","unmapped":false,"unsearchable":false,"useAsKpi":false,"validationRegex":"","version":-1,"fromVersion":"5.0.0","marketplaces":["xsoar"]}