{"id":"incident_residentsemailaddress","version":-1,"modified":"2020-05-13T13:14:29.781158402Z","name":"Residents Email Address","ownerOnly":false,"placeholder":"","description":"","cliName":"residentsemailaddress","type":"grid","closeForm":false,"editForm":true,"required":false,"script":"","fieldCalcScript":"","neverSetAsRequired":false,"isReadOnly":false,"selectValues":null,"validationRegex":"","useAsKpi":false,"locked":false,"system":false,"content":true,"group":0,"hidden":false,"associatedTypes":["US Breach Notification"],"systemAssociatedTypes":null,"associatedToAll":false,"unmapped":false,"unsearchable":false,"caseInsensitive":true,"columns":[{"key":"emailaddress","displayName":"Email Address","type":"shortText","required":false,"script":"","width":150,"isDefault":true,"fieldCalcScript":"","isReadOnly":false,"selectValues":null}],"defaultRows":[{},{},{}],"sla":0,"threshold":72,"breachScript":"","fromVersion":"5.0.0"}