{"id":"incident_xpanseremediationguidance","version":-1,"modified":"2023-06-26T19:36:13.284651216Z","name":"Xpanse Remediation Guidance","ownerOnly":false,"description":"Guidance for responding to Xpanse Alerts","cliName":"xpanseremediationguidance","type":"markdown","closeForm":false,"editForm":true,"required":false,"neverSetAsRequired":false,"isReadOnly":false,"useAsKpi":false,"locked":false,"system":false,"content":true,"group":0,"hidden":false,"openEnded":false,"associatedToAll":true,"unmapped":false,"unsearchable":true,"caseInsensitive":true,"sla":0,"threshold":72,"fromVersion":"6.8.0"}