{"id":"incident_xpansedescription","version":-1,"modified":"2023-06-26T19:41:25.065459802Z","name":"Xpanse Description","ownerOnly":false,"cliName":"xpansedescription","type":"markdown","closeForm":false,"editForm":true,"required":false,"neverSetAsRequired":false,"isReadOnly":false,"useAsKpi":false,"locked":false,"system":false,"content":true,"group":0,"hidden":false,"openEnded":false,"associatedToAll":true,"unmapped":false,"unsearchable":true,"caseInsensitive":true,"sla":0,"threshold":72,"fromVersion":"6.8.0"}