{"id":"incident_gdprnotifyauthorities","version":-1,"modified":"2019-04-17T13:32:10.330437058Z","name":"GDPR Notify Authorities","ownerOnly":false,"placeholder":"","description":"\"In the case of a personal data breach, the controller shall without undue delay and, where feasible, not later than 72 hours after having become aware of it, notify the personal data breach to the supervisory authority competent in accordance with Article 55, unless the personal data breach is unlikely to result in a risk to the rights and freedoms of natural persons.\" - GDPR Art. 33","cliName":"gdprnotifyauthorities","type":"timer","closeForm":false,"editForm":false,"required":false,"script":"","fieldCalcScript":"","neverSetAsRequired":false,"isReadOnly":true,"selectValues":[],"useAsKpi":false,"locked":false,"system":false,"content":true,"group":0,"hidden":false,"associatedTypes":["GDPR Data Breach"],"systemAssociatedTypes":null,"associatedToAll":false,"unmapped":false,"unsearchable":false,"caseInsensitive":true,"sla":4500,"threshold":72,"breachScript":"","fromVersion":"5.0.0"}