{"associatedToAll":false,"associatedTypes":["FreshworksFreshservice Problem Request"],"caseInsensitive":false,"cliName":"freshworksfreshserviceproblemstatus","closeForm":false,"content":true,"editForm":true,"group":0,"hidden":false,"id":"incident_freshworksfreshserviceproblemstatus","isReadOnly":false,"locked":false,"name":"FreshworksFreshservice Problem Status","neverSetAsRequired":false,"openEnded":false,"ownerOnly":false,"required":false,"selectValues":["","Open","Change Requested","Closed"],"sla":0,"system":false,"threshold":72,"type":"singleSelect","unmapped":false,"unsearchable":true,"useAsKpi":false,"version":-1,"fromVersion":"6.0.0"}