{"associatedToAll":false,"associatedTypes":["FreshworksFreshservice Change Request"],"caseInsensitive":true,"cliName":"freshworksfreshserviceimpactedservices","closeForm":false,"content":true,"editForm":true,"group":0,"hidden":false,"id":"incident_freshworksfreshserviceimpactedservices","isReadOnly":false,"locked":false,"name":"FreshworksFreshservice Impacted Services","neverSetAsRequired":false,"openEnded":true,"ownerOnly":false,"required":false,"sla":0,"system":false,"threshold":72,"type":"multiSelect","unmapped":false,"unsearchable":true,"useAsKpi":false,"version":-1,"fromVersion":"6.0.0"}