{"id":"incident_possiblecauseofthebreach","version":-1,"modified":"2019-04-16T10:43:51.71269953Z","name":"Possible Cause of the Breach","ownerOnly":false,"placeholder":"","description":"","cliName":"possiblecauseofthebreach","type":"multiSelect","closeForm":false,"editForm":true,"required":false,"script":"","fieldCalcScript":"","neverSetAsRequired":false,"isReadOnly":false,"selectValues":["Malicious attack - internal","Malicious attack - external","Accident (system failure)","Negligence (human error)","Other"],"useAsKpi":false,"locked":false,"system":false,"content":true,"group":0,"hidden":false,"associatedTypes":["GDPR Data Breach"],"systemAssociatedTypes":null,"associatedToAll":false,"unmapped":false,"unsearchable":false,"caseInsensitive":true,"sla":0,"threshold":72,"breachScript":"","fromVersion":"5.0.0"}