{"id":"incident_prismacloudcomputeimagecomplianceissues","version":-1,"modified":"2024-03-21T15:51:00.323255095Z","name":"Prisma Cloud Compute Image Compliance Issues","ownerOnly":false,"cliName":"prismacloudcomputeimagecomplianceissues","type":"grid","closeForm":false,"editForm":true,"required":false,"neverSetAsRequired":false,"isReadOnly":false,"useAsKpi":false,"locked":false,"system":false,"content":true,"group":0,"hidden":false,"openEnded":false,"associatedTypes":["Prisma Cloud Compute Compliance v2"],"associatedToAll":false,"unmapped":false,"caseInsensitive":true,"columns":[{"key":"imageid","displayName":"Image ID","type":"shortText","orgType":"shortText","required":false,"script":"","width":150,"isDefault":true,"fieldCalcScript":"","isReadOnly":false,"selectValues":null},{"key":"complianceissues","displayName":"Compliance Issues","type":"shortText","orgType":"shortText","required":false,"script":"","width":150,"isDefault":true,"fieldCalcScript":"","isReadOnly":false,"selectValues":null},{"key":"compliancedistribution","displayName":"Compliance Distribution","type":"shortText","orgType":"shortText","required":false,"script":"","width":150,"isDefault":true,"fieldCalcScript":"","isReadOnly":false,"selectValues":null},{"key":"hosts","displayName":"Hosts","type":"shortText","orgType":"shortText","required":false,"script":"","width":150,"isDefault":true,"fieldCalcScript":"","isReadOnly":false,"selectValues":null},{"key":"imageinstances","displayName":"Image Instances","type":"shortText","orgType":"shortText","required":false,"script":"","width":150,"isDefault":true,"fieldCalcScript":"","isReadOnly":false,"selectValues":null},{"key":"cloudmetadata","displayName":"Cloud MetaData","type":"shortText","orgType":"shortText","required":false,"script":"","width":150,"isDefault":true,"fieldCalcScript":"","isReadOnly":false,"selectValues":null}],"defaultRows":[{},{},{}],"sla":0,"threshold":72,"unsearchable":true,"fromVersion":"6.10.0"}