{"version":-1,"fromVersion":"6.0.0","associatedToAll":false,"associatedTypes":["LogPoint Incident"],"breachScript":"","caseInsensitive":true,"cliName":"logpointloginspectipdns","closeForm":false,"columns":null,"content":true,"defaultRows":null,"description":"LogPoint Loginspect IP DNS","editForm":true,"fieldCalcScript":"","group":0,"hidden":false,"id":"incident_logpointloginspectipdns","isReadOnly":false,"locked":false,"name":"LogPoint Loginspect IP DNS","neverSetAsRequired":false,"ownerOnly":false,"placeholder":"","required":false,"script":"","selectValues":null,"sla":0,"system":false,"systemAssociatedTypes":null,"threshold":72,"type":"shortText","unmapped":false,"unsearchable":false,"useAsKpi":false,"validationRegex":""}