{"id":"incident_maliciouscauseifthecauseisamaliciousattack","version":-1,"modified":"2019-04-16T10:43:41.342957399Z","name":"Malicious Cause (If the cause is a malicious attack)","ownerOnly":false,"placeholder":"","description":"","cliName":"maliciouscauseifthecauseisamaliciousattack","type":"multiSelect","closeForm":false,"editForm":true,"required":false,"script":"","fieldCalcScript":"","neverSetAsRequired":false,"isReadOnly":false,"selectValues":["Unknown vulnerability","Cryptolockers","Fire reconnaissance","Phishing","Distributed denial of service","Malware","Social engineering","Blackmail","Other"],"useAsKpi":false,"locked":false,"system":false,"content":true,"group":0,"hidden":false,"associatedTypes":["GDPR Data Breach"],"systemAssociatedTypes":null,"associatedToAll":false,"unmapped":false,"unsearchable":false,"caseInsensitive":true,"sla":0,"threshold":72,"breachScript":"","fromVersion":"5.0.0"}