{"associatedToAll":false,"associatedTypes":["FreshworksFreshservice Ticket"],"caseInsensitive":true,"cliName":"freshworksfreshservicetags","closeForm":false,"content":true,"editForm":true,"group":0,"hidden":false,"id":"incident_freshworksfreshservicetags","isReadOnly":false,"locked":false,"name":"FreshworksFreshservice Tags","neverSetAsRequired":false,"openEnded":true,"ownerOnly":false,"required":false,"sla":0,"system":false,"threshold":72,"type":"multiSelect","unmapped":false,"unsearchable":true,"useAsKpi":false,"version":-1,"fromVersion":"6.0.0"}