{"associatedToAll":false,"associatedTypes":["FreshworksFreshservice Change Request","FreshworksFreshservice Release Request"],"caseInsensitive":true,"cliName":"freshworksfreshserviceplannedstartdate","closeForm":false,"content":true,"editForm":true,"group":0,"hidden":false,"id":"incident_freshworksfreshserviceplannedstartdate","isReadOnly":false,"locked":false,"name":"FreshworksFreshservice Planned Start Date","neverSetAsRequired":false,"openEnded":false,"ownerOnly":false,"required":false,"sla":0,"system":false,"threshold":72,"type":"date","unmapped":false,"unsearchable":true,"useAsKpi":false,"version":-1,"fromVersion":"6.0.0"}