{"associatedToAll":false,"associatedTypes":["FreshworksFreshservice Change Request"],"caseInsensitive":true,"cliName":"freshworksfreshservicerisk","closeForm":false,"content":true,"editForm":true,"group":0,"hidden":false,"id":"incident_freshworksfreshservicerisk","isReadOnly":false,"locked":false,"name":"FreshworksFreshservice Risk","neverSetAsRequired":false,"openEnded":false,"ownerOnly":false,"required":false,"selectValues":["","Low","Medium","High","Very High"],"sla":0,"system":false,"threshold":72,"type":"singleSelect","unmapped":false,"unsearchable":true,"useAsKpi":false,"version":-1,"fromVersion":"6.0.0"}