{"version":-1,"fromVersion":"6.0.0","associatedToAll":false,"associatedTypes":["LogPoint Incident"],"breachScript":"","caseInsensitive":true,"cliName":"logpointstatus","closeForm":false,"columns":null,"content":true,"defaultRows":null,"description":"LogPoint Status","editForm":true,"fieldCalcScript":"","group":0,"hidden":false,"id":"incident_logpointstatus","isReadOnly":false,"locked":false,"name":"LogPoint Status","neverSetAsRequired":false,"ownerOnly":false,"placeholder":"","required":false,"script":"","selectValues":null,"sla":0,"system":false,"systemAssociatedTypes":null,"threshold":72,"type":"shortText","unmapped":false,"unsearchable":false,"useAsKpi":false,"validationRegex":""}