{"id":"incident_companyaddress","version":-1,"modified":"2019-04-14T12:55:35.314175089Z","name":"Company Address","ownerOnly":false,"placeholder":"","description":"","cliName":"companyaddress","type":"shortText","closeForm":false,"editForm":true,"required":false,"script":"","fieldCalcScript":"","neverSetAsRequired":false,"isReadOnly":false,"selectValues":null,"useAsKpi":false,"locked":false,"system":false,"content":true,"group":0,"hidden":false,"associatedTypes":["GDPR Data Breach"],"systemAssociatedTypes":null,"associatedToAll":false,"unmapped":false,"unsearchable":false,"caseInsensitive":true,"sla":0,"threshold":72,"breachScript":"","fromVersion":"5.0.0"}