{"id":"incident_affectedindividualscontactinformation","version":-1,"modified":"2019-04-16T10:35:49.430259514Z","name":"Affected Individuals Contact Information","ownerOnly":false,"placeholder":"","description":"","cliName":"affectedindividualscontactinformation","type":"grid","closeForm":false,"editForm":true,"required":false,"script":"","fieldCalcScript":"","neverSetAsRequired":false,"isReadOnly":false,"selectValues":[],"useAsKpi":false,"locked":false,"system":false,"content":true,"group":0,"hidden":false,"associatedTypes":["GDPR Data Breach"],"systemAssociatedTypes":null,"associatedToAll":false,"unmapped":false,"unsearchable":false,"caseInsensitive":true,"columns":[{"key":"fullname","displayName":"Full Name","type":"shortText","required":false,"script":"","width":310,"isDefault":true,"fieldCalcScript":"","isReadOnly":false,"selectValues":null},{"key":"emailaddress","displayName":"E-mail Address","type":"shortText","required":false,"script":"","width":272,"isDefault":true,"fieldCalcScript":"","isReadOnly":false,"selectValues":null},{"key":"approximatenumberofdatarecordsbreached","displayName":"Approximate number of data records breached","type":"shortText","required":true,"script":"","width":150,"isDefault":true,"fieldCalcScript":"","isReadOnly":false,"selectValues":null}],"defaultRows":[{},{},{}],"sla":0,"threshold":72,"breachScript":"","fromVersion":"5.0.0"}