{"id":"incident_whereisdatahosted","version":-1,"modified":"2019-04-14T11:30:51.376887853Z","name":"Where is data hosted","ownerOnly":false,"placeholder":"","description":"","cliName":"whereisdatahosted","type":"multiSelect","closeForm":false,"editForm":true,"required":false,"script":"","fieldCalcScript":"","neverSetAsRequired":false,"isReadOnly":false,"selectValues":["Onsite","Cloud"],"useAsKpi":false,"locked":false,"system":false,"content":true,"group":0,"hidden":false,"associatedTypes":["GDPR Data Breach"],"systemAssociatedTypes":null,"associatedToAll":false,"unmapped":false,"unsearchable":false,"caseInsensitive":true,"sla":0,"threshold":72,"breachScript":"","fromVersion":"5.0.0"}