{"version":-1,"fromVersion":"6.0.0","associatedToAll":false,"associatedTypes":["LogPoint Incident"],"breachScript":"","caseInsensitive":true,"cliName":"logpointdetectiontimestamp","closeForm":false,"columns":null,"content":true,"defaultRows":null,"description":"LogPoint Detection Timestamp","editForm":true,"fieldCalcScript":"","group":0,"hidden":false,"id":"incident_logpointdetectiontimestamp","isReadOnly":false,"locked":false,"name":"LogPoint Detection Timestamp","neverSetAsRequired":false,"ownerOnly":false,"placeholder":"","required":false,"script":"","selectValues":null,"sla":0,"system":false,"systemAssociatedTypes":null,"threshold":72,"type":"number","unmapped":false,"unsearchable":false,"useAsKpi":false,"validationRegex":"","marketplaces":["xsoar"]}