{"id":"incident_isthedatasubjecttodpia","version":-1,"modified":"2019-04-14T11:34:16.232406809Z","name":"Is the Data Subject to DPIA","ownerOnly":false,"placeholder":"","description":"","cliName":"isthedatasubjecttodpia","type":"shortText","closeForm":false,"editForm":true,"required":false,"script":"","fieldCalcScript":"","neverSetAsRequired":false,"isReadOnly":false,"selectValues":null,"useAsKpi":false,"locked":false,"system":false,"content":true,"group":0,"hidden":false,"associatedTypes":["GDPR Data Breach"],"systemAssociatedTypes":null,"associatedToAll":false,"unmapped":false,"unsearchable":false,"caseInsensitive":true,"sla":0,"threshold":72,"breachScript":"","fromVersion":"5.0.0"}