{"id":"incident_cvelist","version":-1,"modified":"2020-04-08T03:03:27.043560787Z","name":"CVE List","ownerOnly":false,"description":"List of CVEs to check","cliName":"cvelist","type":"shortText","closeForm":false,"editForm":true,"required":false,"neverSetAsRequired":false,"isReadOnly":false,"useAsKpi":false,"locked":false,"system":false,"content":true,"group":0,"hidden":false,"associatedTypes":["PanoramaThreatCoverage"],"associatedToAll":true,"unmapped":false,"unsearchable":false,"caseInsensitive":true,"sla":0,"threshold":72,"fromVersion":"5.0.0"}