{"id":"incident_xpanseprotocol","version":-1,"modified":"2023-05-26T15:52:48.526732403Z","name":"Xpanse Protocol","ownerOnly":false,"description":"Xpanse Protocol","cliName":"xpanseprotocol","type":"shortText","closeForm":false,"editForm":true,"required":false,"neverSetAsRequired":false,"isReadOnly":false,"useAsKpi":false,"locked":false,"system":false,"content":true,"group":0,"hidden":false,"openEnded":false,"associatedToAll":true,"unmapped":false,"unsearchable":true,"caseInsensitive":true,"sla":0,"threshold":72,"fromVersion":"6.8.0"}