{"associatedToAll":false,"associatedTypes":["Splunk Notable Generic"],"caseInsensitive":true,"cliName":"successfuldrilldownenrichment","closeForm":false,"content":true,"description":"Indicates whether the drilldown enrichment was successful.","editForm":true,"group":0,"hidden":false,"id":"incident_successfuldrilldownenrichment","isReadOnly":false,"locked":false,"name":"Successful Drilldown Enrichment","neverSetAsRequired":false,"ownerOnly":false,"propagationLabels":["all"],"required":false,"sla":0,"system":false,"threshold":72,"type":"shortText","unmapped":false,"unsearchable":false,"useAsKpi":false,"version":-1,"fromVersion":"6.0.0"}