{"associatedToAll":true,"caseInsensitive":true,"cliName":"prismacloudcomputedefenderlogs","closeForm":false,"content":true,"editForm":true,"group":0,"hidden":false,"id":"incident_prismacloudcomputedefenderlogs","isReadOnly":false,"locked":false,"name":"Prisma Cloud Compute Defender Logs","neverSetAsRequired":false,"openEnded":false,"ownerOnly":false,"required":false,"sla":0,"system":false,"threshold":72,"type":"markdown","unmapped":false,"unsearchable":true,"useAsKpi":false,"version":-1,"fromVersion":"5.0.0"}