{"associatedToAll":false,"associatedTypes":["FreshworksFreshservice Ticket"],"caseInsensitive":true,"cliName":"freshworksfreshservicespam","closeForm":false,"content":true,"editForm":true,"group":0,"hidden":false,"id":"incident_freshworksfreshservicespam","isReadOnly":false,"locked":false,"name":"FreshworksFreshservice Spam","neverSetAsRequired":false,"openEnded":false,"ownerOnly":false,"required":false,"sla":0,"system":false,"threshold":72,"type":"boolean","unmapped":false,"unsearchable":true,"useAsKpi":false,"version":-1,"fromVersion":"6.0.0"}