{"id":"incident_xpanseserviceid","version":-1,"modified":"2023-05-26T15:27:38.653240522Z","name":"Xpanse Service ID","ownerOnly":false,"description":"Xpanse Service ID","cliName":"xpanseserviceid","type":"shortText","closeForm":false,"editForm":true,"required":false,"neverSetAsRequired":false,"isReadOnly":false,"useAsKpi":false,"locked":false,"system":false,"content":true,"group":0,"hidden":false,"openEnded":false,"associatedToAll":true,"unmapped":false,"unsearchable":true,"caseInsensitive":true,"sla":0,"threshold":72,"fromVersion":"6.8.0"}