{"id":"incident_medicalinformationbreached","version":-1,"modified":"2020-05-07T10:00:25.770445235Z","name":"Medical Information breached","ownerOnly":false,"placeholder":"","description":"Is Medical Information breached","cliName":"medicalinformationbreached","type":"shortText","closeForm":false,"editForm":true,"required":false,"script":"","fieldCalcScript":"","neverSetAsRequired":false,"isReadOnly":false,"selectValues":null,"validationRegex":"","useAsKpi":false,"locked":false,"system":false,"content":true,"group":0,"hidden":false,"associatedTypes":["US Breach Notification"],"systemAssociatedTypes":null,"associatedToAll":false,"unmapped":false,"unsearchable":false,"caseInsensitive":true,"columns":null,"defaultRows":null,"sla":0,"threshold":72,"breachScript":"","fromVersion":"5.0.0"}