{"id":"incident_exabeamproducts","version":-1,"modified":"2024-08-05T11:41:30.52919271Z","name":"Exabeam Products","ownerOnly":false,"cliName":"exabeamproducts","type":"multiSelect","closeForm":false,"editForm":true,"required":false,"neverSetAsRequired":false,"isReadOnly":false,"useAsKpi":false,"locked":false,"system":false,"content":true,"group":0,"hidden":false,"openEnded":true,"associatedTypes":["Exabeam Platform Case"],"associatedToAll":false,"unmapped":false,"unsearchable":true,"caseInsensitive":true,"sla":0,"threshold":72,"fromVersion":"6.10.0"}