{"associatedToAll":false,"associatedTypes":["FreshworksFreshservice Change Request"],"caseInsensitive":true,"cliName":"freshworksfreshservicechangetype","closeForm":false,"content":true,"editForm":true,"group":0,"hidden":false,"id":"incident_freshworksfreshservicechangetype","isReadOnly":false,"locked":false,"name":"FreshworksFreshservice Change Type","neverSetAsRequired":false,"openEnded":false,"ownerOnly":false,"required":false,"selectValues":["","Minor","Standard","Major","Emergency"],"sla":0,"system":false,"threshold":72,"type":"singleSelect","unmapped":false,"unsearchable":true,"useAsKpi":false,"version":-1,"fromVersion":"6.0.0"}