{"id":"incident_dataencryptionstatus","version":-1,"modified":"2019-04-17T12:35:36.369158352Z","name":"Data Encryption Status","ownerOnly":false,"placeholder":"","description":"","cliName":"dataencryptionstatus","type":"multiSelect","closeForm":false,"editForm":true,"required":false,"script":"","fieldCalcScript":"","neverSetAsRequired":false,"isReadOnly":false,"selectValues":["Full","Partial","None"],"useAsKpi":false,"locked":false,"system":false,"content":true,"group":0,"hidden":false,"associatedTypes":["GDPR Data Breach"],"systemAssociatedTypes":null,"associatedToAll":false,"unmapped":false,"unsearchable":false,"caseInsensitive":true,"sla":0,"threshold":72,"breachScript":"","fromVersion":"5.0.0"}