{"id":"incident_xpansebusinessunits","version":-1,"modified":"2023-07-19T20:41:27.989271224Z","name":"Xpanse Business Units","ownerOnly":false,"cliName":"xpansebusinessunits","type":"shortText","closeForm":false,"editForm":true,"required":false,"neverSetAsRequired":false,"isReadOnly":false,"useAsKpi":false,"locked":false,"system":false,"content":true,"group":0,"hidden":false,"openEnded":false,"associatedToAll":true,"unmapped":false,"unsearchable":true,"caseInsensitive":true,"sla":0,"threshold":72,"fromVersion":"6.8.0"}