{"id":"incident_uniquebiometricdatabreached","version":-1,"modified":"2020-05-07T10:34:35.630822954Z","name":"Unique biometric data breached","ownerOnly":false,"placeholder":"","description":"Is unique biometric data breached","cliName":"uniquebiometricdatabreached","type":"shortText","closeForm":false,"editForm":true,"required":false,"script":"","fieldCalcScript":"","neverSetAsRequired":false,"isReadOnly":false,"selectValues":null,"validationRegex":"","useAsKpi":false,"locked":false,"system":false,"content":true,"group":0,"hidden":false,"associatedTypes":["US Breach Notification"],"systemAssociatedTypes":null,"associatedToAll":false,"unmapped":false,"unsearchable":false,"caseInsensitive":true,"columns":null,"defaultRows":null,"sla":0,"threshold":72,"breachScript":"","fromVersion":"5.0.0"}