{"associatedToAll":false,"associatedTypes":["FreshworksFreshservice Ticket"],"caseInsensitive":true,"cliName":"freshworksfreshserviceurgency","closeForm":false,"content":true,"editForm":true,"group":0,"hidden":false,"id":"incident_freshworksfreshserviceurgency","isReadOnly":false,"locked":false,"name":"FreshworksFreshservice Urgency","neverSetAsRequired":false,"openEnded":false,"ownerOnly":false,"required":false,"selectValues":["","Low","Medium","High"],"sla":0,"system":false,"threshold":72,"type":"singleSelect","unmapped":false,"unsearchable":true,"useAsKpi":false,"version":-1,"fromVersion":"6.0.0"}