{"associatedToAll":false,"associatedTypes":["Prisma Cloud Compute Vulnerability","Prisma Cloud Compute Cloud Discovery","Prisma Cloud Compute Compliance"],"breachScript":"","caseInsensitive":true,"cliName":"prismacloudcomputemarkdown","closeForm":false,"columns":null,"content":true,"defaultRows":null,"description":"","editForm":true,"fieldCalcScript":"","group":0,"hidden":false,"id":"incident_prismacloudcomputemarkdown","isReadOnly":false,"locked":false,"name":"Prisma Cloud Compute Markdown","neverSetAsRequired":false,"ownerOnly":false,"placeholder":"","required":false,"script":"","selectValues":[],"sla":0,"system":false,"systemAssociatedTypes":null,"threshold":72,"type":"markdown","unmapped":false,"unsearchable":false,"useAsKpi":false,"validationRegex":"","version":-1,"fromVersion":"5.0.0"}