{"associatedToAll":false,"associatedTypes":["GDPR Data Breach","HIPAA Breach Notification","US Breach Notification"],"breachScript":"","caseInsensitive":true,"cliName":"breachconfirmation","closeForm":false,"columns":null,"content":true,"defaultRows":null,"description":"Is the DPO confirm the breach","editForm":true,"fieldCalcScript":"","group":0,"hidden":false,"id":"incident_breachconfirmation","isReadOnly":false,"locked":false,"name":"Breach Confirmation","neverSetAsRequired":false,"ownerOnly":false,"placeholder":"","required":false,"script":"","selectValues":["Pending Confirmation","Confirm","Not Confirm"],"sla":0,"system":false,"systemAssociatedTypes":null,"threshold":72,"type":"singleSelect","unmapped":false,"unsearchable":false,"useAsKpi":false,"validationRegex":"","version":-1,"fromVersion":"5.0.0"}