{"version":-1,"fromVersion":"6.0.0","associatedToAll":false,"associatedTypes":["LogPoint Incident"],"breachScript":"","caseInsensitive":true,"cliName":"logpointrowscount","closeForm":false,"columns":null,"content":true,"defaultRows":null,"description":"LogPoint Rows Count","editForm":true,"fieldCalcScript":"","group":0,"hidden":false,"id":"incident_logpointrowscount","isReadOnly":false,"locked":false,"name":"LogPoint Rows Count","neverSetAsRequired":false,"ownerOnly":false,"placeholder":"","required":false,"script":"","selectValues":null,"sla":0,"system":false,"systemAssociatedTypes":null,"threshold":72,"type":"number","unmapped":false,"unsearchable":false,"useAsKpi":false,"validationRegex":""}