{"id":"incident_exabeamrules","version":-1,"modified":"2024-08-05T12:34:53.182636854Z","name":"Exabeam Rules","ownerOnly":false,"cliName":"exabeamrules","type":"grid","closeForm":false,"editForm":true,"required":false,"neverSetAsRequired":false,"isReadOnly":false,"useAsKpi":false,"locked":false,"system":false,"content":true,"group":0,"hidden":false,"openEnded":false,"associatedTypes":["Exabeam Platform Case"],"associatedToAll":false,"unmapped":false,"unsearchable":true,"caseInsensitive":true,"columns":[{"key":"rulesource","displayName":"ruleSource","type":"shortText","orgType":"shortText","required":false,"script":"","width":150,"isDefault":true,"fieldCalcScript":"","isReadOnly":true,"selectValues":null},{"key":"approxlogtime","displayName":"approxLogTime","type":"shortText","orgType":"shortText","required":false,"script":"","width":150,"isDefault":true,"fieldCalcScript":"","isReadOnly":true,"selectValues":null},{"key":"ruletype","displayName":"ruleType","type":"shortText","orgType":"shortText","required":false,"script":"","width":150,"isDefault":true,"fieldCalcScript":"","isReadOnly":true,"selectValues":null},{"key":"rulereason","displayName":"ruleReason","type":"shortText","orgType":"shortText","required":false,"script":"","width":150,"isDefault":true,"fieldCalcScript":"","isReadOnly":true,"selectValues":null},{"key":"rulename","displayName":"ruleName","type":"shortText","orgType":"shortText","required":false,"script":"","width":189,"isDefault":true,"fieldCalcScript":"","isReadOnly":true,"selectValues":null},{"key":"ruleid","displayName":"ruleId","type":"shortText","orgType":"shortText","required":false,"script":"","width":151,"isDefault":true,"fieldCalcScript":"","isReadOnly":true,"selectValues":null},{"key":"ruleseverity","displayName":"ruleSeverity","type":"shortText","orgType":"shortText","required":false,"script":"","width":150,"isDefault":true,"fieldCalcScript":"","isReadOnly":true,"selectValues":null}],"defaultRows":[],"sla":0,"threshold":72,"fromVersion":"6.10.0"}