{"associatedToAll":false,"associatedTypes":["US Breach Notification"],"breachScript":"","caseInsensitive":true,"cliName":"consumerreportingagenciesnotification","closeForm":false,"columns":null,"content":true,"defaultRows":null,"description":"","editForm":true,"fieldCalcScript":"","group":0,"hidden":false,"id":"incident_consumerreportingagenciesnotification","isReadOnly":false,"locked":false,"name":"Consumer Reporting Agencies Notification","neverSetAsRequired":false,"ownerOnly":false,"placeholder":"","required":false,"script":"","selectValues":["Not started","In progress","Done"],"sla":0,"system":false,"systemAssociatedTypes":null,"threshold":72,"type":"singleSelect","unmapped":false,"unsearchable":false,"useAsKpi":false,"validationRegex":"","version":-1,"fromVersion":"5.0.0"}