{"id":"incident_uniqueidentificationnumberbreached","version":-1,"modified":"2020-05-07T10:33:08.88642328Z","name":"Unique identification number breached","ownerOnly":false,"placeholder":"","description":"Is unique identification number breached","cliName":"uniqueidentificationnumberbreached","type":"shortText","closeForm":false,"editForm":true,"required":false,"script":"","fieldCalcScript":"","neverSetAsRequired":false,"isReadOnly":false,"selectValues":null,"validationRegex":"","useAsKpi":false,"locked":false,"system":false,"content":true,"group":0,"hidden":false,"associatedTypes":["US Breach Notification"],"systemAssociatedTypes":null,"associatedToAll":false,"unmapped":false,"unsearchable":false,"caseInsensitive":true,"columns":null,"defaultRows":null,"sla":0,"threshold":72,"breachScript":"","fromVersion":"5.0.0"}