{"id":"incident_companyhasinsuranceforthebreach","version":-1,"modified":"2019-04-14T11:36:20.070426559Z","name":"Company has Insurance for the Breach","ownerOnly":false,"placeholder":"","description":"","cliName":"companyhasinsuranceforthebreach","type":"shortText","closeForm":false,"editForm":true,"required":false,"script":"","fieldCalcScript":"","neverSetAsRequired":false,"isReadOnly":false,"selectValues":null,"useAsKpi":false,"locked":false,"system":false,"content":true,"group":0,"hidden":false,"associatedTypes":["GDPR Data Breach"],"systemAssociatedTypes":null,"associatedToAll":false,"unmapped":false,"unsearchable":false,"caseInsensitive":true,"sla":0,"threshold":72,"breachScript":"","fromVersion":"5.0.0"}