{"id":"incident_datetimeofthebreach","version":-1,"modified":"2019-04-14T11:29:16.341909673Z","name":"Date/time of the breach","ownerOnly":false,"placeholder":"","description":"","cliName":"datetimeofthebreach","type":"date","closeForm":false,"editForm":true,"required":false,"script":"","fieldCalcScript":"","neverSetAsRequired":false,"isReadOnly":false,"selectValues":null,"useAsKpi":false,"locked":false,"system":false,"content":true,"group":0,"hidden":false,"associatedTypes":["GDPR Data Breach"],"systemAssociatedTypes":null,"associatedToAll":false,"unmapped":false,"unsearchable":false,"caseInsensitive":true,"sla":0,"threshold":72,"breachScript":"","fromVersion":"5.0.0","marketplaces":["xsoar"]}