{
	"associatedToAll": true,
	"associatedTypes": null,
	"breachScript": "SendEmailOnSLABreach",
	"caseInsensitive": true,
	"cliName": "slatest",
	"closeForm": false,
	"columns": null,
	"content": false,
	"defaultRows": null,
	"description": "",
	"editForm": false,
	"fieldCalcScript": "",
	"fromServerVersion": "",
	"group": 0,
	"hidden": false,
	"id": "incident_slatest",
	"isReadOnly": true,
	"itemVersion": "",
	"locked": false,
	"mergeStrategy": "",
	"name": "slatest",
	"neverSetAsRequired": false,
	"ownerOnly": false,
	"packID": "c51ed6ea-3b89-4a07-8bd7-8eaf0749e1e6",
	"placeholder": "",
	"propagationLabels": [
		"all"
	],
	"required": false,
	"script": "",
	"selectValues": null,
	"sla": 10,
	"sortValues": null,
	"system": false,
	"systemAssociatedTypes": null,
	"threshold": 0.08333333333333333,
	"toServerVersion": "",
	"type": "timer",
	"unmapped": false,
	"unsearchable": false,
	"useAsKpi": false,
	"validatedError": "",
	"validationRegex": "",
	"version": -1
}