{"close":{"sections":[{"description":"","fields":[{"fieldId":"incident_closereason","isVisible":true},{"fieldId":"incident_closenotes","isVisible":true}],"isVisible":true,"name":"Basic Information","query":null,"queryType":"","readOnly":false,"type":""},{"description":"","isVisible":true,"name":"Custom Fields","query":null,"queryType":"","readOnly":false,"type":""}]},"detailsV2":{"tabs":[{"id":"summary","name":"Legacy Summary","type":"summary"},{"hidden":false,"id":"cfivtpimgp","name":"ServiceNow","sections":[{"displayType":"ROW","h":2,"hideName":false,"i":"cfivtpimgp-43899730-f15b-11ea-ba6a-5f3414a773a9","items":[{"endCol":2,"fieldId":"servicenowticketnumber","height":22,"id":"0b045520-f15c-11ea-ba6a-5f3414a773a9","index":0,"sectionItemType":"field","startCol":0},{"endCol":2,"fieldId":"servicenowstate","height":22,"id":"57480c50-f162-11ea-93ee-1f21403eb811","index":1,"sectionItemType":"field","startCol":0},{"endCol":2,"fieldId":"servicenowopeneddate","height":22,"id":"f446a590-f15b-11ea-ba6a-5f3414a773a9","index":2,"sectionItemType":"field","startCol":0},{"endCol":2,"fieldId":"servicenowduedate","height":22,"id":"5c440940-f1ec-11ea-86c8-ddd1c97766cd","index":3,"sectionItemType":"field","startCol":0},{"endCol":2,"fieldId":"servicenowcaller","height":22,"id":"e7592b00-f15b-11ea-ba6a-5f3414a773a9","index":4,"sectionItemType":"field","startCol":0},{"endCol":2,"fieldId":"servicenowcategory","height":22,"id":"ea3cc2f0-f15b-11ea-ba6a-5f3414a773a9","index":5,"sectionItemType":"field","startCol":0},{"endCol":2,"fieldId":"servicenowdescription","height":44,"id":"47921fc0-f15e-11ea-ba6a-5f3414a773a9","index":6,"sectionItemType":"field","startCol":0},{"endCol":2,"fieldId":"servicenowticketid","height":22,"id":"3adb34f0-34a7-11ec-909f-631d034070e5","index":7,"sectionItemType":"field","startCol":0}],"maxW":3,"minH":1,"moved":false,"name":"Snow Ticket Information","static":false,"w":1,"x":0,"y":1},{"displayType":"ROW","h":2,"hideName":false,"i":"cfivtpimgp-75270c40-f15c-11ea-ba6a-5f3414a773a9","items":[{"endCol":2,"fieldId":"servicenowcloseddate","height":22,"id":"ab036380-f15d-11ea-ba6a-5f3414a773a9","index":0,"sectionItemType":"field","startCol":0},{"endCol":2,"fieldId":"servicenowresolvedtime","height":22,"id":"b764e730-f15c-11ea-ba6a-5f3414a773a9","index":1,"sectionItemType":"field","startCol":0},{"endCol":2,"fieldId":"servicenowresolutionnotes","height":22,"id":"c32ca800-f1c0-11ea-93ee-1f21403eb811","index":2,"sectionItemType":"field","startCol":0},{"endCol":2,"fieldId":"servicenowresolutioncode","height":22,"id":"1c0ede20-f1c1-11ea-93ee-1f21403eb811","index":3,"sectionItemType":"field","startCol":0},{"endCol":2,"fieldId":"servicenowclosedby","height":22,"id":"a8cc6760-f1ee-11ea-be66-3703c8322d5e","index":4,"sectionItemType":"field","startCol":0}],"maxW":3,"minH":1,"moved":false,"name":"Snow Ticket Close Notes","static":false,"w":1,"x":2,"y":1},{"displayType":"ROW","h":2,"hideName":false,"i":"cfivtpimgp-24c2cc20-f15d-11ea-ba6a-5f3414a773a9","items":[{"dropEffect":"move","endCol":2,"fieldId":"servicenowassignmentgroup","height":22,"id":"f43fdce0-f15d-11ea-ba6a-5f3414a773a9","index":0,"listId":"cfivtpimgp-24c2cc20-f15d-11ea-ba6a-5f3414a773a9","sectionItemType":"field","startCol":0},{"endCol":2,"fieldId":"servicenowassignedto","height":22,"id":"e2207f80-f15b-11ea-ba6a-5f3414a773a9","index":1,"sectionItemType":"field","startCol":0},{"endCol":2,"fieldId":"servicenowescalation","height":22,"id":"4c519910-f15d-11ea-ba6a-5f3414a773a9","index":2,"sectionItemType":"field","startCol":0},{"endCol":2,"fieldId":"servicenowpriority","height":22,"id":"54bd8320-f15d-11ea-ba6a-5f3414a773a9","index":3,"sectionItemType":"field","startCol":0},{"dropEffect":"move","endCol":2,"fieldId":"servicenowimpact","height":22,"id":"ee6a4000-f15b-11ea-ba6a-5f3414a773a9","index":4,"listId":"cfivtpimgp-43899730-f15b-11ea-ba6a-5f3414a773a9","sectionItemType":"field","startCol":0},{"endCol":2,"fieldId":"servicenowseverity","height":22,"id":"fdde8c80-f15b-11ea-ba6a-5f3414a773a9","index":5,"sectionItemType":"field","startCol":0},{"endCol":2,"fieldId":"servicenowurgency","height":22,"id":"fc84a1d0-f15b-11ea-ba6a-5f3414a773a9","index":7,"sectionItemType":"field","startCol":0}],"maxW":3,"minH":1,"moved":false,"name":"Snow Ticket Handling","static":false,"w":1,"x":1,"y":1},{"h":1,"i":"cfivtpimgp-eb790c20-f15e-11ea-ba6a-5f3414a773a9","items":[],"maxW":3,"minH":1,"moved":false,"name":"Snow Ticket Status","query":"ServiceNowIncidentStatus","queryType":"script","static":false,"type":"dynamic","w":3,"x":0,"y":0},{"displayType":"CARD","h":2,"hideItemTitleOnlyOne":true,"i":"cfivtpimgp-c734f060-f1ed-11ea-86c8-ddd1c97766cd","items":[],"maxW":3,"minH":1,"moved":false,"name":"Attachments","static":false,"type":"","w":1,"x":2,"y":3},{"h":4,"i":"cfivtpimgp-33d953b0-912d-11ed-bc45-87c24de9d5e1","items":[],"maxW":3,"minH":1,"moved":false,"name":"ServiceNow Comments and Work Notes","query":{"categories":[],"notTags":[],"tags":["comments","work_notes","CommentFromServiceNow","WorkNoteFromServiceNow"]},"queryType":"warRoomFilter","static":false,"type":"invTimeline","w":2,"x":0,"y":3},{"displayType":"ROW","h":2,"hideName":false,"i":"cfivtpimgp-38689fd0-912d-11ed-bc45-87c24de9d5e1","items":[{"args":{"tag":{"simple":"comment"}},"buttonClass":"primary","endCol":2,"fieldId":"","height":44,"id":"50f39550-912d-11ed-bc45-87c24de9d5e1","index":0,"name":"Add Comments to ServiceNow Ticket","scriptId":"ServiceNowAddComment","sectionItemType":"button","startCol":0},{"args":{"tag":{"simple":"work_notes"}},"buttonClass":"warning","endCol":2,"fieldId":"","height":44,"id":"527dded0-912d-11ed-bc45-87c24de9d5e1","index":1,"name":"Add Work Note to ServiceNow Ticket","scriptId":"ServiceNowAddComment","sectionItemType":"button","startCol":0}],"maxW":3,"minH":1,"moved":false,"name":"Add Comments and Work Notes to ServiceNow","static":false,"w":1,"x":2,"y":5}],"type":"custom"},{"id":"warRoom","name":"War Room","type":"warRoom"},{"id":"workPlan","name":"Work Plan","type":"workPlan"},{"hidden":false,"id":"evidenceBoard","name":"Evidence Board","type":"evidenceBoard"},{"hidden":false,"id":"relatedIncidents","name":"Related Incidents","type":"relatedIncidents"},{"hidden":false,"id":"canvas","name":"Canvas","type":"canvas"}]},"group":"incident","id":"ServiceNow Create Ticket and Mirror","mobile":{"sections":[{"description":"","fields":[{"fieldId":"incident_type","isVisible":true},{"fieldId":"incident_severity","isVisible":true},{"fieldId":"incident_owner","isVisible":true},{"fieldId":"incident_dbotstatus","isVisible":true},{"fieldId":"incident_sourcebrand","isVisible":true},{"fieldId":"incident_sourceinstance","isVisible":true},{"fieldId":"incident_playbookid","isVisible":true},{"fieldId":"incident_phase","isVisible":true},{"fieldId":"incident_roles","isVisible":true}],"isVisible":true,"name":"Basic Information","query":null,"queryType":"","readOnly":false,"type":""},{"description":"","fields":[{"fieldId":"incident_occurred","isVisible":true},{"fieldId":"incident_dbotcreated","isVisible":true},{"fieldId":"incident_dbotduedate","isVisible":true},{"fieldId":"incident_dbotmodified","isVisible":true},{"fieldId":"incident_dbottotaltime","isVisible":true}],"isVisible":true,"name":"Timeline Information","query":null,"queryType":"","readOnly":false,"type":""},{"description":"","fields":[{"fieldId":"incident_agentid","isVisible":true},{"fieldId":"incident_app","isVisible":true},{"fieldId":"incident_assignmentgroup","isVisible":true},{"fieldId":"incident_caller","isVisible":true},{"fieldId":"incident_commandline","isVisible":true},{"fieldId":"incident_country","isVisible":true},{"fieldId":"incident_destinationhostname","isVisible":true},{"fieldId":"incident_destinationip","isVisible":true},{"fieldId":"incident_destinationnetwork","isVisible":true},{"fieldId":"incident_destinationport","isVisible":true},{"fieldId":"incident_detectionsla","isVisible":true},{"fieldId":"incident_detectionurl","isVisible":true},{"fieldId":"incident_devicehash","isVisible":true},{"fieldId":"incident_devicename","isVisible":true},{"fieldId":"incident_escalation","isVisible":true},{"fieldId":"incident_eventid","isVisible":true},{"fieldId":"incident_eventtype","isVisible":true},{"fieldId":"incident_filehash","isVisible":true},{"fieldId":"incident_filename","isVisible":true},{"fieldId":"incident_filepath","isVisible":true},{"fieldId":"incident_filesize","isVisible":true},{"fieldId":"incident_firstname","isVisible":true},{"fieldId":"incident_investigationstage","isVisible":true},{"fieldId":"incident_lastname","isVisible":true},{"fieldId":"incident_logsource","isVisible":true},{"fieldId":"incident_macaddress","isVisible":true},{"fieldId":"incident_mobiledevicemodel","isVisible":true},{"fieldId":"incident_os","isVisible":true},{"fieldId":"incident_osversion","isVisible":true},{"fieldId":"incident_phonenumber","isVisible":true},{"fieldId":"incident_pid","isVisible":true},{"fieldId":"incident_protocol","isVisible":true},{"fieldId":"incident_remediationsla","isVisible":true},{"fieldId":"incident_servicenowassignedto","isVisible":true},{"fieldId":"incident_servicenowassignmentgroup","isVisible":true},{"fieldId":"incident_servicenowcaller","isVisible":true},{"fieldId":"incident_servicenowcallerid","isVisible":true},{"fieldId":"incident_servicenowcategory","isVisible":true},{"fieldId":"incident_servicenowcloseddate","isVisible":true},{"fieldId":"incident_servicenowdescription","isVisible":true},{"fieldId":"incident_servicenowduedate","isVisible":true},{"fieldId":"incident_servicenowescalation","isVisible":true},{"fieldId":"incident_servicenowimpact","isVisible":true},{"fieldId":"incident_servicenownotify","isVisible":true},{"fieldId":"incident_servicenowopeneddate","isVisible":true},{"fieldId":"incident_servicenowpriority","isVisible":true},{"fieldId":"incident_servicenowresolutionnotes","isVisible":true},{"fieldId":"incident_servicenowresolvedtime","isVisible":true},{"fieldId":"incident_servicenowseverity","isVisible":true},{"fieldId":"incident_servicenowstate","isVisible":true},{"fieldId":"incident_servicenowticketnumber","isVisible":true},{"fieldId":"incident_servicenowurgency","isVisible":true},{"fieldId":"incident_sourcehostname","isVisible":true},{"fieldId":"incident_sourceip","isVisible":true},{"fieldId":"incident_sourcenetwork","isVisible":true},{"fieldId":"incident_sourceport","isVisible":true},{"fieldId":"incident_sourceusername","isVisible":true},{"fieldId":"incident_state","isVisible":true},{"fieldId":"incident_subcategory","isVisible":true},{"fieldId":"incident_tenantname","isVisible":true},{"fieldId":"incident_ticketcloseddate","isVisible":true},{"fieldId":"incident_ticketnumber","isVisible":true},{"fieldId":"incident_ticketopeneddate","isVisible":true},{"fieldId":"incident_timetoassignment","isVisible":true},{"fieldId":"incident_urlsslverification","isVisible":true},{"fieldId":"incident_useraccountcontrol","isVisible":true}],"isVisible":true,"name":"Custom Fields","query":null,"queryType":"","readOnly":false,"type":""},{"description":"","fields":[{"fieldId":"incident_labels","isVisible":true}],"isVisible":true,"name":"Labels","query":null,"queryType":"","readOnly":true,"type":"labels"}]},"name":"ServiceNow Create Ticket and Mirror","quickView":{"sections":[{"description":"","fields":[{"fieldId":"incident_type","isVisible":true},{"fieldId":"incident_severity","isVisible":true},{"fieldId":"incident_owner","isVisible":true},{"fieldId":"incident_dbotstatus","isVisible":true},{"fieldId":"incident_sourcebrand","isVisible":true},{"fieldId":"incident_sourceinstance","isVisible":true},{"fieldId":"incident_playbookid","isVisible":true},{"fieldId":"incident_phase","isVisible":true},{"fieldId":"incident_roles","isVisible":true}],"isVisible":true,"name":"Basic Information","query":null,"queryType":"","readOnly":false,"type":""},{"description":"","fields":[{"fieldId":"incident_occurred","isVisible":true},{"fieldId":"incident_dbotcreated","isVisible":true},{"fieldId":"incident_dbotduedate","isVisible":true},{"fieldId":"incident_dbotmodified","isVisible":true},{"fieldId":"incident_dbottotaltime","isVisible":true}],"isVisible":true,"name":"Timeline Information","query":null,"queryType":"","readOnly":false,"type":""},{"description":"","fields":[{"fieldId":"incident_agentid","isVisible":true},{"fieldId":"incident_app","isVisible":true},{"fieldId":"incident_assignmentgroup","isVisible":true},{"fieldId":"incident_caller","isVisible":true},{"fieldId":"incident_commandline","isVisible":true},{"fieldId":"incident_country","isVisible":true},{"fieldId":"incident_destinationhostname","isVisible":true},{"fieldId":"incident_destinationip","isVisible":true},{"fieldId":"incident_destinationnetwork","isVisible":true},{"fieldId":"incident_destinationport","isVisible":true},{"fieldId":"incident_detectionsla","isVisible":true},{"fieldId":"incident_detectionurl","isVisible":true},{"fieldId":"incident_devicehash","isVisible":true},{"fieldId":"incident_devicename","isVisible":true},{"fieldId":"incident_escalation","isVisible":true},{"fieldId":"incident_eventid","isVisible":true},{"fieldId":"incident_eventtype","isVisible":true},{"fieldId":"incident_filehash","isVisible":true},{"fieldId":"incident_filename","isVisible":true},{"fieldId":"incident_filepath","isVisible":true},{"fieldId":"incident_filesize","isVisible":true},{"fieldId":"incident_firstname","isVisible":true},{"fieldId":"incident_investigationstage","isVisible":true},{"fieldId":"incident_lastname","isVisible":true},{"fieldId":"incident_logsource","isVisible":true},{"fieldId":"incident_macaddress","isVisible":true},{"fieldId":"incident_mobiledevicemodel","isVisible":true},{"fieldId":"incident_os","isVisible":true},{"fieldId":"incident_osversion","isVisible":true},{"fieldId":"incident_phonenumber","isVisible":true},{"fieldId":"incident_pid","isVisible":true},{"fieldId":"incident_protocol","isVisible":true},{"fieldId":"incident_remediationsla","isVisible":true},{"fieldId":"incident_servicenowassignedto","isVisible":true},{"fieldId":"incident_servicenowassignmentgroup","isVisible":true},{"fieldId":"incident_servicenowcaller","isVisible":true},{"fieldId":"incident_servicenowcallerid","isVisible":true},{"fieldId":"incident_servicenowcategory","isVisible":true},{"fieldId":"incident_servicenowcloseddate","isVisible":true},{"fieldId":"incident_servicenowdescription","isVisible":true},{"fieldId":"incident_servicenowduedate","isVisible":true},{"fieldId":"incident_servicenowescalation","isVisible":true},{"fieldId":"incident_servicenowimpact","isVisible":true},{"fieldId":"incident_servicenownotify","isVisible":true},{"fieldId":"incident_servicenowopeneddate","isVisible":true},{"fieldId":"incident_servicenowpriority","isVisible":true},{"fieldId":"incident_servicenowresolutionnotes","isVisible":true},{"fieldId":"incident_servicenowresolvedtime","isVisible":true},{"fieldId":"incident_servicenowseverity","isVisible":true},{"fieldId":"incident_servicenowstate","isVisible":true},{"fieldId":"incident_servicenowticketnumber","isVisible":true},{"fieldId":"incident_servicenowurgency","isVisible":true},{"fieldId":"incident_sourcehostname","isVisible":true},{"fieldId":"incident_sourceip","isVisible":true},{"fieldId":"incident_sourcenetwork","isVisible":true},{"fieldId":"incident_sourceport","isVisible":true},{"fieldId":"incident_sourceusername","isVisible":true},{"fieldId":"incident_state","isVisible":true},{"fieldId":"incident_subcategory","isVisible":true},{"fieldId":"incident_tenantname","isVisible":true},{"fieldId":"incident_ticketcloseddate","isVisible":true},{"fieldId":"incident_ticketnumber","isVisible":true},{"fieldId":"incident_ticketopeneddate","isVisible":true},{"fieldId":"incident_timetoassignment","isVisible":true},{"fieldId":"incident_urlsslverification","isVisible":true},{"fieldId":"incident_useraccountcontrol","isVisible":true}],"isVisible":true,"name":"Custom Fields","query":null,"queryType":"","readOnly":false,"type":""},{"description":"","fields":[{"fieldId":"incident_labels","isVisible":true}],"isVisible":true,"name":"Labels","query":null,"queryType":"","readOnly":true,"type":"labels"}]},"system":false,"version":-1,"fromVersion":"6.0.0","description":"","marketplaces":["xsoar"],"fromServerVersion":"6.0.0","toServerVersion":"99.99.99"}