{"close":{"sections":[{"description":"","fields":[{"fieldId":"incident_closereason","isVisible":true},{"fieldId":"incident_closenotes","isVisible":true}],"isVisible":true,"name":"Basic Information","query":null,"queryType":"","readOnly":false,"type":""},{"description":"","isVisible":true,"name":"Custom Fields","query":null,"queryType":"","readOnly":false,"type":""}]},"detailsV2":{"tabs":[{"id":"caseinfoid","name":"SIR Incident Info","sections":[{"displayType":"ROW","h":2,"i":"caseinfoid-fce71720-98b0-11e9-97d7-ed26ef9e46c8","isVisible":true,"items":[{"endCol":2,"fieldId":"type","height":22,"id":"incident-type-field","index":0,"sectionItemType":"field","startCol":0},{"endCol":2,"fieldId":"severity","height":22,"id":"incident-severity-field","index":1,"sectionItemType":"field","startCol":0},{"endCol":2,"fieldId":"dbotsource","height":22,"id":"incident-source-field","index":2,"sectionItemType":"field","startCol":0},{"endCol":2,"fieldId":"sourcebrand","height":22,"id":"incident-sourceBrand-field","index":2,"sectionItemType":"field","startCol":0},{"endCol":2,"fieldId":"sourceinstance","height":22,"id":"incident-sourceInstance-field","index":3,"sectionItemType":"field","startCol":0},{"endCol":2,"fieldId":"playbookid","height":22,"id":"incident-playbookId-field","index":4,"sectionItemType":"field","startCol":0},{"endCol":2,"fieldId":"owner","height":22,"id":"incident-owner-field","index":5,"sectionItemType":"field","startCol":0}],"maxW":3,"minH":1,"moved":false,"name":"Case Details","static":false,"w":1,"x":0,"y":0},{"h":2,"i":"caseinfoid-61263cc0-98b1-11e9-97d7-ed26ef9e46c8","maxW":3,"minH":1,"moved":false,"name":"Notes","static":false,"type":"notes","w":1,"x":2,"y":0},{"displayType":"ROW","h":2,"i":"caseinfoid-6aabad20-98b1-11e9-97d7-ed26ef9e46c8","maxW":3,"minH":1,"moved":false,"name":"Work Plan","static":false,"type":"workplan","w":1,"x":1,"y":2},{"displayType":"ROW","h":2,"i":"caseinfoid-770ec200-98b1-11e9-97d7-ed26ef9e46c8","isVisible":true,"maxW":3,"minH":1,"moved":false,"name":"Linked Incidents","static":false,"type":"linkedIncidents","w":1,"x":1,"y":4},{"displayType":"ROW","h":2,"i":"caseinfoid-842632c0-98b1-11e9-97d7-ed26ef9e46c8","maxW":3,"minH":1,"moved":false,"name":"Child Incidents","static":false,"type":"childInv","w":1,"x":2,"y":4},{"displayType":"ROW","h":2,"i":"caseinfoid-4a31afa0-98ba-11e9-a519-93a53c759fe0","maxW":3,"minH":1,"moved":false,"name":"Evidence","static":false,"type":"evidence","w":1,"x":2,"y":2},{"displayType":"ROW","h":2,"hideName":false,"i":"caseinfoid-7717e580-9bed-11e9-9a3f-8b4b2158e260","maxW":3,"minH":1,"moved":false,"name":"Team Members","static":false,"type":"team","w":1,"x":2,"y":6},{"displayType":"ROW","h":2,"i":"caseinfoid-7ce69dd0-a07f-11e9-936c-5395a1acf11e","maxW":3,"minH":1,"moved":false,"name":"Indicators","query":"","queryType":"input","static":false,"type":"indicators","w":2,"x":0,"y":6},{"displayType":"CARD","h":2,"i":"caseinfoid-ac32f620-a0b0-11e9-b27f-13ae1773d289","items":[{"endCol":1,"fieldId":"occurred","height":53,"id":"incident-occurred-field","index":0,"sectionItemType":"field","startCol":0},{"endCol":1,"fieldId":"dbotmodified","height":53,"id":"incident-modified-field","index":1,"sectionItemType":"field","startCol":0},{"dropEffect":"move","endCol":1,"fieldId":"dbotduedate","height":53,"id":"incident-dueDate-field","index":2,"listId":"caseinfoid-ac32f620-a0b0-11e9-b27f-13ae1773d289","sectionItemType":"field","startCol":0},{"endCol":2,"fieldId":"dbotcreated","height":53,"id":"incident-created-field","index":0,"sectionItemType":"field","startCol":1},{"endCol":2,"fieldId":"dbotclosed","height":53,"id":"incident-closed-field","index":1,"sectionItemType":"field","startCol":1},{"dropEffect":"move","endCol":2,"fieldId":"servicenowduedate","height":53,"id":"edf976e0-7c5b-11ec-a763-73bcf9922af0","index":2,"listId":"caseinfoid-ac32f620-a0b0-11e9-b27f-13ae1773d289","sectionItemType":"field","startCol":1}],"maxW":3,"minH":1,"moved":false,"name":"Timeline Information","static":false,"w":1,"x":0,"y":2},{"displayType":"ROW","h":2,"i":"caseinfoid-88e6bf70-a0b1-11e9-b27f-13ae1773d289","isVisible":true,"items":[{"endCol":2,"fieldId":"dbotclosed","height":22,"id":"incident-dbotClosed-field","index":0,"sectionItemType":"field","startCol":0},{"endCol":2,"fieldId":"closereason","height":22,"id":"incident-closeReason-field","index":1,"sectionItemType":"field","startCol":0},{"endCol":2,"fieldId":"closenotes","height":44,"id":"incident-closeNotes-field","index":2,"sectionItemType":"field","startCol":0}],"maxW":3,"minH":1,"moved":false,"name":"Closing Information","static":false,"w":1,"x":0,"y":8},{"displayType":"CARD","h":2,"i":"caseinfoid-e54b1770-a0b1-11e9-b27f-13ae1773d289","isVisible":true,"items":[{"endCol":2,"fieldId":"details","height":22,"id":"incident-details-field","index":0,"sectionItemType":"field","startCol":0}],"maxW":3,"minH":1,"moved":false,"name":"Investigation Data","static":false,"w":1,"x":0,"y":4},{"displayType":"ROW","h":2,"hideName":false,"i":"caseinfoid-b0edc980-c9a2-11ea-9075-c575f8e27f6d","items":[{"endCol":2,"fieldId":"ticketnumber","height":22,"id":"a8ccd730-dbe2-11ea-85ad-19eb038846fa","index":0,"sectionItemType":"field","startCol":0},{"endCol":2,"fieldId":"caller","height":22,"id":"a4baf870-dbe2-11ea-85ad-19eb038846fa","index":1,"sectionItemType":"field","startCol":0},{"endCol":2,"fieldId":"ticketopeneddate","height":22,"id":"b1a84bf0-dbe2-11ea-85ad-19eb038846fa","index":2,"sectionItemType":"field","startCol":0},{"endCol":2,"fieldId":"ticketcloseddate","height":22,"id":"b9624b20-dbe2-11ea-85ad-19eb038846fa","index":3,"sectionItemType":"field","startCol":0},{"dropEffect":"move","endCol":2,"fieldId":"servicenowsircategory","height":22,"id":"a283d660-7c5b-11ec-a763-73bcf9922af0","index":4,"listId":"caseinfoid-b0edc980-c9a2-11ea-9075-c575f8e27f6d","sectionItemType":"field","startCol":0},{"endCol":2,"fieldId":"servicenowsirstate","height":22,"id":"13294830-7c3b-11ec-bfe1-5b922443e691","index":5,"sectionItemType":"field","startCol":0},{"endCol":2,"fieldId":"servicenowurgency","height":22,"id":"f9e5bfd0-c9a2-11ea-9075-c575f8e27f6d","index":6,"sectionItemType":"field","startCol":0},{"dropEffect":"move","endCol":2,"fieldId":"servicenowticketid","height":22,"id":"270d2b40-34a7-11ec-909f-631d034070e5","index":7,"listId":"caseinfoid-b0edc980-c9a2-11ea-9075-c575f8e27f6d","sectionItemType":"field","startCol":0}],"maxW":3,"minH":1,"moved":false,"name":"SIR Incident Info","static":false,"w":1,"x":1,"y":0}],"type":"custom"},{"hidden":false,"id":"yyrfzsc55n","name":"ServiceNow SIR Incident","sections":[{"displayType":"ROW","h":2,"hideName":false,"i":"caseinfoid-yyrfzsc55n-b2233ec0-c0fb-11ea-accc-fd9ce33531e5","items":[{"endCol":2,"fieldId":"ticketnumber","height":22,"id":"b950b560-c0fb-11ea-accc-fd9ce33531e5","index":0,"sectionItemType":"field","startCol":0},{"endCol":2,"fieldId":"servicenowpriority","height":22,"id":"730d86e0-c9a3-11ea-9075-c575f8e27f6d","index":1,"sectionItemType":"field","startCol":0},{"endCol":2,"fieldId":"servicenowurgency","height":22,"id":"7d98a770-c9a3-11ea-9075-c575f8e27f6d","index":2,"sectionItemType":"field","startCol":0},{"endCol":2,"fieldId":"servicenowimpact","height":22,"id":"75d09e80-c9a3-11ea-9075-c575f8e27f6d","index":3,"sectionItemType":"field","startCol":0},{"endCol":2,"fieldId":"servicenowsirstate","height":22,"id":"ae65a8f0-7c3d-11ec-bfe1-5b922443e691","index":4,"sectionItemType":"field","startCol":0},{"endCol":2,"fieldId":"servicenowattackvector","height":22,"id":"b3534610-7c5b-11ec-a763-73bcf9922af0","index":5,"sectionItemType":"field","startCol":0}],"maxW":3,"minH":1,"moved":false,"name":"SIR Incident Status","static":false,"w":1,"x":1,"y":1},{"description":"","displayType":"ROW","h":2,"hideName":false,"i":"caseinfoid-yyrfzsc55n-c526fba0-c9a3-11ea-9075-c575f8e27f6d","items":[{"dropEffect":"move","endCol":2,"fieldId":"servicenowduedate","height":22,"id":"f03d1a90-c9a3-11ea-9075-c575f8e27f6d","index":1,"listId":"yyrfzsc55n-c526fba0-c9a3-11ea-9075-c575f8e27f6d","sectionItemType":"field","startCol":0},{"endCol":2,"fieldId":"servicenownotify","height":22,"id":"ba4863e0-c9a3-11ea-9075-c575f8e27f6d","index":2,"sectionItemType":"field","startCol":0},{"endCol":2,"fieldId":"escalation","height":22,"id":"ec9522b0-dbe2-11ea-85ad-19eb038846fa","index":3,"sectionItemType":"field","startCol":0}],"maxW":3,"minH":1,"moved":false,"name":"SIR Incident Handling","static":false,"w":1,"x":2,"y":1},{"displayType":"ROW","h":2,"hideName":false,"i":"caseinfoid-yyrfzsc55n-0a7a7b00-c9a4-11ea-9075-c575f8e27f6d","items":[{"dropEffect":"move","endCol":2,"fieldId":"closenotes","height":44,"id":"3fe20e60-dbe3-11ea-85ad-19eb038846fa","index":0,"listId":"yyrfzsc55n-0a7a7b00-c9a4-11ea-9075-c575f8e27f6d","sectionItemType":"field","startCol":0},{"endCol":2,"fieldId":"ticketcloseddate","height":22,"id":"2b0ca6d0-dbe3-11ea-85ad-19eb038846fa","index":1,"sectionItemType":"field","startCol":0},{"endCol":2,"fieldId":"servicenowresolvedtime","height":22,"id":"120c31b0-c9a4-11ea-9075-c575f8e27f6d","index":2,"sectionItemType":"field","startCol":0}],"maxW":3,"minH":1,"moved":false,"name":"SIR Incident Closing Information","static":false,"w":1,"x":2,"y":5},{"h":1,"i":"caseinfoid-yyrfzsc55n-2d809550-f774-11ea-ba58-0ba474d6bf41","items":[],"maxW":3,"minH":1,"moved":false,"name":"ServiceNow SIR Incident Status","query":"ServiceNowIncidentStatus","queryType":"script","static":false,"type":"dynamic","w":3,"x":0,"y":0},{"displayType":"CARD","h":2,"hideItemTitleOnlyOne":true,"i":"caseinfoid-yyrfzsc55n-a8816220-f774-11ea-ba58-0ba474d6bf41","items":[{"endCol":2,"fieldId":"incident_attachment","height":53,"id":"a81fba21-f774-11ea-ba58-0ba474d6bf41","index":0,"isVisible":true,"sectionItemType":"field","startCol":0}],"maxW":3,"minH":1,"moved":false,"name":"Attachments","static":false,"type":"","w":1,"x":2,"y":7},{"displayType":"ROW","h":2,"hideName":false,"i":"caseinfoid-yyrfzsc55n-cdc358e0-f774-11ea-ba58-0ba474d6bf41","items":[{"dropEffect":"move","endCol":2,"fieldId":"servicenowassignedto","height":22,"id":"9f735750-c9a3-11ea-9075-c575f8e27f6d","index":0,"listId":"caseinfoid-yyrfzsc55n-cdc358e0-f774-11ea-ba58-0ba474d6bf41","sectionItemType":"field","startCol":0},{"endCol":2,"fieldId":"servicenowsircategory","height":22,"id":"abcc64d0-7c5b-11ec-a763-73bcf9922af0","index":1,"sectionItemType":"field","startCol":0},{"endCol":2,"fieldId":"servicenowcategory","height":22,"id":"a35ffad0-c9a3-11ea-9075-c575f8e27f6d","index":2,"sectionItemType":"field","startCol":0},{"dropEffect":"move","endCol":2,"fieldId":"subcategory","height":22,"id":"ae9230d0-c9a3-11ea-9075-c575f8e27f6d","index":3,"listId":"caseinfoid-yyrfzsc55n-cdc358e0-f774-11ea-ba58-0ba474d6bf41","sectionItemType":"field","startCol":0},{"dropEffect":"move","endCol":2,"fieldId":"assignmentgroup","height":22,"id":"dd343720-dbe2-11ea-85ad-19eb038846fa","index":4,"listId":"caseinfoid-yyrfzsc55n-cdc358e0-f774-11ea-ba58-0ba474d6bf41","sectionItemType":"field","startCol":0},{"endCol":2,"fieldId":"ticketopeneddate","height":22,"id":"f7060480-dbe2-11ea-85ad-19eb038846fa","index":5,"sectionItemType":"field","startCol":0}],"maxW":3,"minH":1,"moved":false,"name":"SIR Incident Info","static":false,"w":1,"x":0,"y":1},{"h":6,"i":"caseinfoid-e60e7890-912c-11ed-bc45-87c24de9d5e1","items":[],"maxW":3,"minH":1,"moved":false,"name":"ServiceNow Comments and Work Notes","query":{"categories":[],"notTags":[],"tags":["comments","work_notes","CommentFromServiceNow","WorkNoteFromServiceNow"]},"queryType":"warRoomFilter","static":false,"type":"invTimeline","w":2,"x":0,"y":3},{"displayType":"ROW","h":2,"hideName":false,"i":"caseinfoid-fa5e8380-912c-11ed-bc45-87c24de9d5e1","items":[{"args":{"tag":{"simple":"comment"}},"buttonClass":"primary","endCol":2,"fieldId":"","height":44,"id":"02e68110-912d-11ed-bc45-87c24de9d5e1","index":0,"name":"Add Comment to ServiceNow Ticket","scriptId":"ServiceNowAddComment","sectionItemType":"button","startCol":0},{"args":{"tag":{"simple":"work_notes"}},"buttonClass":"warning","endCol":2,"fieldId":"","height":22,"id":"041b3080-912d-11ed-bc45-87c24de9d5e1","index":1,"name":"Add Work Note to ServiceNow Ticket","scriptId":"ServiceNowAddComment","sectionItemType":"button","startCol":0}],"maxW":3,"minH":1,"moved":false,"name":"New Section","static":false,"w":1,"x":2,"y":3}],"type":"custom"},{"id":"warRoom","name":"War Room","type":"warRoom"},{"id":"workPlan","name":"Work Plan","type":"workPlan"},{"id":"evidenceBoard","name":"Evidence Board","type":"evidenceBoard"},{"id":"relatedIncidents","name":"Related Incidents","type":"relatedIncidents"},{"id":"canvas","name":"Canvas","type":"canvas"}]},"edit":{"sections":[{"description":"","fields":[{"fieldId":"incident_name","isVisible":true},{"fieldId":"incident_occurred","isVisible":true},{"fieldId":"incident_reminder","isVisible":true},{"fieldId":"incident_owner","isVisible":true},{"fieldId":"incident_roles","isVisible":true},{"fieldId":"incident_type","isVisible":true},{"fieldId":"incident_severity","isVisible":true},{"fieldId":"incident_playbookid","isVisible":true},{"fieldId":"incident_labels","isVisible":true},{"fieldId":"incident_phase","isVisible":true},{"fieldId":"incident_details","isVisible":true},{"fieldId":"incident_attachment","isVisible":true}],"isVisible":true,"name":"Basic Information","query":null,"queryType":"","readOnly":false,"type":""},{"description":"","fields":[{"fieldId":"incident_agentid","isVisible":true},{"fieldId":"incident_agentsid","isVisible":true},{"fieldId":"incident_agentversion","isVisible":true},{"fieldId":"incident_alertcategory","isVisible":true},{"fieldId":"incident_alertid","isVisible":true},{"fieldId":"incident_alertname","isVisible":true},{"fieldId":"incident_alertsource","isVisible":true},{"fieldId":"incident_alerttypeid","isVisible":true},{"fieldId":"incident_app","isVisible":true},{"fieldId":"incident_appchannelname","isVisible":true},{"fieldId":"incident_appmessage","isVisible":true},{"fieldId":"incident_assigneduser","isVisible":true},{"fieldId":"incident_assignmentgroup","isVisible":true},{"fieldId":"incident_caller","isVisible":true},{"fieldId":"incident_categories","isVisible":true},{"fieldId":"incident_changed","isVisible":true},{"fieldId":"incident_childprocess","isVisible":true},{"fieldId":"incident_classification","isVisible":true},{"fieldId":"incident_cloudinstanceid","isVisible":true},{"fieldId":"incident_cmd","isVisible":true},{"fieldId":"incident_cmdline","isVisible":true},{"fieldId":"incident_commandline","isVisible":true},{"fieldId":"incident_comment","isVisible":true},{"fieldId":"incident_country","isVisible":true},{"fieldId":"incident_countrycode","isVisible":true},{"fieldId":"incident_countrycodenumber","isVisible":true},{"fieldId":"incident_description","isVisible":true},{"fieldId":"incident_destinationhostname","isVisible":true},{"fieldId":"incident_destinationip","isVisible":true},{"fieldId":"incident_destinationnetwork","isVisible":true},{"fieldId":"incident_destinationport","isVisible":true},{"fieldId":"incident_detectedendpoints","isVisible":true},{"fieldId":"incident_detectedips","isVisible":true},{"fieldId":"incident_detecteduser","isVisible":true},{"fieldId":"incident_detectionurl","isVisible":true},{"fieldId":"incident_deviceexternalip","isVisible":true},{"fieldId":"incident_devicehash","isVisible":true},{"fieldId":"incident_deviceid","isVisible":true},{"fieldId":"incident_devicelocalip","isVisible":true},{"fieldId":"incident_devicemodel","isVisible":true},{"fieldId":"incident_devicename","isVisible":true},{"fieldId":"incident_deviceusername","isVisible":true},{"fieldId":"incident_dsts","isVisible":true},{"fieldId":"incident_endpoint","isVisible":true},{"fieldId":"incident_escalation","isVisible":true},{"fieldId":"incident_eventid","isVisible":true},{"fieldId":"incident_eventtype","isVisible":true},{"fieldId":"incident_filehash","isVisible":true},{"fieldId":"incident_filemd5","isVisible":true},{"fieldId":"incident_filename","isVisible":true},{"fieldId":"incident_filenames","isVisible":true},{"fieldId":"incident_filepath","isVisible":true},{"fieldId":"incident_filepaths","isVisible":true},{"fieldId":"incident_filesha1","isVisible":true},{"fieldId":"incident_filesha256","isVisible":true},{"fieldId":"incident_filesize","isVisible":true},{"fieldId":"incident_firstname","isVisible":true},{"fieldId":"incident_hostnames","isVisible":true},{"fieldId":"incident_incidentlink","isVisible":true},{"fieldId":"incident_incomingmirrorerror","isVisible":true},{"fieldId":"incident_investigationstage","isVisible":true},{"fieldId":"incident_isactive","isVisible":true},{"fieldId":"incident_lastname","isVisible":true},{"fieldId":"incident_logsource","isVisible":true},{"fieldId":"incident_lowlevelcategoriesevents","isVisible":true},{"fieldId":"incident_macaddress","isVisible":true},{"fieldId":"incident_md5","isVisible":true},{"fieldId":"incident_mobiledevicemodel","isVisible":true},{"fieldId":"incident_objective","isVisible":true},{"fieldId":"incident_orglevel1","isVisible":true},{"fieldId":"incident_orglevel2","isVisible":true},{"fieldId":"incident_orglevel3","isVisible":true},{"fieldId":"incident_orgunit","isVisible":true},{"fieldId":"incident_os","isVisible":true},{"fieldId":"incident_osversion","isVisible":true},{"fieldId":"incident_outgoingmirrorerror","isVisible":true},{"fieldId":"incident_parentcmdline","isVisible":true},{"fieldId":"incident_parentprocess","isVisible":true},{"fieldId":"incident_phonenumber","isVisible":true},{"fieldId":"incident_pid","isVisible":true},{"fieldId":"incident_processname","isVisible":true},{"fieldId":"incident_processpath","isVisible":true},{"fieldId":"incident_protocol","isVisible":true},{"fieldId":"incident_rulename","isVisible":true},{"fieldId":"incident_scenario","isVisible":true},{"fieldId":"incident_servicenowassignedto","isVisible":true},{"fieldId":"incident_servicenowassignmentgroup","isVisible":true},{"fieldId":"incident_servicenowcaller","isVisible":true},{"fieldId":"incident_servicenowcallerid","isVisible":true},{"fieldId":"incident_servicenowcategory","isVisible":true},{"fieldId":"incident_servicenowclosedby","isVisible":true},{"fieldId":"incident_servicenowcloseddate","isVisible":true},{"fieldId":"incident_servicenowdescription","isVisible":true},{"fieldId":"incident_servicenowduedate","isVisible":true},{"fieldId":"incident_servicenowescalation","isVisible":true},{"fieldId":"incident_servicenowimpact","isVisible":true},{"fieldId":"incident_servicenownotify","isVisible":true},{"fieldId":"incident_servicenowopeneddate","isVisible":true},{"fieldId":"incident_servicenowpriority","isVisible":true},{"fieldId":"incident_servicenowresolutioncode","isVisible":true},{"fieldId":"incident_servicenowresolutionnotes","isVisible":true},{"fieldId":"incident_servicenowresolvedtime","isVisible":true},{"fieldId":"incident_servicenowseverity","isVisible":true},{"fieldId":"incident_servicenowsirstate","isVisible":true},{"fieldId":"incident_servicenowstate","isVisible":true},{"fieldId":"incident_servicenowticketnumber","isVisible":true},{"fieldId":"incident_servicenowurgency","isVisible":true},{"fieldId":"incident_sha1","isVisible":true},{"fieldId":"incident_sha256","isVisible":true},{"fieldId":"incident_sha512","isVisible":true},{"fieldId":"incident_similarincidents","isVisible":true},{"fieldId":"incident_similarincidentsdbot","isVisible":true},{"fieldId":"incident_sourcehostname","isVisible":true},{"fieldId":"incident_sourceip","isVisible":true},{"fieldId":"incident_sourcenetwork","isVisible":true},{"fieldId":"incident_sourceport","isVisible":true},{"fieldId":"incident_sourcepriority","isVisible":true},{"fieldId":"incident_sourcestatus","isVisible":true},{"fieldId":"incident_sourceusername","isVisible":true},{"fieldId":"incident_srcs","isVisible":true},{"fieldId":"incident_state","isVisible":true},{"fieldId":"incident_subcategory","isVisible":true},{"fieldId":"incident_tactic","isVisible":true},{"fieldId":"incident_tacticid","isVisible":true},{"fieldId":"incident_tags","isVisible":true},{"fieldId":"incident_teamname","isVisible":true},{"fieldId":"incident_technique","isVisible":true},{"fieldId":"incident_techniqueid","isVisible":true},{"fieldId":"incident_tenantname","isVisible":true},{"fieldId":"incident_threatfamilyname","isVisible":true},{"fieldId":"incident_threathuntingdetectedhostnames","isVisible":true},{"fieldId":"incident_threathuntingdetectedip","isVisible":true},{"fieldId":"incident_threatname","isVisible":true},{"fieldId":"incident_ticketacknowledgeddate","isVisible":true},{"fieldId":"incident_ticketcloseddate","isVisible":true},{"fieldId":"incident_ticketnumber","isVisible":true},{"fieldId":"incident_ticketopeneddate","isVisible":true},{"fieldId":"incident_urlsslverification","isVisible":true},{"fieldId":"incident_usecasedescription","isVisible":true},{"fieldId":"incident_useraccountcontrol","isVisible":true},{"fieldId":"incident_users","isVisible":true}],"isVisible":true,"name":"Custom Fields","query":null,"queryType":"","readOnly":false,"type":""}]},"group":"incident","id":"ServiceNow SIR Incident","name":"ServiceNow SIR Incident","quickView":{"sections":[{"description":"","fields":[{"fieldId":"incident_name","isVisible":true},{"fieldId":"incident_type","isVisible":true},{"fieldId":"incident_details","isVisible":true}],"isVisible":true,"name":"Basic Information","query":null,"queryType":"","readOnly":false,"type":""},{"description":"","fields":[{"fieldId":"incident_occurred","isVisible":true},{"fieldId":"incident_dbotcreated","isVisible":true},{"fieldId":"incident_dbotduedate","isVisible":true},{"fieldId":"incident_dbotmodified","isVisible":true},{"fieldId":"incident_dbottotaltime","isVisible":true}],"isVisible":true,"name":"Timeline Information","query":null,"queryType":"","readOnly":false,"type":""},{"description":"","fields":[{"fieldId":"incident_agentid","isVisible":true},{"fieldId":"incident_agentsid","isVisible":true},{"fieldId":"incident_agentversion","isVisible":true},{"fieldId":"incident_alertcategory","isVisible":true},{"fieldId":"incident_alertid","isVisible":true},{"fieldId":"incident_alertname","isVisible":true},{"fieldId":"incident_alertsource","isVisible":true},{"fieldId":"incident_alerttypeid","isVisible":true},{"fieldId":"incident_app","isVisible":true},{"fieldId":"incident_appchannelname","isVisible":true},{"fieldId":"incident_appmessage","isVisible":true},{"fieldId":"incident_assigneduser","isVisible":true},{"fieldId":"incident_assignmentgroup","isVisible":true},{"fieldId":"incident_caller","isVisible":true},{"fieldId":"incident_categories","isVisible":true},{"fieldId":"incident_changed","isVisible":true},{"fieldId":"incident_childprocess","isVisible":true},{"fieldId":"incident_classification","isVisible":true},{"fieldId":"incident_cloudinstanceid","isVisible":true},{"fieldId":"incident_cmd","isVisible":true},{"fieldId":"incident_cmdline","isVisible":true},{"fieldId":"incident_commandline","isVisible":true},{"fieldId":"incident_comment","isVisible":true},{"fieldId":"incident_country","isVisible":true},{"fieldId":"incident_countrycode","isVisible":true},{"fieldId":"incident_countrycodenumber","isVisible":true},{"fieldId":"incident_description","isVisible":true},{"fieldId":"incident_destinationhostname","isVisible":true},{"fieldId":"incident_destinationip","isVisible":true},{"fieldId":"incident_destinationnetwork","isVisible":true},{"fieldId":"incident_destinationport","isVisible":true},{"fieldId":"incident_detectedendpoints","isVisible":true},{"fieldId":"incident_detectedips","isVisible":true},{"fieldId":"incident_detecteduser","isVisible":true},{"fieldId":"incident_detectionsla","isVisible":true},{"fieldId":"incident_detectionurl","isVisible":true},{"fieldId":"incident_deviceexternalip","isVisible":true},{"fieldId":"incident_devicehash","isVisible":true},{"fieldId":"incident_deviceid","isVisible":true},{"fieldId":"incident_devicelocalip","isVisible":true},{"fieldId":"incident_devicemodel","isVisible":true},{"fieldId":"incident_devicename","isVisible":true},{"fieldId":"incident_deviceusername","isVisible":true},{"fieldId":"incident_dsts","isVisible":true},{"fieldId":"incident_endpoint","isVisible":true},{"fieldId":"incident_escalation","isVisible":true},{"fieldId":"incident_eventid","isVisible":true},{"fieldId":"incident_eventtype","isVisible":true},{"fieldId":"incident_filehash","isVisible":true},{"fieldId":"incident_filemd5","isVisible":true},{"fieldId":"incident_filename","isVisible":true},{"fieldId":"incident_filenames","isVisible":true},{"fieldId":"incident_filepath","isVisible":true},{"fieldId":"incident_filepaths","isVisible":true},{"fieldId":"incident_filesha1","isVisible":true},{"fieldId":"incident_filesha256","isVisible":true},{"fieldId":"incident_filesize","isVisible":true},{"fieldId":"incident_firstname","isVisible":true},{"fieldId":"incident_hostnames","isVisible":true},{"fieldId":"incident_incidentlink","isVisible":true},{"fieldId":"incident_incomingmirrorerror","isVisible":true},{"fieldId":"incident_investigationstage","isVisible":true},{"fieldId":"incident_isactive","isVisible":true},{"fieldId":"incident_lastname","isVisible":true},{"fieldId":"incident_logsource","isVisible":true},{"fieldId":"incident_lowlevelcategoriesevents","isVisible":true},{"fieldId":"incident_macaddress","isVisible":true},{"fieldId":"incident_md5","isVisible":true},{"fieldId":"incident_mobiledevicemodel","isVisible":true},{"fieldId":"incident_objective","isVisible":true},{"fieldId":"incident_orglevel1","isVisible":true},{"fieldId":"incident_orglevel2","isVisible":true},{"fieldId":"incident_orglevel3","isVisible":true},{"fieldId":"incident_orgunit","isVisible":true},{"fieldId":"incident_os","isVisible":true},{"fieldId":"incident_osversion","isVisible":true},{"fieldId":"incident_outgoingmirrorerror","isVisible":true},{"fieldId":"incident_parentcmdline","isVisible":true},{"fieldId":"incident_parentprocess","isVisible":true},{"fieldId":"incident_phonenumber","isVisible":true},{"fieldId":"incident_pid","isVisible":true},{"fieldId":"incident_processname","isVisible":true},{"fieldId":"incident_processpath","isVisible":true},{"fieldId":"incident_protocol","isVisible":true},{"fieldId":"incident_remediationsla","isVisible":true},{"fieldId":"incident_rulename","isVisible":true},{"fieldId":"incident_scenario","isVisible":true},{"fieldId":"incident_servicenowassignedto","isVisible":true},{"fieldId":"incident_servicenowassignmentgroup","isVisible":true},{"fieldId":"incident_servicenowcaller","isVisible":true},{"fieldId":"incident_servicenowcallerid","isVisible":true},{"fieldId":"incident_servicenowcategory","isVisible":true},{"fieldId":"incident_servicenowclosedby","isVisible":true},{"fieldId":"incident_servicenowcloseddate","isVisible":true},{"fieldId":"incident_servicenowdescription","isVisible":true},{"fieldId":"incident_servicenowduedate","isVisible":true},{"fieldId":"incident_servicenowescalation","isVisible":true},{"fieldId":"incident_servicenowimpact","isVisible":true},{"fieldId":"incident_servicenownotify","isVisible":true},{"fieldId":"incident_servicenowopeneddate","isVisible":true},{"fieldId":"incident_servicenowpriority","isVisible":true},{"fieldId":"incident_servicenowresolutioncode","isVisible":true},{"fieldId":"incident_servicenowresolutionnotes","isVisible":true},{"fieldId":"incident_servicenowresolvedtime","isVisible":true},{"fieldId":"incident_servicenowseverity","isVisible":true},{"fieldId":"incident_servicenowsirstate","isVisible":true},{"fieldId":"incident_servicenowstate","isVisible":true},{"fieldId":"incident_servicenowticketnumber","isVisible":true},{"fieldId":"incident_servicenowurgency","isVisible":true},{"fieldId":"incident_sha1","isVisible":true},{"fieldId":"incident_sha256","isVisible":true},{"fieldId":"incident_sha512","isVisible":true},{"fieldId":"incident_similarincidents","isVisible":true},{"fieldId":"incident_similarincidentsdbot","isVisible":true},{"fieldId":"incident_sourcehostname","isVisible":true},{"fieldId":"incident_sourceip","isVisible":true},{"fieldId":"incident_sourcenetwork","isVisible":true},{"fieldId":"incident_sourceport","isVisible":true},{"fieldId":"incident_sourcepriority","isVisible":true},{"fieldId":"incident_sourcestatus","isVisible":true},{"fieldId":"incident_sourceusername","isVisible":true},{"fieldId":"incident_srcs","isVisible":true},{"fieldId":"incident_state","isVisible":true},{"fieldId":"incident_subcategory","isVisible":true},{"fieldId":"incident_tactic","isVisible":true},{"fieldId":"incident_tacticid","isVisible":true},{"fieldId":"incident_tags","isVisible":true},{"fieldId":"incident_teamname","isVisible":true},{"fieldId":"incident_technique","isVisible":true},{"fieldId":"incident_techniqueid","isVisible":true},{"fieldId":"incident_tenantname","isVisible":true},{"fieldId":"incident_threatfamilyname","isVisible":true},{"fieldId":"incident_threathuntingdetectedhostnames","isVisible":true},{"fieldId":"incident_threathuntingdetectedip","isVisible":true},{"fieldId":"incident_threatname","isVisible":true},{"fieldId":"incident_ticketacknowledgeddate","isVisible":true},{"fieldId":"incident_ticketcloseddate","isVisible":true},{"fieldId":"incident_ticketnumber","isVisible":true},{"fieldId":"incident_ticketopeneddate","isVisible":true},{"fieldId":"incident_timetoassignment","isVisible":true},{"fieldId":"incident_urlsslverification","isVisible":true},{"fieldId":"incident_usecasedescription","isVisible":true},{"fieldId":"incident_useraccountcontrol","isVisible":true},{"fieldId":"incident_users","isVisible":true},{"fieldId":"incident_servicenowsirstate","isVisible":true}],"isVisible":true,"name":"Custom Fields","query":null,"queryType":"","readOnly":false,"type":""},{"description":"","fields":[{"fieldId":"incident_labels","isVisible":true}],"isVisible":true,"name":"Labels","query":null,"queryType":"","readOnly":true,"type":"labels"}]},"system":false,"version":-1,"fromVersion":"6.0.0","description":"","marketplaces":["xsoar"],"fromServerVersion":"6.0.0","toServerVersion":"99.99.99"}