{"detailsV2":{"tabs":[{"id":"summary","name":"Legacy Summary","type":"summary"},{"id":"caseinfoid","name":"Incident Info","sections":[{"displayType":"ROW","h":2,"i":"caseinfoid-fce71720-98b0-11e9-97d7-ed26ef9e46c8","isVisible":true,"items":[{"endCol":2,"fieldId":"type","height":22,"id":"incident-type-field","index":0,"sectionItemType":"field","startCol":0},{"endCol":2,"fieldId":"severity","height":22,"id":"incident-severity-field","index":1,"sectionItemType":"field","startCol":0},{"endCol":2,"fieldId":"owner","height":22,"id":"incident-owner-field","index":2,"sectionItemType":"field","startCol":0},{"endCol":2,"fieldId":"sourcebrand","height":22,"id":"incident-sourceBrand-field","index":4,"sectionItemType":"field","startCol":0},{"endCol":2,"fieldId":"sourceinstance","height":22,"id":"incident-sourceInstance-field","index":5,"sectionItemType":"field","startCol":0},{"endCol":2,"fieldId":"playbookid","height":22,"id":"incident-playbookId-field","index":6,"sectionItemType":"field","startCol":0}],"maxW":3,"name":"Case Details","w":1,"x":0,"y":0},{"h":2,"i":"caseinfoid-61263cc0-98b1-11e9-97d7-ed26ef9e46c8","maxW":3,"name":"Notes","type":"notes","w":1,"x":2,"y":0},{"displayType":"ROW","h":2,"i":"caseinfoid-6aabad20-98b1-11e9-97d7-ed26ef9e46c8","maxW":3,"name":"Work Plan","type":"workplan","w":1,"x":1,"y":0},{"displayType":"ROW","h":2,"i":"caseinfoid-770ec200-98b1-11e9-97d7-ed26ef9e46c8","isVisible":true,"maxW":3,"name":"Linked Incidents","type":"linkedIncidents","w":1,"x":1,"y":6},{"displayType":"ROW","h":2,"i":"caseinfoid-842632c0-98b1-11e9-97d7-ed26ef9e46c8","maxW":3,"name":"Child Incidents","type":"childInv","w":1,"x":2,"y":4},{"displayType":"ROW","h":2,"i":"caseinfoid-4a31afa0-98ba-11e9-a519-93a53c759fe0","maxW":3,"name":"Evidence","type":"evidence","w":1,"x":2,"y":2},{"displayType":"ROW","h":2,"hideName":false,"i":"caseinfoid-7717e580-9bed-11e9-9a3f-8b4b2158e260","maxW":3,"name":"Team Members","type":"team","w":1,"x":2,"y":6},{"displayType":"ROW","h":2,"i":"caseinfoid-7ce69dd0-a07f-11e9-936c-5395a1acf11e","maxW":3,"name":"Indicators","query":"","queryType":"input","type":"indicators","w":2,"x":0,"y":4},{"displayType":"CARD","h":2,"i":"caseinfoid-ac32f620-a0b0-11e9-b27f-13ae1773d289","items":[{"endCol":1,"fieldId":"occurred","height":22,"id":"incident-occurred-field","index":0,"sectionItemType":"field","startCol":0},{"endCol":1,"fieldId":"dbotmodified","height":22,"id":"incident-modified-field","index":1,"sectionItemType":"field","startCol":0},{"endCol":2,"fieldId":"dbotduedate","height":22,"id":"incident-dueDate-field","index":2,"sectionItemType":"field","startCol":0},{"endCol":2,"fieldId":"dbotcreated","height":22,"id":"incident-created-field","index":0,"sectionItemType":"field","startCol":1},{"endCol":2,"fieldId":"dbotclosed","height":22,"id":"incident-closed-field","index":1,"sectionItemType":"field","startCol":1}],"maxW":3,"name":"Timeline Information","w":1,"x":0,"y":2},{"displayType":"ROW","h":2,"i":"caseinfoid-88e6bf70-a0b1-11e9-b27f-13ae1773d289","isVisible":true,"items":[{"endCol":2,"fieldId":"dbotclosed","height":22,"id":"incident-dbotClosed-field","index":0,"sectionItemType":"field","startCol":0},{"endCol":2,"fieldId":"closereason","height":22,"id":"incident-closeReason-field","index":1,"sectionItemType":"field","startCol":0},{"endCol":2,"fieldId":"closenotes","height":22,"id":"incident-closeNotes-field","index":2,"sectionItemType":"field","startCol":0}],"maxW":3,"name":"Closing Information","w":1,"x":0,"y":6},{"displayType":"CARD","h":2,"i":"caseinfoid-e54b1770-a0b1-11e9-b27f-13ae1773d289","isVisible":true,"items":[{"endCol":2,"fieldId":"details","height":22,"id":"incident-details-field","index":0,"sectionItemType":"field","startCol":0}],"maxW":3,"name":"Investigation Data","w":1,"x":1,"y":2}],"type":"custom"},{"filters":[[{"id":0,"ignoreCase":false,"left":{"isContext":true,"value":{"simple":"externalcategoryname"}},"operator":"containsGeneral","right":{"isContext":false,"value":{"simple":"detection"}},"type":"multiSelect"},[{"ignoreCase":false,"left":{"isContext":true,"value":{"simple":"mitretechniqueid"}},"operator":"containsString","right":{"isContext":false,"value":{"simple":"1059"}},"type":"multiSelect"}]]],"hidden":false,"id":"tulrxqmftr","name":"Investigation","sections":[{"displayType":"ROW","h":3,"hideName":false,"i":"tulrxqmftr-a419150a-50a8-42a7-b7cf-71ebcd864c12","items":[{"endCol":2,"fieldId":"filenames","height":26,"id":"1d5b6ff4-8ef8-4628-9ecf-c916c0b5dab4","index":0,"sectionItemType":"field","startCol":0},{"endCol":2,"fieldId":"filepaths","height":26,"id":"ba0795f3-f7f9-4e01-93eb-ba54a7e330ea","index":1,"sectionItemType":"field","startCol":0},{"endCol":2,"fieldId":"processcmd","height":26,"id":"0839247f-478c-4dd6-9585-5294a9f2844b","index":2,"sectionItemType":"field","startCol":0},{"dropEffect":"move","endCol":2,"fieldId":"processid","height":26,"id":"e0b9b22d-6931-4c39-b19b-384111c3249a","index":3,"listId":"tulrxqmftr-a419150a-50a8-42a7-b7cf-71ebcd864c12","sectionItemType":"field","startCol":0},{"endCol":2,"fieldId":"processmd5","height":26,"id":"9078cb1d-1ad9-4e4a-9dd1-0dabbbaebed5","index":4,"sectionItemType":"field","startCol":0},{"endCol":2,"fieldId":"processsha256","height":26,"id":"02f81a84-11d7-4072-987d-2995325daae4","index":5,"sectionItemType":"field","startCol":0}],"maxW":3,"minH":1,"moved":false,"name":"Process Information ","static":false,"w":1,"x":0,"y":0},{"h":4,"i":"tulrxqmftr-dea11965-05b6-4e56-a8b3-d2b9c8dfe7ce","items":[],"maxW":3,"minH":1,"moved":false,"name":"Policy Actions","query":"cspresentpolicyactions","queryType":"script","static":false,"type":"dynamic","w":2,"x":0,"y":3},{"h":3,"i":"tulrxqmftr-710a03b4-de7e-4839-ad1d-6e29dcc51598","items":[],"maxW":3,"minH":1,"moved":false,"name":"Grand Parent Process information ","query":"cspresentgrandparentprocess","queryType":"script","static":false,"type":"dynamic","w":1,"x":2,"y":0},{"h":3,"i":"tulrxqmftr-2bbd59a9-0a82-4bf0-9798-3c7b8e5f8aec","items":[],"maxW":3,"minH":1,"moved":false,"name":"Parent Process Information","query":"cspresentparentprocess","queryType":"script","static":false,"type":"dynamic","w":1,"x":1,"y":0},{"displayType":"ROW","h":4,"hideName":false,"i":"tulrxqmftr-f1099ad4-7694-4bd1-8f17-8b351ce0be36","items":[{"endCol":2,"fieldId":"externallink","height":26,"id":"887c2feb-a76f-4460-be93-c6182005a0d0","index":0,"sectionItemType":"field","startCol":0},{"endCol":2,"fieldId":"externalcategoryname","height":26,"id":"d41f5aa5-c229-4f19-a102-4fdd6df93a53","index":1,"sectionItemType":"field","startCol":0},{"endCol":2,"fieldId":"externalconfidence","height":26,"id":"d102289c-a10e-4ab5-899c-fd86c44b49c5","index":2,"sectionItemType":"field","startCol":0},{"endCol":2,"fieldId":"externalseverity","height":26,"id":"7073656e-a7cc-47a3-a929-7bba17d2fac8","index":3,"sectionItemType":"field","startCol":0},{"endCol":2,"fieldId":"externalsystemid","height":26,"id":"d0b92656-1304-4ff7-8797-ddbe016bfa91","index":4,"sectionItemType":"field","startCol":0},{"endCol":2,"fieldId":"hostnames","height":26,"id":"96efc4a6-2cff-4716-ba85-ed5071d62c70","index":5,"sectionItemType":"field","startCol":0},{"endCol":2,"fieldId":"agentsid","height":26,"id":"543df87f-2a97-4b10-91ca-172f1d9c37c6","index":6,"sectionItemType":"field","startCol":0},{"endCol":2,"fieldId":"deviceosname","height":26,"id":"9065a305-42dd-40e6-a8bf-6bcdc2e54680","index":7,"sectionItemType":"field","startCol":0},{"endCol":2,"fieldId":"deviceosversion","height":26,"id":"672ca090-3308-485a-9dda-ec5ed74cdafb","index":7,"sectionItemType":"field","startCol":0}],"maxW":3,"minH":1,"moved":false,"name":"CrowdStrike General Info","static":false,"w":1,"x":2,"y":3}],"type":"custom"},{"id":"warRoom","name":"War Room","type":"warRoom"},{"id":"workPlan","name":"Work Plan","type":"workPlan"},{"id":"evidenceBoard","name":"Evidence Board","type":"evidenceBoard"},{"id":"relatedIncidents","name":"Related Incidents","type":"relatedIncidents"},{"id":"canvas","name":"Canvas","type":"canvas"},{"hidden":false,"id":"ylnxitvgfz","name":"CSPM IOM","sections":[{"h":2,"i":"caseinfoid-c913b190-5708-11ee-b8c5-492a12f3e713","items":[],"maxW":3,"minH":1,"moved":false,"name":"Resource Attributes","query":"ConvertResourceAttributesToTable","queryType":"script","static":false,"type":"dynamic","w":1,"x":0,"y":0}],"type":"custom"},{"hidden":false,"id":"nt6k7x1vtu","name":"CSPM IOA","sections":[{"h":2,"i":"caseinfoid-03581350-5709-11ee-b8c5-492a12f3e713","items":[],"maxW":3,"minH":1,"moved":false,"name":"Response Elements","query":"ConvertResponseElementsToTable","queryType":"script","static":false,"type":"dynamic","w":1,"x":1,"y":0},{"h":2,"i":"caseinfoid-041792c0-5709-11ee-b8c5-492a12f3e713","items":[],"maxW":3,"minH":1,"moved":false,"name":"User Identity","query":"ConvertUserIdentityToTable","queryType":"script","static":false,"type":"dynamic","w":1,"x":2,"y":0},{"h":2,"i":"caseinfoid-0512e2b0-5709-11ee-b8c5-492a12f3e713","items":[],"maxW":3,"minH":1,"moved":false,"name":"Request Parameters","query":"ConvertRequestParametersToTable","queryType":"script","static":false,"type":"dynamic","w":1,"x":0,"y":0},{"h":2,"i":"caseinfoid-08944140-5709-11ee-b8c5-492a12f3e713","items":[],"maxW":3,"minH":1,"moved":false,"name":"Enrichments","query":"ConvertEnrichmentsToTable","queryType":"script","static":false,"type":"dynamic","w":1,"x":0,"y":2}],"type":"custom"}]},"group":"incident","id":"CrowdStrike Falcon Layout","name":"CrowdStrike Falcon Layout","system":false,"version":-1,"fromVersion":"6.0.0","description":"","marketplaces":["xsoar"],"fromServerVersion":"6.0.0","toServerVersion":"99.99.99"}