{
    "name": "Thales SafeNet Trusted Access",
    "description": "SafeNet Trusted Access by Thales is an access management solution that allows organizations to centrally manage and secure access to business applications.",
    "support": "partner",
    "currentVersion": "2.0.0",
    "author": "Thales",
    "url": "https://supportportal.gemalto.com/csm/?id=portal_home_page",
    "email": "",
    "categories": [
        "Authentication"
    ],
    "tags": [
        "Alerts",
        "Security",
        "IAM"
    ],
    "useCases": [
        "Identity and Access Management"
    ],
    "keywords": [
        "Fraud",
        "Account",
        "Authentication",
        "Thales",
        "SafeNet"
    ],
    "dependencies": {
        "CommonTypes": {
            "mandatory": true,
            "display_name": "Common Types"
        }
    },
    "displayedImages": [
        "CommonTypes"
    ],
    "marketplaces": [
        "xsoar",
        "marketplacev2"
    ]
}