{"associatedToAll":true,"breachScript":"","caseInsensitive":true,"cliName":"servicenownotify","closeForm":false,"columns":null,"content":true,"defaultRows":null,"description":"","editForm":true,"fieldCalcScript":"","group":0,"hidden":false,"id":"incident_servicenownotify","isReadOnly":false,"locked":false,"name":"ServiceNow Notify","neverSetAsRequired":false,"ownerOnly":false,"placeholder":"","required":false,"script":"","selectValues":["Send Email","Do Not Notify","Telephone"],"sla":0,"system":false,"systemAssociatedTypes":null,"threshold":72,"type":"singleSelect","unmapped":false,"unsearchable":false,"useAsKpi":false,"validationRegex":"","version":-1,"fromVersion":"5.0.0"}