{"associatedToAll":true,"breachScript":"","caseInsensitive":true,"cliName":"servicenowopeneddate","closeForm":false,"columns":null,"content":true,"defaultRows":null,"description":"The ticket opened date","editForm":true,"fieldCalcScript":"","group":0,"hidden":false,"id":"incident_servicenowopeneddate","isReadOnly":false,"locked":false,"name":"ServiceNow Opened Date","neverSetAsRequired":false,"ownerOnly":false,"placeholder":"","required":false,"script":"","selectValues":null,"sla":0,"system":false,"systemAssociatedTypes":null,"threshold":72,"type":"date","unmapped":false,"unsearchable":false,"useAsKpi":false,"validationRegex":"","version":-1,"fromVersion":"5.0.0","marketplaces":["xsoar"]}