{"associatedToAll":true,"breachScript":"","caseInsensitive":true,"cliName":"servicenowdescription","closeForm":false,"columns":null,"content":true,"defaultRows":null,"description":"Ticket description","editForm":true,"fieldCalcScript":"","group":0,"hidden":false,"id":"incident_servicenowdescription","isReadOnly":false,"locked":false,"name":"ServiceNow Description","neverSetAsRequired":false,"ownerOnly":false,"placeholder":"","required":false,"script":"","selectValues":null,"sla":0,"system":false,"systemAssociatedTypes":null,"threshold":72,"type":"longText","unmapped":false,"unsearchable":false,"useAsKpi":false,"validationRegex":"","version":-1,"fromVersion":"5.0.0"}