{"id":"incident_servicenowattackvector","version":-1,"modified":"2022-01-23T09:44:25.628892+02:00","name":"ServiceNow Attack Vector","ownerOnly":false,"cliName":"servicenowattackvector","type":"shortText","closeForm":false,"editForm":true,"required":false,"neverSetAsRequired":false,"isReadOnly":false,"useAsKpi":false,"locked":false,"system":false,"content":true,"group":0,"hidden":false,"openEnded":false,"associatedToAll":true,"unmapped":false,"unsearchable":true,"caseInsensitive":true,"sla":0,"threshold":72,"fromVersion":"6.0.0"}