{"associatedToAll":true,"breachScript":"","caseInsensitive":true,"cliName":"servicenowticketnumber","closeForm":false,"columns":null,"content":true,"defaultRows":null,"description":"ServiceNow Ticket Number","editForm":true,"fieldCalcScript":"","group":0,"hidden":false,"id":"incident_servicenowticketnumber","isReadOnly":false,"locked":false,"name":"ServiceNow Ticket Number","neverSetAsRequired":false,"ownerOnly":false,"placeholder":"","required":false,"script":"","selectValues":null,"sla":0,"system":false,"systemAssociatedTypes":null,"threshold":72,"type":"shortText","unmapped":false,"unsearchable":false,"useAsKpi":false,"validationRegex":"","version":-1,"fromVersion":"5.0.0"}