{"associatedToAll":true,"breachScript":"","caseInsensitive":true,"cliName":"servicenowcategory","closeForm":false,"columns":null,"content":true,"defaultRows":null,"description":"ServiceNow Category","editForm":true,"fieldCalcScript":"","group":0,"hidden":false,"id":"incident_servicenowcategory","isReadOnly":false,"locked":false,"name":"ServiceNow Category","neverSetAsRequired":false,"ownerOnly":false,"placeholder":"","required":false,"script":"","selectValues":["Inquiry / Help","Software","Hardware","Database","Network"],"sla":0,"system":false,"systemAssociatedTypes":null,"threshold":72,"type":"singleSelect","unmapped":false,"unsearchable":false,"useAsKpi":false,"validationRegex":"","version":-1,"fromVersion":"5.0.0","marketplaces":["xsoar"]}