{"associatedToAll":true,"breachScript":"","caseInsensitive":true,"cliName":"servicenowescalation","closeForm":false,"columns":null,"content":true,"defaultRows":null,"description":"ServiceNow Escalation","editForm":true,"fieldCalcScript":"","group":0,"hidden":false,"id":"incident_servicenowescalation","isReadOnly":false,"locked":false,"name":"ServiceNow Escalation","neverSetAsRequired":false,"ownerOnly":false,"placeholder":"","required":false,"script":"","selectValues":null,"sla":0,"system":false,"systemAssociatedTypes":null,"threshold":72,"type":"shortText","unmapped":false,"unsearchable":false,"useAsKpi":false,"validationRegex":"","version":-1,"fromVersion":"5.0.0"}