{"associatedToAll":true,"caseInsensitive":true,"cliName":"servicenowclosedby","closeForm":false,"content":true,"description":"User who closed ServiceNow Incident","editForm":true,"group":0,"hidden":false,"id":"incident_servicenowclosedby","isReadOnly":false,"locked":false,"name":"ServiceNow Closed By","neverSetAsRequired":false,"ownerOnly":false,"required":false,"sla":0,"system":false,"threshold":72,"type":"shortText","unmapped":false,"unsearchable":false,"useAsKpi":false,"version":-1,"fromVersion":"5.0.0"}