{"associatedToAll":true,"breachScript":"","caseInsensitive":true,"cliName":"servicenowseverity","closeForm":false,"columns":null,"content":true,"defaultRows":null,"description":"ServiceNow Severity","editForm":true,"fieldCalcScript":"","group":0,"hidden":false,"id":"incident_servicenowseverity","isReadOnly":false,"locked":false,"name":"ServiceNow Severity","neverSetAsRequired":false,"ownerOnly":false,"placeholder":"","required":false,"script":"","selectValues":["1 - High","2 - Medium","3 - Low"],"sla":0,"system":false,"systemAssociatedTypes":null,"threshold":72,"type":"singleSelect","unmapped":false,"unsearchable":false,"useAsKpi":false,"validationRegex":"","version":-1,"fromVersion":"5.0.0"}