{"associatedToAll":true,"breachScript":"","caseInsensitive":true,"cliName":"servicenowstate","closeForm":false,"columns":null,"content":true,"defaultRows":null,"description":"The ticket state","editForm":true,"fieldCalcScript":"","group":0,"hidden":false,"id":"incident_servicenowstate","isReadOnly":false,"locked":false,"name":"ServiceNow State","neverSetAsRequired":false,"ownerOnly":false,"placeholder":"","required":false,"script":"","selectValues":["1 - New","2 - In Progress","3 - On Hold","4 - Awaiting Caller","5 - Awaiting Evidence","6 - Resolved","7 - Closed","8 - Canceled"],"sla":0,"system":false,"systemAssociatedTypes":null,"threshold":72,"type":"singleSelect","unmapped":false,"unsearchable":false,"useAsKpi":false,"validationRegex":"","version":-1,"fromVersion":"5.0.0"}