{"associatedToAll":false,"associatedTypes":["Cyberint Incident"],"caseInsensitive":true,"cliName":"cyberintstatus","closeForm":false,"content":true,"editForm":true,"group":0,"hidden":false,"id":"incident_cyberintstatus","isReadOnly":false,"locked":false,"name":"CyberInt Status","neverSetAsRequired":false,"openEnded":false,"ownerOnly":false,"required":false,"selectValues":["","open","acknowledged","closed"],"sla":0,"system":false,"threshold":72,"type":"singleSelect","unmapped":false,"unsearchable":true,"useAsKpi":false,"version":-1,"fromVersion":"6.0.0"}