{"associatedToAll":false,"associatedTypes":["Cyberint Incident"],"caseInsensitive":true,"cliName":"cyberintfiletype","closeForm":false,"content":true,"editForm":true,"group":0,"hidden":false,"id":"incident_cyberintfiletype","isReadOnly":false,"locked":false,"name":"CyberInt File Type","neverSetAsRequired":false,"openEnded":false,"ownerOnly":false,"required":false,"sla":0,"system":false,"threshold":72,"type":"shortText","unmapped":false,"unsearchable":true,"useAsKpi":false,"version":-1,"fromVersion":"6.0.0"}