{"id":"incident_cyberintticketid","version":-1,"modified":"2021-02-22T21:55:22.750862583+02:00","name":"CyberInt Ticket ID","ownerOnly":false,"cliName":"cyberintticketid","type":"shortText","closeForm":false,"editForm":true,"required":false,"neverSetAsRequired":false,"isReadOnly":false,"useAsKpi":false,"locked":false,"system":false,"content":true,"group":0,"hidden":false,"associatedTypes":["Cyberint Incident"],"associatedToAll":false,"unmapped":false,"unsearchable":false,"caseInsensitive":true,"sla":0,"threshold":72,"fromVersion":"6.0.0"}