{"id":"incident_cyberintattachments","version":-1,"modified":"2021-02-22T21:50:53.617420894+02:00","name":"CyberInt Attachments","ownerOnly":false,"cliName":"cyberintattachments","type":"grid","closeForm":false,"editForm":true,"required":false,"neverSetAsRequired":false,"isReadOnly":false,"useAsKpi":false,"locked":false,"system":false,"content":true,"group":0,"hidden":false,"associatedTypes":["Cyberint Incident"],"associatedToAll":false,"unmapped":false,"unsearchable":false,"caseInsensitive":true,"columns":[{"key":"id","displayName":"id","type":"shortText","required":false,"script":"","width":150,"isDefault":true,"fieldCalcScript":"","isReadOnly":false,"selectValues":null},{"key":"mimetype","displayName":"mimetype","type":"shortText","required":false,"script":"","width":150,"isDefault":true,"fieldCalcScript":"","isReadOnly":false,"selectValues":null},{"key":"name","displayName":"name","type":"shortText","required":false,"script":"","width":150,"isDefault":true,"fieldCalcScript":"","isReadOnly":false,"selectValues":null}],"defaultRows":[{},{},{}],"sla":0,"threshold":72,"fromVersion":"6.0.0"}