{"associatedToAll":false,"associatedTypes":["Cyberint Incident"],"caseInsensitive":true,"cliName":"cyberintcredentialsexposedcsv","closeForm":false,"columns":[{"displayName":"username","fieldCalcScript":"","isDefault":true,"isReadOnly":false,"key":"username","orgType":"shortText","required":false,"script":"","selectValues":null,"type":"shortText","width":150},{"displayName":"password","fieldCalcScript":"","isDefault":true,"isReadOnly":false,"key":"password","orgType":"shortText","required":false,"script":"","selectValues":null,"type":"shortText","width":150},{"displayName":"designated_url","fieldCalcScript":"","isDefault":true,"isReadOnly":false,"key":"designated_url","orgType":"shortText","required":false,"script":"","selectValues":null,"type":"url","width":150}],"content":true,"defaultRows":[{},{},{}],"editForm":true,"group":0,"hidden":false,"id":"incident_cyberintcredentialsexposedcsv","isReadOnly":false,"locked":false,"name":"CyberInt Credentials Exposed CSV","neverSetAsRequired":false,"openEnded":false,"ownerOnly":false,"required":false,"sla":0,"system":false,"threshold":72,"type":"grid","unmapped":false,"unsearchable":true,"useAsKpi":false,"version":-1,"fromVersion":"6.0.0"}