{"id":"incident_cyberintrelatediocs","version":-1,"modified":"2021-02-22T21:52:50.606573604+02:00","name":"CyberInt Related IOCs","ownerOnly":false,"cliName":"cyberintrelatediocs","type":"grid","closeForm":false,"editForm":true,"required":false,"neverSetAsRequired":false,"isReadOnly":false,"useAsKpi":false,"locked":false,"system":false,"content":true,"group":0,"hidden":false,"associatedTypes":["Cyberint Incident"],"associatedToAll":false,"unmapped":false,"unsearchable":false,"caseInsensitive":true,"columns":[{"key":"type","displayName":"Type","type":"shortText","required":false,"script":"","width":247,"isDefault":true,"fieldCalcScript":"","isReadOnly":false,"selectValues":null},{"key":"value","displayName":"Value","type":"shortText","required":false,"script":"","width":150,"isDefault":true,"fieldCalcScript":"","isReadOnly":false,"selectValues":null}],"defaultRows":[{},{},{}],"sla":0,"threshold":72,"fromVersion":"6.0.0"}