{"id":"incident_cyberintrelatedentity","version":-1,"name":"CyberInt Related Entity","ownerOnly":false,"cliName":"cyberintrelatedentity","type":"multiSelect","closeForm":false,"editForm":true,"required":false,"neverSetAsRequired":false,"isReadOnly":false,"useAsKpi":false,"locked":false,"system":false,"content":true,"group":0,"hidden":false,"associatedTypes":["Cyberint Incident"],"associatedToAll":false,"unmapped":false,"unsearchable":true,"caseInsensitive":true,"sla":0,"threshold":72,"fromVersion":"6.0.0","openEnded":true}