{"associatedToAll":false,"associatedTypes":["Cyberint Incident"],"caseInsensitive":true,"cliName":"cyberintpaymentcardexposedcsv","closeForm":false,"columns":[{"displayName":"card_number","fieldCalcScript":"","isDefault":true,"isReadOnly":false,"key":"card_number","orgType":"shortText","required":false,"script":"","selectValues":null,"type":"shortText","width":150},{"displayName":"bin_number","fieldCalcScript":"","isDefault":true,"isReadOnly":false,"key":"bin_number","orgType":"shortText","required":false,"script":"","selectValues":null,"type":"shortText","width":150},{"displayName":"cvv","fieldCalcScript":"","isDefault":true,"isReadOnly":false,"key":"cvv","orgType":"shortText","required":false,"script":"","selectValues":null,"type":"shortText","width":150},{"displayName":"exp","fieldCalcScript":"","isDefault":true,"isReadOnly":false,"key":"exp","orgType":"date","required":false,"script":"","selectValues":null,"type":"date","width":150},{"displayName":"is_first_seen","fieldCalcScript":"","isDefault":true,"isReadOnly":false,"key":"is_first_seen","orgType":"shortText","required":false,"script":"","selectValues":null,"type":"shortText","width":150},{"displayName":"card_holder","fieldCalcScript":"","isDefault":true,"isReadOnly":false,"key":"card_holder","orgType":"shortText","required":false,"script":"","selectValues":null,"type":"shortText","width":150},{"displayName":"pin_code","fieldCalcScript":"","isDefault":true,"isReadOnly":false,"key":"pin_code","orgType":"shortText","required":false,"script":"","selectValues":null,"type":"shortText","width":150},{"displayName":"track_1","fieldCalcScript":"","isDefault":true,"isReadOnly":false,"key":"track_1","orgType":"shortText","required":false,"script":"","selectValues":null,"type":"shortText","width":150},{"displayName":"track_2","fieldCalcScript":"","isDefault":true,"isReadOnly":false,"key":"track_2","orgType":"shortText","required":false,"script":"","selectValues":null,"type":"shortText","width":150},{"displayName":"address","fieldCalcScript":"","isDefault":true,"isReadOnly":false,"key":"address","orgType":"shortText","required":false,"script":"","selectValues":null,"type":"shortText","width":150},{"displayName":"state","fieldCalcScript":"","isDefault":true,"isReadOnly":false,"key":"state","orgType":"shortText","required":false,"script":"","selectValues":null,"type":"shortText","width":150},{"displayName":"country","fieldCalcScript":"","isDefault":true,"isReadOnly":false,"key":"country","orgType":"shortText","required":false,"script":"","selectValues":null,"type":"shortText","width":150},{"displayName":"phone_number","fieldCalcScript":"","isDefault":true,"isReadOnly":false,"key":"phone_number","orgType":"shortText","required":false,"script":"","selectValues":null,"type":"shortText","width":150},{"displayName":"email_address","fieldCalcScript":"","isDefault":true,"isReadOnly":false,"key":"email_address","orgType":"shortText","required":false,"script":"","selectValues":null,"type":"shortText","width":150},{"displayName":"password","fieldCalcScript":"","isDefault":true,"isReadOnly":false,"key":"password","orgType":"shortText","required":false,"script":"","selectValues":null,"type":"shortText","width":150},{"displayName":"zip_code","fieldCalcScript":"","isDefault":true,"isReadOnly":false,"key":"zip_code","orgType":"shortText","required":false,"script":"","selectValues":null,"type":"shortText","width":150},{"displayName":"age","fieldCalcScript":"","isDefault":true,"isReadOnly":false,"key":"age","orgType":"shortText","required":false,"script":"","selectValues":null,"type":"shortText","width":150},{"displayName":"gender","fieldCalcScript":"","isDefault":true,"isReadOnly":false,"key":"gender","orgType":"shortText","required":false,"script":"","selectValues":null,"type":"shortText","width":150},{"displayName":"date_of_birth","fieldCalcScript":"","isDefault":true,"isReadOnly":false,"key":"date_of_birth","orgType":"date","required":false,"script":"","selectValues":null,"type":"date","width":150},{"displayName":"year_of_birth","fieldCalcScript":"","isDefault":true,"isReadOnly":false,"key":"year_of_birth","orgType":"date","required":false,"script":"","selectValues":null,"type":"date","width":150}],"content":true,"defaultRows":[{},{},{}],"editForm":true,"fromVersion":"6.0.0","group":0,"hidden":false,"id":"incident_cyberintpaymentcardexposedcsv","isReadOnly":false,"locked":false,"name":"CyberInt Payment Card Exposed CSV","neverSetAsRequired":false,"openEnded":false,"ownerOnly":false,"required":false,"sla":0,"system":false,"threshold":72,"type":"grid","unmapped":false,"unsearchable":true,"useAsKpi":false,"version":-1}