{"associatedToAll":false,"associatedTypes":["Cyberint Incident"],"caseInsensitive":true,"cliName":"cyberintclosurereason","closeForm":true,"content":true,"editForm":true,"group":0,"hidden":false,"id":"incident_cyberintclosurereason","isReadOnly":false,"locked":false,"name":"CyberInt Closure reason","neverSetAsRequired":false,"openEnded":false,"ownerOnly":false,"required":false,"selectValues":["none","resolved","no_longer_a_threat","irrelevant_alert_subtype","false_positive","other"],"sla":0,"system":false,"threshold":72,"type":"singleSelect","unmapped":false,"unsearchable":true,"useAsKpi":false,"version":-1,"fromVersion":"6.0.0"}