{"associatedToAll":false,"associatedTypes":["Cyberint Incident"],"caseInsensitive":true,"cliName":"cyberintclosurereasondescription","closeForm":false,"content":true,"editForm":true,"group":0,"hidden":false,"id":"incident_cyberintclosurereasondescription","isReadOnly":false,"locked":false,"name":"CyberInt Closure reason Description","neverSetAsRequired":false,"openEnded":false,"ownerOnly":false,"placeholder":"none","required":false,"sla":0,"system":false,"threshold":72,"type":"shortText","unmapped":false,"unsearchable":false,"useAsKpi":false,"version":-1,"fromVersion":"6.0.0"}