{"id":"incident_cyberintcategory","version":-1,"modified":"2021-02-22T21:51:04.347550719+02:00","name":"Cyberint Category","ownerOnly":false,"cliName":"cyberintcategory","type":"shortText","closeForm":false,"editForm":true,"required":false,"neverSetAsRequired":false,"isReadOnly":false,"useAsKpi":false,"locked":false,"system":false,"content":true,"group":0,"hidden":false,"associatedTypes":["Cyberint Incident"],"associatedToAll":false,"unmapped":false,"unsearchable":false,"caseInsensitive":true,"sla":0,"threshold":72,"fromVersion":"6.0.0","marketplaces":["xsoar"]}