{
	"id": "327c1fda-8fa5-4c29-8e4c-73a0391f585b",
	"version": 0,
	"cacheVersn": 0,
	"modified": "0001-01-01T00:00:00Z",
	"created": "2024-03-19T17:48:34.538856771+03:00",
	"sizeInBytes": 0,
	"packID": "",
	"packName": "",
	"itemVersion": "",
	"fromServerVersion": "",
	"toServerVersion": "",
	"definitionId": "",
	"vcShouldIgnore": false,
	"vcShouldKeepItemLegacyProdMachine": false,
	"commitMessage": "",
	"shouldCommit": false,
	"currentVersion": "",
	"name": "Binalyze Air Contribution Pack",
	"description": "",
	"updated": "0001-01-01T00:00:00Z",
	"support": "internalContribution",
	"author": "sarp.kurt",
	"authorImage": "",
	"supportDetails": {
		"url": "",
		"email": "asimsarpkurt@gmail.com"
	},
	"beta": false,
	"deprecated": false,
	"certification": "none",
	"serverMinVersion": "",
	"serverMaxVersion": "",
	"general": null,
	"tags": null,
	"rawTags": null,
	"categories": null,
	"contentItems": {
		"integration": null,
		"automation": null,
		"incidentfield": null,
		"incidenttype": null,
		"indicatorfield": null,
		"reputation": null,
		"report": null,
		"dashboard": null,
		"playbook": null,
		"classifier": null,
		"layoutscontainer": null,
		"widget": null,
		"list": null,
		"generictype": null,
		"genericfield": null,
		"wizard": null
	},
	"contentItemTypes": null,
	"integrations": null,
	"useCases": null,
	"rawUseCases": null,
	"keywords": null,
	"rawKeywords": null,
	"dependencies": {},
	"legacy": false,
	"price": 0,
	"premium": false,
	"installMessage": "",
	"versionInfo": "",
	"eulaLink": "",
	"previewOnly": false,
	"downloads": 0,
	"searchRank": 0,
	"videos": null,
	"prevName": "",
	"disabledMonthly": false
}