{"id":"incident_gatewatcherhttp2httpuseragent","version":-1,"modified":"2024-11-29T11:07:51.96781765+01:00","name":"Gatewatcher http2.http_user_agent","ownerOnly":false,"cliName":"gatewatcherhttp2httpuseragent","type":"shortText","closeForm":true,"editForm":true,"required":false,"neverSetAsRequired":false,"isReadOnly":false,"useAsKpi":false,"locked":false,"system":false,"content":true,"group":0,"hidden":false,"openEnded":false,"associatedTypes":["Gatewatcher Incident"],"associatedToAll":false,"unmapped":false,"unsearchable":false,"caseInsensitive":true,"sla":0,"threshold":72,"fromVersion":"6.5.0"}