{"id":"incident_gatewatchermalcorestate","version":-1,"modified":"2024-11-28T15:49:30.252871342+01:00","name":"Gatewatcher malcore.state","ownerOnly":false,"cliName":"gatewatchermalcorestate","type":"shortText","closeForm":true,"editForm":true,"required":false,"neverSetAsRequired":false,"isReadOnly":false,"useAsKpi":false,"locked":false,"system":false,"content":true,"group":0,"hidden":false,"openEnded":false,"associatedTypes":["Gatewatcher Incident","Gatewatcher Alert Incident"],"associatedToAll":false,"unmapped":false,"unsearchable":false,"caseInsensitive":true,"sla":0,"threshold":72,"fromVersion":"6.5.0"}