{"id":"incident_gatewatcherhttprequestmimetype","version":-1,"modified":"2024-11-29T10:00:24.240716024+01:00","name":"Gatewatcher http.request.mime_type","ownerOnly":false,"cliName":"gatewatcherhttprequestmimetype","type":"shortText","closeForm":true,"editForm":true,"required":false,"neverSetAsRequired":false,"isReadOnly":false,"useAsKpi":false,"locked":false,"system":false,"content":true,"group":0,"hidden":false,"openEnded":false,"associatedTypes":["Gatewatcher Incident"],"associatedToAll":false,"unmapped":false,"unsearchable":false,"caseInsensitive":true,"sla":0,"threshold":72,"fromVersion":"6.5.0"}