{"id":"incident_gatewatcherrawevent","version":-1,"modified":"2024-11-27T17:39:09.848903054+01:00","name":"Gatewatcher Raw Event","ownerOnly":false,"cliName":"gatewatcherrawevent","type":"longText","closeForm":true,"editForm":true,"required":false,"neverSetAsRequired":false,"isReadOnly":false,"useAsKpi":false,"locked":false,"system":false,"content":true,"group":0,"hidden":false,"openEnded":false,"associatedTypes":["Gatewatcher Incident","Gatewatcher Alert Incident"],"associatedToAll":false,"unmapped":false,"unsearchable":false,"caseInsensitive":true,"sla":0,"threshold":72,"fromVersion":"6.5.0"}