{"id":"incident_gatewatcherhttp2httpmethod","version":-1,"modified":"2024-11-29T10:12:49.162123633+01:00","name":"Gatewatcher http2.http_method","ownerOnly":false,"cliName":"gatewatcherhttp2httpmethod","type":"shortText","closeForm":true,"editForm":true,"required":false,"neverSetAsRequired":false,"isReadOnly":false,"useAsKpi":false,"locked":false,"system":false,"content":true,"group":0,"hidden":false,"openEnded":false,"associatedTypes":["Gatewatcher Incident"],"associatedToAll":false,"unmapped":false,"unsearchable":false,"caseInsensitive":true,"sla":0,"threshold":72,"fromVersion":"6.5.0"}