{"id":"incident_gatewatchergcenterwebui","version":-1,"modified":"2024-12-16T17:15:07.918275874+01:00","name":"Gatewatcher GCenter WebUI","ownerOnly":false,"cliName":"gatewatchergcenterwebui","type":"url","closeForm":true,"editForm":true,"required":false,"neverSetAsRequired":false,"isReadOnly":false,"useAsKpi":false,"locked":false,"system":false,"content":true,"group":0,"hidden":false,"openEnded":false,"associatedTypes":["Gatewatcher Alert Incident"],"associatedToAll":false,"unmapped":false,"unsearchable":true,"caseInsensitive":true,"sla":0,"threshold":72,"fromVersion":"6.5.0"}