{"id":"incident_gatewatcherhttp2version","version":-1,"modified":"2024-11-29T11:08:58.590346602+01:00","name":"Gatewatcher http2.version","ownerOnly":false,"cliName":"gatewatcherhttp2version","type":"shortText","closeForm":true,"editForm":true,"required":false,"neverSetAsRequired":false,"isReadOnly":false,"useAsKpi":false,"locked":false,"system":false,"content":true,"group":0,"hidden":false,"openEnded":false,"associatedTypes":["Gatewatcher Incident","Gatewatcher Alert Incident"],"associatedToAll":false,"unmapped":false,"unsearchable":false,"caseInsensitive":true,"sla":0,"threshold":72,"fromVersion":"6.5.0"}