{"id":"incident_gatewatchermaliciouspowershellscore","version":-1,"modified":"2024-11-28T15:55:21.843158786+01:00","name":"Gatewatcher malicious_powershell.score","ownerOnly":false,"cliName":"gatewatchermaliciouspowershellscore","type":"number","closeForm":true,"editForm":true,"required":false,"neverSetAsRequired":false,"isReadOnly":false,"useAsKpi":false,"locked":false,"system":false,"content":true,"group":0,"hidden":false,"openEnded":false,"associatedTypes":["Gatewatcher Incident","Gatewatcher Alert Incident"],"associatedToAll":false,"unmapped":false,"unsearchable":false,"caseInsensitive":true,"sla":0,"threshold":72,"fromVersion":"6.5.0"}