{"id":"incident_gatewatchergcapinterface","version":-1,"modified":"2024-11-27T17:39:09.069021085+01:00","name":"Gatewatcher GCap interface","ownerOnly":false,"cliName":"gatewatchergcapinterface","type":"shortText","closeForm":true,"editForm":true,"required":false,"neverSetAsRequired":false,"isReadOnly":false,"useAsKpi":false,"locked":false,"system":false,"content":true,"group":0,"hidden":false,"openEnded":false,"associatedTypes":["Gatewatcher Incident","Gatewatcher Alert Incident"],"associatedToAll":false,"unmapped":false,"unsearchable":false,"caseInsensitive":true,"sla":0,"threshold":72,"fromVersion":"6.5.0"}