{"id":"incident_gatewatcherhttphostname","version":-1,"modified":"2024-11-29T09:59:07.679867675+01:00","name":"Gatewatcher http.hostname","ownerOnly":false,"cliName":"gatewatcherhttphostname","type":"shortText","closeForm":true,"editForm":true,"required":false,"neverSetAsRequired":false,"isReadOnly":false,"useAsKpi":false,"locked":false,"system":false,"content":true,"group":0,"hidden":false,"openEnded":false,"associatedTypes":["Gatewatcher Incident"],"associatedToAll":false,"unmapped":false,"unsearchable":false,"caseInsensitive":true,"sla":0,"threshold":72,"fromVersion":"6.5.0"}