{"id":"incident_gatewatcherdcerpcrequest","version":-1,"modified":"2024-12-04T14:22:45.712678697+01:00","name":"Gatewatcher dcerpc.request","ownerOnly":false,"cliName":"gatewatcherdcerpcrequest","type":"shortText","closeForm":true,"editForm":true,"required":false,"neverSetAsRequired":false,"isReadOnly":false,"useAsKpi":false,"locked":false,"system":false,"content":true,"group":0,"hidden":false,"openEnded":false,"associatedTypes":["Gatewatcher Incident","Gatewatcher Alert Incident"],"associatedToAll":false,"unmapped":false,"unsearchable":false,"caseInsensitive":true,"sla":0,"threshold":72,"fromVersion":"6.5.0"}