{"id":"incident_gatewatchertftpmode","version":-1,"modified":"2024-12-03T18:10:07.189017617+01:00","name":"Gatewatcher tftp.mode","ownerOnly":false,"cliName":"gatewatchertftpmode","type":"shortText","closeForm":true,"editForm":true,"required":false,"neverSetAsRequired":false,"isReadOnly":false,"useAsKpi":false,"locked":false,"system":false,"content":true,"group":0,"hidden":false,"openEnded":false,"associatedTypes":["Gatewatcher Incident"],"associatedToAll":false,"unmapped":false,"unsearchable":false,"caseInsensitive":true,"sla":0,"threshold":72,"fromVersion":"6.5.0"}