{"id":"incident_gatewatchernbastream","version":-1,"modified":"2024-12-04T15:37:20.444315288+01:00","name":"Gatewatcher nba.stream","ownerOnly":false,"cliName":"gatewatchernbastream","type":"number","closeForm":true,"editForm":true,"required":false,"neverSetAsRequired":false,"isReadOnly":false,"useAsKpi":false,"locked":false,"system":false,"content":true,"group":0,"hidden":false,"openEnded":false,"associatedTypes":["Gatewatcher Incident","Gatewatcher Alert Incident"],"associatedToAll":false,"unmapped":false,"unsearchable":false,"caseInsensitive":true,"sla":0,"threshold":72,"fromVersion":"6.5.0"}