{"id":"incident_gatewatchersipresponseline","version":-1,"modified":"2024-12-04T14:14:45.829974845+01:00","name":"Gatewatcher sip.response_line","ownerOnly":false,"cliName":"gatewatchersipresponseline","type":"shortText","closeForm":true,"editForm":true,"required":false,"neverSetAsRequired":false,"isReadOnly":false,"useAsKpi":false,"locked":false,"system":false,"content":true,"group":0,"hidden":false,"openEnded":false,"associatedTypes":["Gatewatcher Incident"],"associatedToAll":false,"unmapped":false,"unsearchable":false,"caseInsensitive":true,"sla":0,"threshold":72,"fromVersion":"6.5.0"}