{"id":"incident_gatewatcheriocthreatactor","version":-1,"modified":"2024-12-04T15:45:55.351121447+01:00","name":"Gatewatcher ioc.threat_actor","ownerOnly":false,"cliName":"gatewatcheriocthreatactor","type":"shortText","closeForm":true,"editForm":true,"required":false,"neverSetAsRequired":false,"isReadOnly":false,"useAsKpi":false,"locked":false,"system":false,"content":true,"group":0,"hidden":false,"openEnded":false,"associatedTypes":["Gatewatcher Incident","Gatewatcher Alert Incident"],"associatedToAll":false,"unmapped":false,"unsearchable":false,"caseInsensitive":true,"sla":0,"threshold":72,"fromVersion":"6.5.0"}