{"id":"incident_gatewatchersipcode","version":-1,"modified":"2024-12-04T14:14:20.68958584+01:00","name":"Gatewatcher sip.code","ownerOnly":false,"cliName":"gatewatchersipcode","type":"shortText","closeForm":true,"editForm":true,"required":false,"neverSetAsRequired":false,"isReadOnly":false,"useAsKpi":false,"locked":false,"system":false,"content":true,"group":0,"hidden":false,"openEnded":false,"associatedTypes":["Gatewatcher Incident","Gatewatcher Alert Incident"],"associatedToAll":false,"unmapped":false,"unsearchable":false,"caseInsensitive":true,"sla":0,"threshold":72,"fromVersion":"6.5.0"}