{"id":"incident_gatewatchereventmodule","version":-1,"modified":"2024-11-27T17:39:08.729687913+01:00","name":"Gatewatcher event.module","ownerOnly":false,"cliName":"gatewatchereventmodule","type":"shortText","closeForm":true,"editForm":true,"required":false,"neverSetAsRequired":false,"isReadOnly":false,"useAsKpi":false,"locked":false,"system":false,"content":true,"group":0,"hidden":false,"openEnded":false,"associatedTypes":["Gatewatcher Incident","Gatewatcher Alert Incident"],"associatedToAll":false,"unmapped":false,"unsearchable":false,"caseInsensitive":true,"sla":0,"threshold":72,"fromVersion":"6.5.0"}