{"id":"incident_gatewatcherdestinationip","version":-1,"modified":"2024-11-28T15:44:35.517437265+01:00","name":"Gatewatcher destination.ip","ownerOnly":false,"cliName":"gatewatcherdestinationip","type":"shortText","closeForm":true,"editForm":true,"required":false,"neverSetAsRequired":false,"isReadOnly":false,"useAsKpi":false,"locked":false,"system":false,"content":true,"group":0,"hidden":false,"openEnded":false,"associatedTypes":["Gatewatcher Incident","Gatewatcher Alert Incident"],"associatedToAll":false,"unmapped":false,"unsearchable":false,"caseInsensitive":true,"sla":0,"threshold":72,"fromVersion":"6.5.0"}