{"id":"incident_gatewatcherhttpaccept","version":-1,"modified":"2024-11-29T09:58:43.516069703+01:00","name":"Gatewatcher http.accept","ownerOnly":false,"cliName":"gatewatcherhttpaccept","type":"shortText","closeForm":true,"editForm":true,"required":false,"neverSetAsRequired":false,"isReadOnly":false,"useAsKpi":false,"locked":false,"system":false,"content":true,"group":0,"hidden":false,"openEnded":false,"associatedTypes":["Gatewatcher Incident"],"associatedToAll":false,"unmapped":false,"unsearchable":false,"caseInsensitive":true,"sla":0,"threshold":72,"fromVersion":"6.5.0"}