{"id":"incident_gatewatchersshserver","version":-1,"modified":"2024-12-03T18:12:31.232873813+01:00","name":"Gatewatcher ssh.server","ownerOnly":false,"cliName":"gatewatchersshserver","type":"shortText","closeForm":true,"editForm":true,"required":false,"neverSetAsRequired":false,"isReadOnly":false,"useAsKpi":false,"locked":false,"system":false,"content":true,"group":0,"hidden":false,"openEnded":false,"associatedTypes":["Gatewatcher Incident"],"associatedToAll":false,"unmapped":false,"unsearchable":false,"caseInsensitive":true,"sla":0,"threshold":72,"fromVersion":"6.5.0"}