{"id":"incident_gatewatchersnmpversion","version":-1,"modified":"2024-12-04T11:21:07.197816764+01:00","name":"Gatewatcher snmp.version","ownerOnly":false,"cliName":"gatewatchersnmpversion","type":"number","closeForm":true,"editForm":true,"required":false,"neverSetAsRequired":false,"isReadOnly":false,"useAsKpi":false,"locked":false,"system":false,"content":true,"group":0,"hidden":false,"openEnded":false,"associatedTypes":["Gatewatcher Incident","Gatewatcher Alert Incident"],"associatedToAll":false,"unmapped":false,"unsearchable":false,"caseInsensitive":true,"sla":0,"threshold":72,"fromVersion":"6.5.0"}