{"id":"incident_gatewatchernfsversion","version":-1,"modified":"2024-12-03T17:58:46.153381489+01:00","name":"Gatewatcher nfs.version","ownerOnly":false,"cliName":"gatewatchernfsversion","type":"number","closeForm":true,"editForm":true,"required":false,"neverSetAsRequired":false,"isReadOnly":false,"useAsKpi":false,"locked":false,"system":false,"content":true,"group":0,"hidden":false,"openEnded":false,"associatedTypes":["Gatewatcher Incident","Gatewatcher Alert Incident"],"associatedToAll":false,"unmapped":false,"unsearchable":false,"caseInsensitive":true,"sla":0,"threshold":72,"fromVersion":"6.5.0"}