{"id":"incident_gatewatcherbeaconmeantimeinterval","version":-1,"modified":"2024-11-28T16:40:44.70897636+01:00","name":"Gatewatcher beacon.mean_time_interval","ownerOnly":false,"cliName":"gatewatcherbeaconmeantimeinterval","type":"number","closeForm":true,"editForm":true,"required":false,"neverSetAsRequired":false,"isReadOnly":false,"useAsKpi":false,"locked":false,"system":false,"content":true,"group":0,"hidden":false,"openEnded":false,"associatedTypes":["Gatewatcher Incident","Gatewatcher Alert Incident"],"associatedToAll":false,"unmapped":false,"unsearchable":false,"caseInsensitive":true,"sla":0,"threshold":72,"fromVersion":"6.5.0"}