{"id":"incident_gatewatchermalcoreengineslastupdatedate","version":-1,"modified":"2024-11-28T15:48:39.379668592+01:00","name":"Gatewatcher malcore.engines_last_update_date","ownerOnly":false,"cliName":"gatewatchermalcoreengineslastupdatedate","type":"shortText","closeForm":true,"editForm":true,"required":false,"neverSetAsRequired":false,"isReadOnly":false,"useAsKpi":false,"locked":false,"system":false,"content":true,"group":0,"hidden":false,"openEnded":false,"associatedTypes":["Gatewatcher Incident"],"associatedToAll":false,"unmapped":false,"unsearchable":false,"caseInsensitive":true,"sla":0,"threshold":72,"fromVersion":"6.5.0"}