{"id":"incident_gatewatcherhttphttprefer","version":-1,"modified":"2024-11-28T11:09:27.281883974+01:00","name":"Gatewatcher http.http_refer","ownerOnly":false,"cliName":"gatewatcherhttphttprefer","type":"shortText","closeForm":true,"editForm":true,"required":false,"neverSetAsRequired":false,"isReadOnly":false,"useAsKpi":false,"locked":false,"system":false,"content":true,"group":0,"hidden":false,"openEnded":false,"associatedTypes":["Gatewatcher Incident"],"associatedToAll":false,"unmapped":false,"unsearchable":false,"caseInsensitive":true,"sla":0,"threshold":72,"fromVersion":"6.5.0"}