{"id":"incident_gatewatchertlsserver","version":-1,"modified":"2024-12-03T17:36:47.885356117+01:00","name":"Gatewatcher tls.server","ownerOnly":false,"cliName":"gatewatchertlsserver","type":"shortText","closeForm":true,"editForm":true,"required":false,"neverSetAsRequired":false,"isReadOnly":false,"useAsKpi":false,"locked":false,"system":false,"content":true,"group":0,"hidden":false,"openEnded":false,"associatedTypes":["Gatewatcher Incident","Gatewatcher Alert Incident"],"associatedToAll":false,"unmapped":false,"unsearchable":false,"caseInsensitive":true,"sla":0,"threshold":72,"fromVersion":"6.5.0"}