{"id":"incident_gatewatchertftppacket","version":-1,"modified":"2024-12-03T18:10:19.709353202+01:00","name":"Gatewatcher tftp.packet","ownerOnly":false,"cliName":"gatewatchertftppacket","type":"shortText","closeForm":true,"editForm":true,"required":false,"neverSetAsRequired":false,"isReadOnly":false,"useAsKpi":false,"locked":false,"system":false,"content":true,"group":0,"hidden":false,"openEnded":false,"associatedTypes":["Gatewatcher Incident"],"associatedToAll":false,"unmapped":false,"unsearchable":false,"caseInsensitive":true,"sla":0,"threshold":72,"fromVersion":"6.5.0"}