{"id":"incident_gatewatchersigflowpayload","version":-1,"modified":"2024-11-27T17:39:10.188493432+01:00","name":"Gatewatcher sigflow.payload","ownerOnly":false,"cliName":"gatewatchersigflowpayload","type":"shortText","closeForm":true,"editForm":true,"required":false,"neverSetAsRequired":false,"isReadOnly":false,"useAsKpi":false,"locked":false,"system":false,"content":true,"group":0,"hidden":false,"openEnded":false,"associatedTypes":["Gatewatcher Incident"],"associatedToAll":false,"unmapped":false,"unsearchable":false,"caseInsensitive":true,"sla":0,"threshold":72,"fromVersion":"6.5.0"}