{"id":"incident_gatewatchersmbfilename","version":-1,"modified":"2024-12-03T17:51:54.981177892+01:00","name":"Gatewatcher smb.filename","ownerOnly":false,"cliName":"gatewatchersmbfilename","type":"shortText","closeForm":true,"editForm":true,"required":false,"neverSetAsRequired":false,"isReadOnly":false,"useAsKpi":false,"locked":false,"system":false,"content":true,"group":0,"hidden":false,"openEnded":false,"associatedTypes":["Gatewatcher Incident","Gatewatcher Alert Incident"],"associatedToAll":false,"unmapped":false,"unsearchable":false,"caseInsensitive":true,"sla":0,"threshold":72,"fromVersion":"6.5.0"}