{"id":"incident_gatewatcherikev2errors","version":-1,"modified":"2024-12-04T14:06:16.341375077+01:00","name":"Gatewatcher ikev2.errors","ownerOnly":false,"cliName":"gatewatcherikev2errors","type":"number","closeForm":true,"editForm":true,"required":false,"neverSetAsRequired":false,"isReadOnly":false,"useAsKpi":false,"locked":false,"system":false,"content":true,"group":0,"hidden":false,"openEnded":false,"associatedTypes":["Gatewatcher Incident"],"associatedToAll":false,"unmapped":false,"unsearchable":false,"caseInsensitive":true,"sla":0,"threshold":72,"fromVersion":"6.5.0"}