{"id":"incident_gatewatchernfsprocedure","version":-1,"modified":"2024-12-03T17:58:12.557592802+01:00","name":"Gatewatcher nfs.procedure","ownerOnly":false,"cliName":"gatewatchernfsprocedure","type":"shortText","closeForm":true,"editForm":true,"required":false,"neverSetAsRequired":false,"isReadOnly":false,"useAsKpi":false,"locked":false,"system":false,"content":true,"group":0,"hidden":false,"openEnded":false,"associatedTypes":["Gatewatcher Incident"],"associatedToAll":false,"unmapped":false,"unsearchable":false,"caseInsensitive":true,"sla":0,"threshold":72,"fromVersion":"6.5.0"}