{"id":"incident_gatewatcherdhcpleasetime","version":-1,"modified":"2024-12-03T18:25:43.307734221+01:00","name":"Gatewatcher dhcp.lease_time","ownerOnly":false,"cliName":"gatewatcherdhcpleasetime","type":"number","closeForm":true,"editForm":true,"required":false,"neverSetAsRequired":false,"isReadOnly":false,"useAsKpi":false,"locked":false,"system":false,"content":true,"group":0,"hidden":false,"openEnded":false,"associatedTypes":["Gatewatcher Incident","Gatewatcher Alert Incident"],"associatedToAll":false,"unmapped":false,"unsearchable":false,"caseInsensitive":true,"sla":0,"threshold":72,"fromVersion":"6.5.0"}