{"id":"incident_gatewatchernbasignatureid","version":-1,"modified":"2024-12-04T15:37:08.430734589+01:00","name":"Gatewatcher nba.signature_id","ownerOnly":false,"cliName":"gatewatchernbasignatureid","type":"number","closeForm":true,"editForm":true,"required":false,"neverSetAsRequired":false,"isReadOnly":false,"useAsKpi":false,"locked":false,"system":false,"content":true,"group":0,"hidden":false,"openEnded":false,"associatedTypes":["Gatewatcher Incident"],"associatedToAll":false,"unmapped":false,"unsearchable":false,"caseInsensitive":true,"sla":0,"threshold":72,"fromVersion":"6.5.0"}