{
    "name": "Zoom",
    "description": "Use the Zoom integration manage your Zoom users and meetings",
    "created": "2020-04-14T00:00:00Z",
    "updated": "",
    "support": "xsoar",
    "email": "",
    "url": "https://www.paloaltonetworks.com/cortex",
    "author": "Cortex XSOAR",
    "certification": "certified",
    "hidden": false,
    "server_min_version": "6.0.0",
    "current_version": "1.4.0",
    "tags": [],
    "categories": [
        "Messaging and Conferencing"
    ],
    "use_cases": [],
    "keywords": [],
    "price": null,
    "premium": null,
    "vendor_id": null,
    "vendor_name": null,
    "preview_only": null,
    "object_id": "Zoom",
    "marketplaces": [
        "xsoar",
        "marketplacev2"
    ],
    "contributors": null,
    "contentItems": {
        "integration": [
            {
                "name": "Zoom_IAM",
                "description": "An Identity and Access Management integration template.",
                "category": "Identity and Access Management",
                "commands": [
                    {
                        "name": "iam-disable-user",
                        "description": "Disable an active user."
                    },
                    {
                        "name": "iam-enable-user",
                        "description": "Enable a deactivated user."
                    },
                    {
                        "name": "iam-get-user",
                        "description": "Retrieves a single user resource."
                    },
                    {
                        "name": "get-mapping-fields",
                        "description": "Retrieves a User Profile schema, which holds all of the user fields within the application. Used for outgoing-mapping through the Get Schema option."
                    }
                ]
            },
            {
                "name": "Zoom",
                "description": "Use the Zoom integration manage your Zoom users and meetings",
                "category": "Messaging and Conferencing",
                "commands": [
                    {
                        "name": "zoom-create-user",
                        "description": "Create a new user in zoom account"
                    },
                    {
                        "name": "zoom-create-meeting",
                        "description": "Create a new zoom meeting (scheduled ,instant, or recurring)"
                    },
                    {
                        "name": "zoom-fetch-recording",
                        "description": "Get meeting record and save as file in the warroom"
                    },
                    {
                        "name": "zoom-list-users",
                        "description": "List the existing users"
                    },
                    {
                        "name": "zoom-delete-user",
                        "description": "Delete a user from Zoom"
                    },
                    {
                        "name": "zoom-meeting-get",
                        "description": "Get the information of an existing zoom meeting"
                    },
                    {
                        "name": "zoom-meeting-list",
                        "description": "Show all the meetings of a given user. Note: only scheduled and unexpired meetings will appear.\n"
                    },
                    {
                        "name": "zoom-list-account-public-channels",
                        "description": "List the existing channels"
                    },
                    {
                        "name": "zoom-list-user-channels",
                        "description": "List the existing channels"
                    },
                    {
                        "name": "zoom-create-channel",
                        "description": "Create a new channel in zoom account"
                    },
                    {
                        "name": "zoom-delete-channel",
                        "description": "Deletes a specific Zoom channel"
                    },
                    {
                        "name": "zoom-update-channel",
                        "description": "Update an existing channel in zoom account"
                    },
                    {
                        "name": "zoom-invite-to-channel",
                        "description": "Invites members that are in a user's contact list to a channel."
                    },
                    {
                        "name": "zoom-remove-from-channel",
                        "description": "Removes a member from a chat channel. A channel can have one or many members."
                    },
                    {
                        "name": "zoom-send-file",
                        "description": "Sends a file on Zoom to either an individual user in your contact list or a channel of which you are a member."
                    },
                    {
                        "name": "zoom-list-messages",
                        "description": "List the existing channels"
                    }
                ]
            },
            {
                "name": "ZoomEventCollector",
                "description": "This is the Zoom event collector integration for Cortex XSIAM.",
                "category": "Analytics & SIEM",
                "commands": [
                    {
                        "name": "zoom-get-events",
                        "description": "Gets events from Zoom."
                    }
                ]
            }
        ],
        "modelingrule": [
            {
                "name": "Zoom Zoom Modeling Rule",
                "description": ""
            }
        ],
        "playbook": []
    }
}