{
    "author": "Cortex XSOAR",
    "authorImage": "content/packs/Base/Author_image.png",
    "categories": [
        "Case Management"
    ],
    "certification": "certified",
    "commit": "c340ad236449ed8ab6f5c28ad517764ffd15a6d8",
    "contentCommitHash": "",
    "contentDisplays": {
        "automation": "Automations",
        "classifier": "Classifiers",
        "incidentfield": "Incident Fields",
        "incidenttype": "Incident Types",
        "integration": "Integrations",
        "layoutscontainer": "Layouts Containers",
        "playbook": "Playbooks"
    },
    "contentItems": {
        "automation": [
            {
                "deprecated": false,
                "description": "This script is used to wrap the generic update-record command in ServiceNow.\nYou can add fields that you want to update the record with as script arguments or in the\ncode and work with the records easily.",
                "fromversion": "5.0.0",
                "id": "ServiceNowUpdateIncident",
                "name": "ServiceNowUpdateIncident",
                "tags": [
                    "servicenow",
                    "servicenow v2"
                ],
                "toversion": ""
            },
            {
                "deprecated": false,
                "description": "This script is used to wrap the generic query-table command in ServiceNow.\nYou can add fields that you want to use as inputs and outputs from the record as script arguments or in the\ncode and work with the records easily.",
                "fromversion": "5.0.0",
                "id": "ServiceNowQueryIncident",
                "name": "ServiceNowQueryIncident",
                "tags": [
                    "servicenow",
                    "servicenow v2"
                ],
                "toversion": ""
            },
            {
                "deprecated": false,
                "description": "Troubleshot ServiceNow v2 integration by displaying health information of enabled instances and old and active incidents of disabled instances.",
                "fromversion": "6.1.0",
                "id": "ServiceNowTroubleshoot",
                "name": "ServiceNowTroubleshoot",
                "tags": [
                    "servicenow",
                    "servicenow v2"
                ],
                "toversion": ""
            },
            {
                "deprecated": false,
                "description": "populates the value of the ServiceNow Ticket State field and display it in a layout widget.\n",
                "fromversion": "6.0.0",
                "id": "ServiceNowIncidentStatus",
                "name": "ServiceNowIncidentStatus",
                "tags": [
                    "dynamic-section",
                    "python",
                    "servicenow v2"
                ],
                "toversion": ""
            },
            {
                "deprecated": false,
                "description": "Use this script to add a comment or work note to a ServiceNow ticket. To be run within the incident.",
                "fromversion": "6.8.0",
                "id": "ServiceNowAddComment",
                "name": "ServiceNowAddComment",
                "tags": [
                    "servicenow",
                    "servicenow v2"
                ],
                "toversion": ""
            },
            {
                "deprecated": false,
                "description": "This script is used to wrap the generic create-record command in ServiceNow.\nYou can add fields that you want to create the record with as script arguments or in the\ncode and work with the records easily.",
                "fromversion": "5.0.0",
                "id": "ServiceNowCreateIncident",
                "name": "ServiceNowCreateIncident",
                "tags": [
                    "servicenow",
                    "servicenow v2"
                ],
                "toversion": ""
            }
        ],
        "classifier": [
            {
                "deprecated": false,
                "description": "Classifies ServiceNow tickets.",
                "fromversion": "6.0.0",
                "id": "ServiceNow",
                "name": "ServiceNow Classifier",
                "toversion": ""
            },
            {
                "deprecated": false,
                "description": "Maps a User Profile data to a ServiceNow user data.",
                "fromversion": "6.0.0",
                "id": "User Profile - ServiceNow (Outgoing)",
                "name": "User Profile - ServiceNow (Outgoing)",
                "toversion": ""
            },
            {
                "deprecated": false,
                "description": "Maps outgoing ServiceNow incidents fields for ServiceNow create ticket and mirror playbook",
                "fromversion": "6.0.0",
                "id": "c650b1a2-8f36-4f97-8bea-2dc4eb478ef7",
                "name": "ServiceNow Create Ticket - Outgoing Mapper",
                "toversion": ""
            },
            {
                "deprecated": false,
                "description": "Maps a ServiceNow user data to a User Profile data.",
                "fromversion": "6.0.0",
                "id": "User Profile - ServiceNow (Incoming)",
                "name": "User Profile - ServiceNow (Incoming)",
                "toversion": ""
            },
            {
                "deprecated": false,
                "description": "Maps incoming ServiceNow incidents fields for ServiceNow create ticket and mirror playbook",
                "fromversion": "6.0.0",
                "id": "ce3458a0-89ee-4db2-8e13-6a74e5db029b",
                "name": "ServiceNow Create Ticket - Incoming Mapper",
                "toversion": ""
            },
            {
                "deprecated": false,
                "description": "Maps outgoing ServiceNow incident Fields.",
                "fromversion": "6.0.0",
                "id": "ServiceNow-outgoing-mapper",
                "name": "ServiceNow - Outgoing Mapper",
                "toversion": ""
            },
            {
                "deprecated": false,
                "description": "Maps incoming ServiceNow incidents fields.",
                "fromversion": "6.0.0",
                "id": "ServiceNow-incoming-mapper",
                "name": "ServiceNow - Incoming Mapper",
                "toversion": ""
            }
        ],
        "incidentfield": [
            {
                "deprecated": false,
                "description": "User who closed ServiceNow Incident",
                "fromversion": "5.0.0",
                "id": "incident_servicenowclosedby",
                "name": "ServiceNow Closed By",
                "toversion": "",
                "type": "shortText"
            },
            {
                "deprecated": false,
                "description": "The ticket closed date",
                "fromversion": "5.0.0",
                "id": "incident_servicenowcloseddate",
                "name": "ServiceNow Closed Date",
                "toversion": "",
                "type": "date"
            },
            {
                "deprecated": false,
                "description": "ServiceNow Severity",
                "fromversion": "5.0.0",
                "id": "incident_servicenowseverity",
                "name": "ServiceNow Severity",
                "toversion": "",
                "type": "singleSelect"
            },
            {
                "deprecated": false,
                "description": "Ticket assignee",
                "fromversion": "5.0.0",
                "id": "incident_servicenowassignedto",
                "name": "ServiceNow Assigned To",
                "toversion": "",
                "type": "shortText"
            },
            {
                "deprecated": false,
                "description": "ServiceNow Category",
                "fromversion": "5.0.0",
                "id": "incident_servicenowcategory",
                "name": "ServiceNow Category",
                "toversion": "",
                "type": "singleSelect"
            },
            {
                "deprecated": false,
                "description": "Ticket description",
                "fromversion": "5.0.0",
                "id": "incident_servicenowdescription",
                "name": "ServiceNow Description",
                "toversion": "",
                "type": "longText"
            },
            {
                "deprecated": false,
                "description": "ServiceNow Escalation",
                "fromversion": "5.0.0",
                "id": "incident_servicenowescalation",
                "name": "ServiceNow Escalation",
                "toversion": "",
                "type": "shortText"
            },
            {
                "deprecated": false,
                "description": "Resolution Code Of ServiceNow Ticket",
                "fromversion": "5.0.0",
                "id": "incident_servicenowresolutioncode",
                "name": "ServiceNow Resolution Code",
                "toversion": "",
                "type": "shortText"
            },
            {
                "deprecated": false,
                "description": "ServiceNow ticket Impact",
                "fromversion": "5.0.0",
                "id": "incident_servicenowimpact",
                "name": "ServiceNow Impact",
                "toversion": "",
                "type": "singleSelect"
            },
            {
                "deprecated": false,
                "description": "ServiceNow Due Date",
                "fromversion": "5.0.0",
                "id": "incident_servicenowduedate",
                "name": "ServiceNow Due Date",
                "toversion": "",
                "type": "date"
            },
            {
                "deprecated": false,
                "description": "ServiceNow ticket Business Impact",
                "fromversion": "6.0.0",
                "id": "incident_servicenowbusinessimpact",
                "name": "ServiceNow Business Impact",
                "toversion": "",
                "type": "singleSelect"
            },
            {
                "deprecated": false,
                "description": "ServiceNow Caller who opened the ticket.",
                "fromversion": "5.0.0",
                "id": "incident_servicenowcallerid",
                "name": "ServiceNow Caller ID",
                "toversion": "",
                "type": "shortText"
            },
            {
                "deprecated": false,
                "description": "ServiceNow Assignment Group",
                "fromversion": "5.0.0",
                "id": "incident_servicenowassignmentgroup",
                "name": "ServiceNow Assignment Group",
                "toversion": "",
                "type": "shortText"
            },
            {
                "deprecated": false,
                "description": "",
                "fromversion": "5.0.0",
                "id": "incident_servicenownotify",
                "name": "ServiceNow Notify",
                "toversion": "",
                "type": "singleSelect"
            },
            {
                "deprecated": false,
                "description": "ServiceNow Ticket Priority",
                "fromversion": "5.0.0",
                "id": "incident_servicenowpriority",
                "name": "ServiceNow Priority",
                "toversion": "",
                "type": "singleSelect"
            },
            {
                "deprecated": false,
                "description": "The SIR ticket state",
                "fromversion": "6.0.0",
                "id": "incident_servicenowsirstate",
                "name": "ServiceNow SIR State",
                "toversion": "",
                "type": "singleSelect"
            },
            {
                "deprecated": false,
                "description": "ServiceNow SIR Category",
                "fromversion": "6.0.0",
                "id": "incident_servicenowsircategory",
                "name": "ServiceNow SIR Category",
                "toversion": "",
                "type": "singleSelect"
            },
            {
                "deprecated": false,
                "description": "The ticket state",
                "fromversion": "5.0.0",
                "id": "incident_servicenowstate",
                "name": "ServiceNow State",
                "toversion": "",
                "type": "singleSelect"
            },
            {
                "deprecated": false,
                "description": "The ticket opened date",
                "fromversion": "5.0.0",
                "id": "incident_servicenowopeneddate",
                "name": "ServiceNow Opened Date",
                "toversion": "",
                "type": "date"
            },
            {
                "deprecated": false,
                "description": "ServiceNow Caller who opened the ticket.",
                "fromversion": "5.0.0",
                "id": "incident_servicenowcaller",
                "name": "ServiceNow Caller",
                "toversion": "",
                "type": "shortText"
            },
            {
                "deprecated": false,
                "description": "ServiceNow Resolution Notes",
                "fromversion": "5.0.0",
                "id": "incident_servicenowresolutionnotes",
                "name": "ServiceNow Resolution Notes",
                "toversion": "",
                "type": "shortText"
            },
            {
                "deprecated": false,
                "description": "ServiceNow ticket urgency.",
                "fromversion": "5.0.0",
                "id": "incident_servicenowurgency",
                "name": "ServiceNow Urgency",
                "toversion": "",
                "type": "singleSelect"
            },
            {
                "deprecated": false,
                "description": "",
                "fromversion": "5.5.0",
                "id": "incident_servicenowticketid",
                "name": "ServiceNow Ticket ID",
                "toversion": "",
                "type": "shortText"
            },
            {
                "deprecated": false,
                "description": "ServiceNow Ticket Number",
                "fromversion": "5.0.0",
                "id": "incident_servicenowticketnumber",
                "name": "ServiceNow Ticket Number",
                "toversion": "",
                "type": "shortText"
            },
            {
                "deprecated": false,
                "description": "",
                "fromversion": "6.0.0",
                "id": "incident_servicenowattackvector",
                "name": "ServiceNow Attack Vector",
                "toversion": "",
                "type": "shortText"
            },
            {
                "deprecated": false,
                "description": "The ticket resolved time",
                "fromversion": "5.0.0",
                "id": "incident_servicenowresolvedtime",
                "name": "ServiceNow Resolved Time",
                "toversion": "",
                "type": "date"
            }
        ],
        "incidenttype": [
            {
                "closureScript": "",
                "days": 0,
                "deprecated": false,
                "description": "",
                "fromversion": "6.0.0",
                "hours": 0,
                "id": "ServiceNow Create Ticket and Mirror",
                "name": "ServiceNow Create Ticket and Mirror",
                "playbook": "",
                "toversion": "",
                "weeks": 0
            },
            {
                "closureScript": "",
                "days": 0,
                "deprecated": false,
                "description": "",
                "fromversion": "6.0.0",
                "hours": 0,
                "id": "ServiceNow SIR Incident",
                "name": "ServiceNow SIR Incident",
                "playbook": "",
                "toversion": "",
                "weeks": 0
            },
            {
                "closureScript": "",
                "days": 0,
                "deprecated": false,
                "description": "",
                "fromversion": "5.0.0",
                "hours": 0,
                "id": "ServiceNow Ticket",
                "name": "ServiceNow Ticket",
                "playbook": "",
                "toversion": "",
                "weeks": 0
            }
        ],
        "integration": [
            {
                "category": "IT Services",
                "commands": [
                    {
                        "compliantpolicies": [],
                        "deprecated": false,
                        "description": "Query records for a CMDB class.",
                        "hidden": false,
                        "name": "servicenow-cmdb-records-list",
                        "quickaction": false,
                        "source_repo": "content"
                    },
                    {
                        "compliantpolicies": [],
                        "deprecated": false,
                        "description": "Query attributes and relationship information for a specific record.",
                        "hidden": false,
                        "name": "servicenow-cmdb-record-get-by-id",
                        "quickaction": false,
                        "source_repo": "content"
                    },
                    {
                        "compliantpolicies": [],
                        "deprecated": false,
                        "description": "Create a record with associated relations and attributes.",
                        "hidden": false,
                        "name": "servicenow-cmdb-record-create",
                        "quickaction": false,
                        "source_repo": "content"
                    },
                    {
                        "compliantpolicies": [],
                        "deprecated": false,
                        "description": "Update a record with the given attributes.",
                        "hidden": false,
                        "name": "servicenow-cmdb-record-update",
                        "quickaction": false,
                        "source_repo": "content"
                    },
                    {
                        "compliantpolicies": [],
                        "deprecated": false,
                        "description": "Add a new relation to an existing record.",
                        "hidden": false,
                        "name": "servicenow-cmdb-record-add-relations",
                        "quickaction": false,
                        "source_repo": "content"
                    },
                    {
                        "compliantpolicies": [],
                        "deprecated": false,
                        "description": "Delete a relation of an existing record.",
                        "hidden": false,
                        "name": "servicenow-cmdb-record-delete-relations",
                        "quickaction": false,
                        "source_repo": "content"
                    },
                    {
                        "compliantpolicies": [],
                        "deprecated": false,
                        "description": "This function should be used once before running any command when using OAuth authorization.",
                        "hidden": false,
                        "name": "servicenow-cmdb-oauth-login",
                        "quickaction": false,
                        "source_repo": "content"
                    },
                    {
                        "compliantpolicies": [],
                        "deprecated": false,
                        "description": "Test the instance configuration when using OAuth authorization.",
                        "hidden": false,
                        "name": "servicenow-cmdb-oauth-test",
                        "quickaction": false,
                        "source_repo": "content"
                    }
                ],
                "deprecated": false,
                "description": "ServiceNow CMDB is a service‑centric foundation that proactively analyzes service‑impacting changes, identifies issues, and eliminates outages.",
                "fromversion": "5.0.0",
                "id": "ServiceNow CMDB",
                "isfetch": false,
                "isfetchassets": false,
                "isfetchevents": false,
                "name": "ServiceNow CMDB",
                "toversion": ""
            },
            {
                "category": "Case Management",
                "commands": [
                    {
                        "compliantpolicies": [],
                        "deprecated": false,
                        "description": "Retrieves ticket information by ticket ID.",
                        "hidden": false,
                        "name": "servicenow-get-ticket",
                        "quickaction": false,
                        "source_repo": "content"
                    },
                    {
                        "compliantpolicies": [],
                        "deprecated": false,
                        "description": "Creates new ServiceNow ticket.",
                        "hidden": false,
                        "name": "servicenow-create-ticket",
                        "quickaction": false,
                        "source_repo": "content"
                    },
                    {
                        "compliantpolicies": [],
                        "deprecated": false,
                        "description": "Updates the specified ticket.",
                        "hidden": false,
                        "name": "servicenow-update-ticket",
                        "quickaction": false,
                        "source_repo": "content"
                    },
                    {
                        "compliantpolicies": [],
                        "deprecated": false,
                        "description": "Deletes a ticket from ServiceNow.",
                        "hidden": false,
                        "name": "servicenow-delete-ticket",
                        "quickaction": false,
                        "source_repo": "content"
                    },
                    {
                        "compliantpolicies": [],
                        "deprecated": false,
                        "description": "Delete an attachment from a ticket.",
                        "hidden": false,
                        "name": "servicenow-delete-file",
                        "quickaction": false,
                        "source_repo": "content"
                    },
                    {
                        "compliantpolicies": [],
                        "deprecated": false,
                        "description": "Retrieves ticket information according to the supplied query.",
                        "hidden": false,
                        "name": "servicenow-query-tickets",
                        "quickaction": false,
                        "source_repo": "content"
                    },
                    {
                        "compliantpolicies": [],
                        "deprecated": false,
                        "description": "Adds a link to the specified ticket.",
                        "hidden": false,
                        "name": "servicenow-add-link",
                        "quickaction": false,
                        "source_repo": "content"
                    },
                    {
                        "compliantpolicies": [],
                        "deprecated": false,
                        "description": "Adds a comment to the specified ticket, by ticket ID.",
                        "hidden": false,
                        "name": "servicenow-add-comment",
                        "quickaction": false,
                        "source_repo": "content"
                    },
                    {
                        "compliantpolicies": [],
                        "deprecated": false,
                        "description": "Uploads a file to the specified ticket.",
                        "hidden": false,
                        "name": "servicenow-upload-file",
                        "quickaction": false,
                        "source_repo": "content"
                    },
                    {
                        "compliantpolicies": [],
                        "deprecated": false,
                        "description": "Retrieves record information, by record ID.",
                        "hidden": false,
                        "name": "servicenow-get-record",
                        "quickaction": false,
                        "source_repo": "content"
                    },
                    {
                        "compliantpolicies": [],
                        "deprecated": false,
                        "description": "Queries the specified table in ServiceNow.",
                        "hidden": false,
                        "name": "servicenow-query-table",
                        "quickaction": false,
                        "source_repo": "content"
                    },
                    {
                        "compliantpolicies": [],
                        "deprecated": false,
                        "description": "Creates a new record in the specified ServiceNow table.",
                        "hidden": false,
                        "name": "servicenow-create-record",
                        "quickaction": false,
                        "source_repo": "content"
                    },
                    {
                        "compliantpolicies": [],
                        "deprecated": false,
                        "description": "Updates a record in the specified ServiceNow table.",
                        "hidden": false,
                        "name": "servicenow-update-record",
                        "quickaction": false,
                        "source_repo": "content"
                    },
                    {
                        "compliantpolicies": [],
                        "deprecated": false,
                        "description": "Deletes a record in the specified ServiceNow table.",
                        "hidden": false,
                        "name": "servicenow-delete-record",
                        "quickaction": false,
                        "source_repo": "content"
                    },
                    {
                        "compliantpolicies": [],
                        "deprecated": false,
                        "description": "Lists API fields for the specified ServiceNow table.",
                        "hidden": false,
                        "name": "servicenow-list-table-fields",
                        "quickaction": false,
                        "source_repo": "content"
                    },
                    {
                        "compliantpolicies": [],
                        "deprecated": false,
                        "description": "Queries the cmdb_ci_computer table in ServiceNow.",
                        "hidden": false,
                        "name": "servicenow-query-computers",
                        "quickaction": false,
                        "source_repo": "content"
                    },
                    {
                        "compliantpolicies": [],
                        "deprecated": false,
                        "description": "Queries the sys_user_group table in ServiceNow.",
                        "hidden": false,
                        "name": "servicenow-query-groups",
                        "quickaction": false,
                        "source_repo": "content"
                    },
                    {
                        "compliantpolicies": [],
                        "deprecated": false,
                        "description": "Queries the sys_user table in ServiceNow.",
                        "hidden": false,
                        "name": "servicenow-query-users",
                        "quickaction": false,
                        "source_repo": "content"
                    },
                    {
                        "compliantpolicies": [],
                        "deprecated": false,
                        "description": "Gets table names by a label to use in commands.",
                        "hidden": false,
                        "name": "servicenow-get-table-name",
                        "quickaction": false,
                        "source_repo": "content"
                    },
                    {
                        "compliantpolicies": [],
                        "deprecated": false,
                        "description": "Gets notes from the specified ServiceNow ticket. Notes can be retrieved either by granting \"Read permissions\" for the sys_journal_field table, or by setting the `use_display_value` parameter to true.",
                        "hidden": false,
                        "name": "servicenow-get-ticket-notes",
                        "quickaction": false,
                        "source_repo": "content"
                    },
                    {
                        "compliantpolicies": [],
                        "deprecated": false,
                        "description": "Adds a tag to a ticket. The added tag entry will be visible in the label_entry table and can be retrieved using the \"!servicenow-query-table table_name=label_entry fields=title,table,sys_id,id_display,id_type\" command.",
                        "hidden": false,
                        "name": "servicenow-add-tag",
                        "quickaction": false,
                        "source_repo": "content"
                    },
                    {
                        "compliantpolicies": [],
                        "deprecated": false,
                        "description": "Queries the sc_cat_item table in ServiceNow.",
                        "hidden": false,
                        "name": "servicenow-query-items",
                        "quickaction": false,
                        "source_repo": "content"
                    },
                    {
                        "compliantpolicies": [],
                        "deprecated": false,
                        "description": "Retrieves item details by system ID.",
                        "hidden": false,
                        "name": "servicenow-get-item-details",
                        "quickaction": false,
                        "source_repo": "content"
                    },
                    {
                        "compliantpolicies": [],
                        "deprecated": false,
                        "description": "Orders the specified catalog item.",
                        "hidden": false,
                        "name": "servicenow-create-item-order",
                        "quickaction": false,
                        "source_repo": "content"
                    },
                    {
                        "compliantpolicies": [],
                        "deprecated": false,
                        "description": "Documents a route to a queue. Requires an installation of the Advanced Work Assignments plugin. An active queue and service channel to the designated table.",
                        "hidden": false,
                        "name": "servicenow-document-route-to-queue",
                        "quickaction": false,
                        "source_repo": "content"
                    },
                    {
                        "compliantpolicies": [],
                        "deprecated": false,
                        "description": "Returns the list of fields for an incident type.",
                        "hidden": false,
                        "name": "get-mapping-fields",
                        "quickaction": false,
                        "source_repo": "content"
                    },
                    {
                        "compliantpolicies": [],
                        "deprecated": false,
                        "description": "Get remote data from a remote incident. This method does not update the current incident, and should be used for debugging purposes.",
                        "hidden": false,
                        "name": "get-remote-data",
                        "quickaction": false,
                        "source_repo": "content"
                    },
                    {
                        "compliantpolicies": [],
                        "deprecated": false,
                        "description": "Get remote data preview from a remote incident. This method does not update the current incident, and is used to preview the ticket which would be updated.",
                        "hidden": false,
                        "name": "get-remote-data-preview",
                        "quickaction": false,
                        "source_repo": "content"
                    },
                    {
                        "compliantpolicies": [],
                        "deprecated": false,
                        "description": "This function should be used once before running any command when using OAuth2 authentication.",
                        "hidden": false,
                        "name": "servicenow-oauth-login",
                        "quickaction": false,
                        "source_repo": "content"
                    },
                    {
                        "compliantpolicies": [],
                        "deprecated": false,
                        "description": "Test the instance configuration when using OAuth2 authentication.",
                        "hidden": false,
                        "name": "servicenow-oauth-test",
                        "quickaction": false,
                        "source_repo": "content"
                    },
                    {
                        "compliantpolicies": [],
                        "deprecated": false,
                        "description": "Gets the list of incidents that were modified since the last update time. Note that this method is here for debugging purposes. The get-modified-remote-data command is used as part of a Mirroring feature, which is available from version 6.1.",
                        "hidden": false,
                        "name": "get-modified-remote-data",
                        "quickaction": false,
                        "source_repo": "content"
                    },
                    {
                        "compliantpolicies": [],
                        "deprecated": false,
                        "description": "Create a change request from a template.",
                        "hidden": false,
                        "name": "servicenow-create-co-from-template",
                        "quickaction": false,
                        "source_repo": "content"
                    },
                    {
                        "compliantpolicies": [],
                        "deprecated": false,
                        "description": "gets the tasks associated to change request.",
                        "hidden": false,
                        "name": "servicenow-get-tasks-for-co",
                        "quickaction": false,
                        "source_repo": "content"
                    },
                    {
                        "compliantpolicies": [],
                        "deprecated": false,
                        "description": "Generic call to ServiceNow api.",
                        "hidden": false,
                        "name": "servicenow-generic-api-call",
                        "quickaction": false,
                        "source_repo": "content"
                    },
                    {
                        "compliantpolicies": [],
                        "deprecated": false,
                        "description": "Retrieves attachments from a ticket.",
                        "hidden": false,
                        "name": "servicenow-get-ticket-attachments",
                        "quickaction": false,
                        "source_repo": "content"
                    }
                ],
                "deprecated": false,
                "description": "Use The ServiceNow IT Service Management (ITSM) solution to modernize the way you manage and deliver services to your users.",
                "fromversion": "5.0.0",
                "id": "ServiceNow v2",
                "isfetch": true,
                "isfetchassets": false,
                "isfetchevents": false,
                "name": "ServiceNow v2",
                "toversion": ""
            },
            {
                "category": "Identity and Access Management",
                "commands": [
                    {
                        "compliantpolicies": [],
                        "deprecated": false,
                        "description": "Creates a user in ServiceNow.",
                        "hidden": false,
                        "name": "iam-create-user",
                        "quickaction": false,
                        "source_repo": "content"
                    },
                    {
                        "compliantpolicies": [
                            "User Hard Remediation"
                        ],
                        "deprecated": false,
                        "description": "Updates an existing user with the data passed in the user-profile argument.",
                        "hidden": false,
                        "name": "iam-update-user",
                        "quickaction": false,
                        "source_repo": "content"
                    },
                    {
                        "compliantpolicies": [],
                        "deprecated": false,
                        "description": "Retrieves a single user resource.",
                        "hidden": false,
                        "name": "iam-get-user",
                        "quickaction": false,
                        "source_repo": "content"
                    },
                    {
                        "compliantpolicies": [
                            "User Hard Remediation"
                        ],
                        "deprecated": false,
                        "description": "Disable an active user.",
                        "hidden": false,
                        "name": "iam-disable-user",
                        "quickaction": false,
                        "source_repo": "content"
                    },
                    {
                        "compliantpolicies": [],
                        "deprecated": false,
                        "description": "Retrieves a User Profile schema, which holds all of the user fields within the application. Used for outgoing-mapping through the Get Schema option.",
                        "hidden": false,
                        "name": "get-mapping-fields",
                        "quickaction": false,
                        "source_repo": "content"
                    }
                ],
                "deprecated": false,
                "description": "Integrate with ServiceNow's services to execute CRUD operations for employee lifecycle processes.",
                "fromversion": "6.0.0",
                "id": "ServiceNow IAM",
                "isfetch": false,
                "isfetchassets": false,
                "isfetchevents": false,
                "name": "ServiceNow IAM",
                "toversion": ""
            },
            {
                "category": "Case Management",
                "commands": [
                    {
                        "compliantpolicies": [],
                        "deprecated": true,
                        "description": "Retrieve ticket information by specific ticket ID",
                        "hidden": false,
                        "name": "servicenow-get-ticket",
                        "quickaction": false,
                        "source_repo": "content"
                    },
                    {
                        "compliantpolicies": [],
                        "deprecated": true,
                        "description": "Deprecated. Use servicenow-get-ticket or servicenow-get-record instead",
                        "hidden": false,
                        "name": "servicenow-get",
                        "quickaction": false,
                        "source_repo": "content"
                    },
                    {
                        "compliantpolicies": [],
                        "deprecated": true,
                        "description": "Create new ServiceNow ticket",
                        "hidden": false,
                        "name": "servicenow-create-ticket",
                        "quickaction": false,
                        "source_repo": "content"
                    },
                    {
                        "compliantpolicies": [],
                        "deprecated": true,
                        "description": "Deprecated. Use servicenow-create-ticket or servicenow-create-record instead",
                        "hidden": false,
                        "name": "servicenow-create",
                        "quickaction": false,
                        "source_repo": "content"
                    },
                    {
                        "compliantpolicies": [],
                        "deprecated": true,
                        "description": "Create a new ServiceNow ticket",
                        "hidden": false,
                        "name": "servicenow-incident-create",
                        "quickaction": false,
                        "source_repo": "content"
                    },
                    {
                        "compliantpolicies": [],
                        "deprecated": true,
                        "description": "Update specific ticket",
                        "hidden": false,
                        "name": "servicenow-update-ticket",
                        "quickaction": false,
                        "source_repo": "content"
                    },
                    {
                        "compliantpolicies": [],
                        "deprecated": true,
                        "description": "Deprecated. Use servicenow-update-ticket or servicenow-update-record instead",
                        "hidden": false,
                        "name": "servicenow-update",
                        "quickaction": false,
                        "source_repo": "content"
                    },
                    {
                        "compliantpolicies": [],
                        "deprecated": true,
                        "description": "Deprecated. Use servicenow-update-ticket or servicenow-update-record instead",
                        "hidden": false,
                        "name": "servicenow-incident-update",
                        "quickaction": false,
                        "source_repo": "content"
                    },
                    {
                        "compliantpolicies": [],
                        "deprecated": true,
                        "description": "Delete a ticket from ServiceNow",
                        "hidden": false,
                        "name": "servicenow-delete-ticket",
                        "quickaction": false,
                        "source_repo": "content"
                    },
                    {
                        "compliantpolicies": [],
                        "deprecated": true,
                        "description": "Add a link to specific ticket",
                        "hidden": false,
                        "name": "servicenow-add-link",
                        "quickaction": false,
                        "source_repo": "content"
                    },
                    {
                        "compliantpolicies": [],
                        "deprecated": true,
                        "description": "Deprecated. Use servicenow-add-link instead.",
                        "hidden": false,
                        "name": "servicenow-incident-add-link",
                        "quickaction": false,
                        "source_repo": "content"
                    },
                    {
                        "compliantpolicies": [],
                        "deprecated": true,
                        "description": "Add comment to specific ticket by providing ticket id",
                        "hidden": false,
                        "name": "servicenow-add-comment",
                        "quickaction": false,
                        "source_repo": "content"
                    },
                    {
                        "compliantpolicies": [],
                        "deprecated": true,
                        "description": "Deprecated. Use servicenow-add-comment instead.",
                        "hidden": false,
                        "name": "servicenow-incident-add-comment",
                        "quickaction": false,
                        "source_repo": "content"
                    },
                    {
                        "compliantpolicies": [],
                        "deprecated": true,
                        "description": "Retrieve ticket info with a query",
                        "hidden": false,
                        "name": "servicenow-query-tickets",
                        "quickaction": false,
                        "source_repo": "content"
                    },
                    {
                        "compliantpolicies": [],
                        "deprecated": true,
                        "description": "Deprecated. Use servicenow-query-table or servicenow-query-tickets instead.",
                        "hidden": false,
                        "name": "servicenow-query",
                        "quickaction": false,
                        "source_repo": "content"
                    },
                    {
                        "compliantpolicies": [],
                        "deprecated": true,
                        "description": "Deprecated. Use servicenow-query-table or servicenow-query-tickets instead.",
                        "hidden": false,
                        "name": "servicenow-incidents-query",
                        "quickaction": false,
                        "source_repo": "content"
                    },
                    {
                        "compliantpolicies": [],
                        "deprecated": true,
                        "description": "Upload a file to a specific ticket",
                        "hidden": false,
                        "name": "servicenow-upload-file",
                        "quickaction": false,
                        "source_repo": "content"
                    },
                    {
                        "compliantpolicies": [],
                        "deprecated": true,
                        "description": "Deprecated. Use servicenow-upload-file instead.",
                        "hidden": false,
                        "name": "servicenow-incident-upload-file",
                        "quickaction": false,
                        "source_repo": "content"
                    },
                    {
                        "compliantpolicies": [],
                        "deprecated": true,
                        "description": "Deprecated. Use servicenow-query-groups instead.",
                        "hidden": false,
                        "name": "servicenow-get-groups",
                        "quickaction": false,
                        "source_repo": "content"
                    },
                    {
                        "compliantpolicies": [],
                        "deprecated": true,
                        "description": "Deprecated. Use servicenow-query-computers instead.",
                        "hidden": false,
                        "name": "servicenow-get-computer",
                        "quickaction": false,
                        "source_repo": "content"
                    },
                    {
                        "compliantpolicies": [],
                        "deprecated": true,
                        "description": "Retrieve record information by specific record ID",
                        "hidden": false,
                        "name": "servicenow-get-record",
                        "quickaction": false,
                        "source_repo": "content"
                    },
                    {
                        "compliantpolicies": [],
                        "deprecated": true,
                        "description": "Query a specified table in ServiceNow",
                        "hidden": false,
                        "name": "servicenow-query-table",
                        "quickaction": false,
                        "source_repo": "content"
                    },
                    {
                        "compliantpolicies": [],
                        "deprecated": true,
                        "description": "Create a new record in a specified ServiceNow table",
                        "hidden": false,
                        "name": "servicenow-create-record",
                        "quickaction": false,
                        "source_repo": "content"
                    },
                    {
                        "compliantpolicies": [],
                        "deprecated": true,
                        "description": "Update a record in a specified ServiceNow table",
                        "hidden": false,
                        "name": "servicenow-update-record",
                        "quickaction": false,
                        "source_repo": "content"
                    },
                    {
                        "compliantpolicies": [],
                        "deprecated": true,
                        "description": "Delete a record in a specified ServiceNow table",
                        "hidden": false,
                        "name": "servicenow-delete-record",
                        "quickaction": false,
                        "source_repo": "content"
                    },
                    {
                        "compliantpolicies": [],
                        "deprecated": true,
                        "description": "List API fields for a specified ServiceNow table",
                        "hidden": false,
                        "name": "servicenow-list-table-fields",
                        "quickaction": false,
                        "source_repo": "content"
                    },
                    {
                        "compliantpolicies": [],
                        "deprecated": true,
                        "description": "Query the cmdb_ci_computer table in ServiceNow",
                        "hidden": false,
                        "name": "servicenow-query-computers",
                        "quickaction": false,
                        "source_repo": "content"
                    },
                    {
                        "compliantpolicies": [],
                        "deprecated": true,
                        "description": "Query the sys_user_group table in ServiceNow",
                        "hidden": false,
                        "name": "servicenow-query-groups",
                        "quickaction": false,
                        "source_repo": "content"
                    },
                    {
                        "compliantpolicies": [],
                        "deprecated": true,
                        "description": "Query the sys_user table in ServiceNow",
                        "hidden": false,
                        "name": "servicenow-query-users",
                        "quickaction": false,
                        "source_repo": "content"
                    },
                    {
                        "compliantpolicies": [],
                        "deprecated": true,
                        "description": "Get table names by a label to use in commands",
                        "hidden": false,
                        "name": "servicenow-get-table-name",
                        "quickaction": false,
                        "source_repo": "content"
                    },
                    {
                        "compliantpolicies": [],
                        "deprecated": true,
                        "description": "Get notes from the specified ServiceNow ticket - Read permissions are required for the sys_journal_field table.",
                        "hidden": false,
                        "name": "servicenow-get-ticket-notes",
                        "quickaction": false,
                        "source_repo": "content"
                    }
                ],
                "deprecated": true,
                "description": "Deprecated. Use the ServiceNow v2 integration instead.",
                "fromversion": "5.0.0",
                "id": "ServiceNow",
                "isfetch": true,
                "isfetchassets": false,
                "isfetchevents": false,
                "name": "ServiceNow (Deprecated)",
                "toversion": ""
            }
        ],
        "layoutscontainer": [
            {
                "deprecated": false,
                "description": "",
                "fromversion": "6.0.0",
                "group": "incident",
                "id": "ServiceNow Create Ticket and Mirror",
                "name": "ServiceNow Create Ticket and Mirror",
                "toversion": ""
            },
            {
                "deprecated": false,
                "description": "",
                "fromversion": "6.0.0",
                "group": "incident",
                "id": "ServiceNow SIR Incident",
                "name": "ServiceNow SIR Incident",
                "toversion": ""
            },
            {
                "deprecated": false,
                "description": "",
                "fromversion": "6.0.0",
                "group": "incident",
                "id": "ServiceNow Ticket",
                "name": "ServiceNow Ticket",
                "toversion": ""
            }
        ],
        "playbook": [
            {
                "deprecated": false,
                "description": "Create ServiceNow Ticket allows you to open new tickets as a task from a parent playbook.\nWhen creating the ticket, you can decide to update based on on the ticket's state, which will wait for the ticket to resolve or close with StatePolling. \nAlternatively, you can select to mirror the ServiceNow ticket and incident fields. To apply either of these options, set the SyncTicket value in the playbook inputs to one of the following options: \n1. StatePolling\n2. Mirror\n3. Leave Blank to use none.",
                "fromversion": "6.0.0",
                "id": "Create ServiceNow Ticket",
                "name": "Create ServiceNow Ticket",
                "tags": [],
                "toversion": ""
            },
            {
                "deprecated": false,
                "description": "Mirror ServiceNow Ticket is designed to serve as a sub-playbook, which enables ticket mirroring with ServiceNow.\nIt enables you to manage ServiceNow tickets in Cortex xSOAR while data is continuously synced between ServiceNow and Cortex xSOAR, including ServiceNow schema, fields, comments, work notes, and attachments.\n\nTo enable OOTB mirroring, use the ServiceNow Create ticket - common mappers for incoming and outgoing mirroring.\n\nFieldPolling - You can the FieldPolling value to true if you only want to be informed when the ticket is resolved or closed. If FieldPolling is set to true, the FieldPolling Playbook will poll for the state(ServiceNow State field) of the ServiceNow ticket until it marks as either resolved or closed.\n\nIn Addition to the playbook, we recommend that you use the included layout for ServiceNow Ticket, which helps visualize ServiceNow ticket information in Cortex xSOAR.\nYou can add the new layout as a tab to existing layouts using the Edit Layout page.",
                "fromversion": "6.0.0",
                "id": "Mirror ServiceNow Ticket",
                "name": "Mirror ServiceNow Ticket",
                "tags": [],
                "toversion": ""
            },
            {
                "deprecated": false,
                "description": "Subplaybook for finding CI records in ServiceNow CMDB.\n",
                "fromversion": "6.0.0",
                "id": "ServiceNow CMDB Search",
                "name": "ServiceNow CMDB Search",
                "tags": [],
                "toversion": ""
            },
            {
                "deprecated": false,
                "description": "Use ServiceNow Incident State Polling as a sub-playbook when required to pause the execution of a master playbook until the ServiceNow ticket state is either resolved or closed.\nThis playbook implements polling by continuously running the servicenow-get-ticket command until the state is either resolved or closed.",
                "fromversion": "6.0.0",
                "id": "ServiceNow Ticket State Polling",
                "name": "ServiceNow Ticket State Polling",
                "tags": [],
                "toversion": ""
            },
            {
                "deprecated": false,
                "description": "`ServiceNow - Ticket Management` allows you to open a new ticket or comment on an existing ticket.",
                "fromversion": "6.8.0",
                "id": "ServiceNow - Ticket Management",
                "name": "ServiceNow - Ticket Management",
                "tags": [],
                "toversion": ""
            }
        ]
    },
    "contributors": [
        "Torbjørn Lium"
    ],
    "created": "2020-03-10T10:21:03Z",
    "currentVersion": "2.8.10",
    "defaultDataSource": null,
    "dependencies": {},
    "deprecated": false,
    "description": "Use The ServiceNow IT Service Management (ITSM) solution to modernize the way you manage and deliver services to your users.",
    "display_name": "ServiceNow",
    "downloads": 0,
    "eulaLink": "https://github.com/demisto/content/blob/master/LICENSE",
    "excludedDependencies": [],
    "git_sha": null,
    "git_status": null,
    "hidden": false,
    "hybrid": false,
    "id": "ServiceNow",
    "integrations": [],
    "keywords": [
        "ServiceNow",
        "Service Now",
        "snow"
    ],
    "legacy": true,
    "marketplaces": [
        "marketplacev2",
        "platform",
        "xpanse",
        "xsoar",
        "xsoar_saas"
    ],
    "modules": [],
    "name": "ServiceNow",
    "old_base_content_object": null,
    "price": 0,
    "searchRank": 0,
    "serverMinVersion": "6.0.0",
    "source_repo": "content",
    "support": "xsoar",
    "supportDetails": {
        "url": "https://www.paloaltonetworks.com/cortex"
    },
    "supportedModules": [
        "C1",
        "C3",
        "X0",
        "X1",
        "X3",
        "X5",
        "ENT_PLUS",
        "asm",
        "exposure_management",
        "agentix"
    ],
    "tags": [
        "Incident Handling",
        "IT",
        "Collection",
        "Security"
    ],
    "updated": "2025-10-16T16:21:45Z",
    "useCases": [],
    "versionInfo": "",
    "videos": []
}