{
    "name": "ServiceNow",
    "description": "Use The ServiceNow IT Service Management (ITSM) solution to modernize the way you manage and deliver services to your users.",
    "support": "xsoar",
    "currentVersion": "2.8.10",
    "author": "Cortex XSOAR",
    "url": "https://www.paloaltonetworks.com/cortex",
    "email": "",
    "created": "2020-03-10T10:21:03Z",
    "categories": [
        "Case Management"
    ],
    "tags": [
        "IT",
        "Security",
        "Incident Handling"
    ],
    "useCases": [],
    "keywords": [
        "ServiceNow",
        "Service Now",
        "snow"
    ],
    "marketplaces": [
        "xsoar",
        "marketplacev2",
        "xpanse",
        "platform"
    ],
    "defaultDataSource": "ServiceNow v2",
    "supportedModules": [
        "C1",
        "C3",
        "X0",
        "X1",
        "X3",
        "X5",
        "ENT_PLUS",
        "asm",
        "exposure_management",
        "agentix"
    ]
}